text_id,word,prev_word,next_word,prefix,suffix,BIO,POS,head,head_id,deprel
777,Dis,<START>,Manibus,Dis,Dis,O,NOUN,Manibus,2,case
777,Manibus,Dis,Marco,Man,bus,O,PROPN,militavit,9,obl
777,Marco,Manibus,Ulpio,Mar,rco,B-PERS:PRAE,PROPN,militavit,9,obl:arg
777,Ulpio,Marco,Viatori,Ulp,pio,B-PERS:NOMEN,PROPN,Marco,3,flat:name
777,Viatori,Ulpio,equiti,Via,ori,B-PERS:COG,PROPN,Marco,3,flat:name
777,equiti,Viatori,singulari,equ,iti,O,NOUN,Marco,3,appos
777,singulari,equiti,Augusti,sin,ari,O,ADJ,Marco,3,amod
777,Augusti,singulari,militavit,Aug,sti,O,PROPN,libertus,18,nmod
777,militavit,Augusti,annos,mil,vit,O,VERB,militavit,9,ROOT
777,annos,militavit,VI,ann,nos,O,NOUN,vixit,12,obj
777,VI,annos,vixit,VI,VI,O,NUM,annos,10,nummod
777,vixit,VI,annos,vix,xit,O,VERB,militavit,9,conj
777,annos,vixit,XXII,ann,nos,O,NOUN,vixit,12,obj
777,XXII,annos,Marcus,XXI,XII,O,NUM,annos,13,nummod
777,Marcus,XXII,Ulpius,Mar,cus,B-PERS:PRAE,PROPN,fecit,22,nsubj
777,Ulpius,Marcus,Augusti,Ulp,ius,B-PERS:NOMEN,PROPN,Marcus,15,flat:name
777,Augusti,Ulpius,libertus,Aug,sti,B-PERS:FILI,PROPN,libertus,18,nmod
777,libertus,Augusti,Dorus,lib,tus,I-PERS:FILI,NOUN,Marcus,15,appos
777,Dorus,libertus,fratri,Dor,rus,B-PERS:COG,PROPN,Marcus,15,appos
777,fratri,Dorus,pientissimo,fra,tri,I-PERS,NOUN,fecit,22,obl:arg
777,pientissimo,fratri,fecit,pie,imo,O,ADJ,fratri,20,amod
777,fecit,pientissimo,<END>,fec,cit,O,VERB,militavit,9,conj
508,Iovi,<START>,Optimo,Iov,ovi,O,PROPN,libentes,17,obl:arg
508,Optimo,Iovi,Maximo,Opt,imo,O,ADJ,Iovi,1,amod
508,Maximo,Optimo,Titus,Max,imo,O,PROPN,Iovi,1,flat:name
508,Titus,Maximo,Flavius,Tit,tus,B-PERS:PRAE,PROPN,Iovi,1,flat
508,Flavius,Titus,Augusti,Fla,ius,B-PERS:NOMEN,PROPN,Titus,4,flat:name
508,Augusti,Flavius,libertus,Aug,sti,B-PERS:FILI,PROPN,liberta,15,nmod
508,libertus,Augusti,Alypus,lib,tus,I-PERS:FILI,NOUN,Titus,4,appos
508,Alypus,libertus,XLquadragesimae,Aly,pus,I-PERS,PROPN,Iovi,1,appos
508,XLquadragesimae,Alypus,Galli,XLq,mae,O,ADJ,Galli,10,amod
508,Galli,XLquadragesimae,carum,Gal,lli,B-PERS,PROPN,Iovi,1,conj
508,carum,Galli,et,car,rum,O,ADJ,Iovi,1,appos
508,et,carum,Claudia,et,et,O,CCONJ,Claudia,13,cc
508,Claudia,et,Augusti,Cla,dia,B-PERS:NOMEN,PROPN,carum,11,conj
508,Augusti,Claudia,liberta,Aug,sti,B-PERS:FILI,PROPN,liberta,15,nmod
508,liberta,Augusti,Alexandria,lib,rta,I-PERS:FILI,NOUN,Claudia,13,appos
508,Alexandria,liberta,libentes,Ale,ria,B-PERS:COG,PROPN,carum,11,orphan
508,libentes,Alexandria,merito,lib,tes,O,ADJ,libentes,17,ROOT
508,merito,libentes,<END>,mer,ito,O,VERB,libentes,17,obl
896,Dis,<START>,Manibus,Dis,Dis,O,NOUN,Manibus,2,case
896,Manibus,Dis,Caio,Man,bus,O,PROPN,fecit,10,obl
896,Caio,Manibus,Pomponio,Cai,aio,B-PERS:PRAE,PROPN,Manibus,2,flat
896,Pomponio,Caio,Pothino,Pom,nio,B-PERS:NOMEN,PROPN,Caio,3,flat:name
896,Pothino,Pomponio,patri,Pot,ino,B-PERS:COG,PROPN,Caio,3,flat:name
896,patri,Pothino,Caius,pat,tri,O,NOUN,Caio,3,appos
896,Caius,patri,Pomponius,Cai,ius,B-PERS:PRAE,PROPN,Caius,7,conj
896,Pomponius,Caius,Genialis,Pom,ius,B-PERS:NOMEN,PROPN,Caius,12,flat:name
896,Genialis,Pomponius,fecit,Gen,lis,B-PERS:COG,ADJ,Caius,7,appos
896,fecit,Genialis,et,fec,cit,O,VERB,fecit,10,ROOT
896,et,fecit,Caius,et,et,O,CCONJ,Caius,12,cc
896,Caius,et,Pomponius,Cai,ius,B-PERS:PRAE,PROPN,Caius,7,conj
896,Pomponius,Caius,Cai,Pom,ius,B-PERS:NOMEN,PROPN,Caius,12,flat:name
896,Cai,Pomponius,filius,Cai,Cai,B-PERS:FILI,PROPN,filius,15,nmod
896,filius,Cai,Iustus,fil,ius,I-PERS:FILI,NOUN,Caius,12,appos
896,Iustus,filius,nepos,Ius,tus,B-PERS:COG,PROPN,Caius,12,appos
896,nepos,Iustus,<END>,nep,pos,O,NOUN,Caius,12,appos
923,Quintus,<START>,Catius,Qui,tus,B-PERS:PRAE,PROPN,Quintus,1,conj
923,Catius,Quintus,Quinti,Cat,ius,B-PERS:NOMEN,PROPN,Quintus,1,flat:name
923,Quinti,Catius,libertus,Qui,nti,B-PERS:FILI,PROPN,libertus,17,nmod
923,libertus,Quinti,Arist,lib,tus,I-PERS:FILI,NOUN,Quintus,14,appos
923,Arist,libertus,Uri,Ari,ist,B-PERS:COG,PROPN,Quintus,1,flat:name
923,Uri,Arist,Si,Uri,Uri,O,PROPN,Arist,5,nmod
923,Si,Uri,Turpio,Si,Si,O,PUNCT,Arist,5,conj
923,Turpio,Si,Turi,Tur,pio,O,ADJ,Si,7,conj
923,Turi,Turpio,Min,Tur,uri,O,PROPN,Si,7,conj
923,Min,Turi,Opi,Min,Min,O,PROPN,Arist,5,conj
923,Opi,Min,Licaius,Opi,Opi,B-PERS:NOMEN,NOUN,Min,10,nmod
923,Licaius,Opi,Decmi,Lic,ius,B-PERS:COG,PROPN,Arist,5,conj
923,Decmi,Licaius,Quintus,Dec,cmi,B-PERS:FILI,PROPN,Arist,5,nmod
923,Quintus,Decmi,Fabius,Qui,tus,B-PERS:PRAE,PROPN,Quintus,1,conj
923,Fabius,Quintus,Quinti,Fab,ius,B-PERS:NOMEN,PROPN,Quintus,14,flat:name
923,Quinti,Fabius,libertus,Qui,nti,B-PERS:FILI,PROPN,libertus,17,nmod
923,libertus,Quinti,<END>,lib,tus,I-PERS:FILI,NOUN,Quintus,14,appos
34,Dis,<START>,Manibus,Dis,Dis,O,NOUN,Manibus,2,case
34,Manibus,Dis,et,Man,bus,O,PROPN,genuit,39,obl
34,et,Manibus,memoriae,et,et,O,CCONJ,dedicaverunt,64,cc
34,memoriae,et,aeternae,mem,iae,O,NOUN,Manibus,2,conj
34,aeternae,memoriae,Valeri,aet,nae,O,ADJ,memoriae,4,amod
34,Valeri,aeternae,Sattioli,Val,eri,B-PERS:NOMEN,VERB,Nigidia,22,nmod
34,Sattioli,Valeri,civis,Sat,oli,B-PERS:COG,PROPN,Valeri,6,amod
34,civis,Sattioli,Viennensis,civ,vis,O,NOUN,Valeri,6,appos
34,Viennensis,civis,ex,Vie,sis,B-LOC,ADJ,civis,8,amod
34,ex,Viennensis,gente,ex,ex,O,ADP,quo,38,case
34,gente,ex,Galerianorum,gen,nte,O,NOUN,civis,8,nmod
34,Galerianorum,gente,negotiatori,Gal,rum,B-LOC,PROPN,gente,11,nmod
34,negotiatori,Galerianorum,artis,neg,ori,O,NOUN,Valeri,6,appos
34,artis,negotiatori,ratiariae,art,tis,O,NOUN,negotiatori,13,nmod
34,ratiariae,artis,qui,rat,iae,O,NOUN,artis,14,nmod
34,qui,ratiariae,vixit,qui,qui,O,PUNCT,vixit,17,nsubj
34,vixit,qui,annis,vix,xit,O,VERB,Nigidia,22,acl:relcl
34,annis,vixit,LXVI,ann,nis,O,NOUN,vixit,28,obl
34,LXVI,annis,diebus,LXV,XVI,O,NUM,annis,18,nummod
34,diebus,LXVI,XVIIII,die,bus,O,NOUN,vixit,17,obl
34,XVIIII,diebus,Nigidia,XVI,III,O,NUM,diebus,20,nummod
34,Nigidia,XVIIII,Grata,Nig,dia,B-PERS:NOMEN,PROPN,genuit,39,obl
34,Grata,Nigidia,coniunx,Gra,ata,B-PERS:COG,PROPN,Nigidia,22,flat:name
34,coniunx,Grata,quae,con,unx,O,NOUN,Nigidia,22,appos
34,quae,coniunx,cum,qua,uae,O,PRON,cognovit,33,obj
34,cum,quae,eo,cum,cum,O,ADP,esset,35,mark
34,eo,cum,vixit,eo,eo,O,ADV,vixit,28,obl
34,vixit,eo,annis,vix,xit,O,VERB,Nigidia,22,acl:relcl
34,annis,vixit,XXIIII,ann,nis,O,NOUN,vixit,28,obl
34,XXIIII,annis,quae,XXI,III,O,NUM,annis,29,nummod
34,quae,XXIIII,cum,qua,uae,O,PRON,cognovit,33,obj
34,cum,quae,cognovit,cum,cum,O,ADP,esset,35,mark
34,cognovit,cum,cum,cog,vit,O,VERB,genuit,39,advcl
34,cum,cognovit,esset,cum,cum,O,ADP,esset,35,mark
34,esset,cum,annorum,ess,set,O,AUX,cognovit,33,advcl
34,annorum,esset,ex,ann,rum,O,NOUN,filium,40,conj
34,ex,annorum,quo,ex,ex,O,ADP,quo,38,case
34,quo,ex,genuit,quo,quo,O,ADV,genuit,39,obl
34,genuit,quo,filium,gen,uit,O,VERB,genuit,39,ROOT
34,filium,genuit,Valerium,fil,ium,O,NOUN,genuit,39,obj
34,Valerium,filium,Sattianum,Val,ium,B-PERS:NOMEN,PROPN,filium,40,conj
34,Sattianum,Valerium,annorum,Sat,num,B-PERS:COG,ADJ,Valerium,41,amod
34,annorum,Sattianum,et,ann,rum,O,NOUN,filium,40,conj
34,et,annorum,filias,et,et,O,CCONJ,dedicaverunt,64,cc
34,filias,et,Valeriam,fil,ias,O,NOUN,filium,40,conj
34,Valeriam,filias,Attiolam,Val,iam,B-PERS:NOMEN,PROPN,filium,40,conj
34,Attiolam,Valeriam,annorum,Att,lam,B-PERS:COG,PROPN,Valeriam,50,amod
34,annorum,Attiolam,et,ann,rum,O,NOUN,filium,40,conj
34,et,annorum,Valeriam,et,et,O,CCONJ,dedicaverunt,64,cc
34,Valeriam,et,Attiolam,Val,iam,B-PERS:NOMEN,PROPN,filium,40,conj
34,Attiolam,Valeriam,minorem,Att,lam,B-PERS:COG,PROPN,Valeriam,50,amod
34,minorem,Attiolam,annorum,min,rem,B-PERS:FILI,ADJ,Valeriam,50,amod
34,annorum,minorem,VIII,ann,rum,O,NOUN,filium,40,conj
34,VIII,annorum,coniugi,VII,III,O,NUM,annorum,53,nummod
34,coniugi,VIII,et,con,ugi,O,NOUN,filium,40,nmod
34,et,coniugi,patri,et,et,O,CCONJ,dedicaverunt,64,cc
34,patri,et,karissimo,pat,tri,O,NOUN,curaverunt,60,obl:arg
34,karissimo,patri,ponendum,kar,imo,O,ADJ,patri,57,amod
34,ponendum,karissimo,curaverunt,pon,dum,O,VERB,curaverunt,60,ccomp
34,curaverunt,ponendum,et,cur,unt,O,VERB,genuit,39,conj
34,et,curaverunt,sub,et,et,O,CCONJ,dedicaverunt,64,cc
34,sub,et,ascia,sub,sub,O,ADP,ascia,63,case
34,ascia,sub,dedicaverunt,asc,cia,O,X,dedicaverunt,64,obl
34,dedicaverunt,ascia,procurante,ded,unt,O,VERB,genuit,39,conj
34,procurante,dedicaverunt,Valerio,pro,nte,O,VERB,dedicaverunt,64,advcl:abs
34,Valerio,procurante,nepote,Val,rio,B-PERS:NOMEN,PROPN,procurante,65,nsubj
34,nepote,Valerio,<END>,nep,ote,O,NOUN,Valerio,66,appos
484,Gaudentius,<START>,die,Gau,ius,B-PERS,PROPN,Gaudentius,1,ROOT
484,die,Gaudentius,III,die,die,O,PUNCT,conssulibus,9,obl
484,III,die,Kalendas,III,III,O,NUM,die,2,nummod
484,Kalendas,III,Augustas,Kal,das,O,NOUN,die,2,nmod
484,Augustas,Kalendas,Sergio,Aug,tas,O,PROPN,Kalendas,4,amod
484,Sergio,Augustas,et,Ser,gio,B-PERS,PROPN,conssulibus,9,nsubj
484,et,Sergio,Nigriano,et,et,O,CCONJ,Nigriano,8,cc
484,Nigriano,et,conssulibus,Nig,ano,B-PERS,PROPN,Sergio,6,conj
484,conssulibus,Nigriano,<END>,con,bus,O,ADJ,Gaudentius,1,advcl:abs
86,Dis,<START>,Manibus,Dis,Dis,O,NOUN,Manibus,2,case
86,Manibus,Dis,sacrum,Man,bus,O,PROPN,Manibus,2,ROOT
86,sacrum,Manibus,Mummiae,sac,rum,O,ADJ,Manibus,2,amod
86,Mummiae,sacrum,Matronae,Mum,iae,B-PERS:NOMEN,PROPN,sacrum,3,nmod
86,Matronae,Mummiae,coniugi,Mat,nae,B-PERS:COG,NOUN,Mummiae,4,conj
86,coniugi,Matronae,incomNparabili,con,ugi,O,NOUN,Mummiae,4,conj
86,incomNparabili,coniugi,Iulius,inc,ili,O,ADJ,Mummiae,4,amod
86,Iulius,incomNparabili,Exor,Iul,ius,B-PERS:NOMEN,PROPN,Manibus,2,conj
86,Exor,Iulius,<END>,Exo,xor,B-PERS:COG,VERB,Iulius,8,flat:name
751,Dis,<START>,Manibus,Dis,Dis,O,NOUN,Manibus,2,case
751,Manibus,Dis,Iulio,Man,bus,O,PROPN,fecerunt,15,obl
751,Iulio,Manibus,Aplanio,Iul,lio,B-PERS:PRAE,PROPN,fecerunt,15,obl:arg
751,Aplanio,Iulio,Severino,Apl,nio,B-PERS:NOMEN,NOUN,Iulio,3,flat:name
751,Severino,Aplanio,qui,Sev,ino,B-PERS:COG,PROPN,Iulio,3,flat:name
751,qui,Severino,vixit,qui,qui,O,PUNCT,vixit,7,nsubj
751,vixit,qui,annis,vix,xit,O,VERB,Iulio,3,acl:relcl
751,annis,vixit,VIII,ann,nis,O,NOUN,vixit,7,obl
751,VIII,annis,mensibus,VII,III,O,NUM,annis,8,nummod
751,mensibus,VIII,VI,men,bus,O,NOUN,annis,8,nmod
751,VI,mensibus,parentes,VI,VI,O,NUM,mensibus,10,nummod
751,parentes,VI,bene,par,tes,O,NOUN,fecerunt,15,obj
751,bene,parentes,merenti,ben,ene,O,ADV,merenti,14,advmod
751,merenti,bene,fecerunt,mer,nti,O,ADJ,fecerunt,15,xcomp
751,fecerunt,merenti,<END>,fec,unt,O,VERB,fecerunt,15,ROOT
355,Marco,<START>,Ulpio,Mar,rco,B-PERS:PRAE,PROPN,vixit,8,nsubj
355,Ulpio,Marco,Superato,Ulp,pio,B-PERS:NOMEN,PROPN,Marco,1,flat:name
355,Superato,Ulpio,liberto,Sup,ato,B-PERS:COG,VERB,Marco,1,flat:name
355,liberto,Superato,et,lib,rto,O,NOUN,Marco,1,appos
355,et,liberto,alumno,et,et,O,CCONJ,alumno,6,cc
355,alumno,et,dulcissimo,alu,mno,O,NOUN,liberto,4,conj
355,dulcissimo,alumno,vixit,dul,imo,O,ADJ,alumno,6,amod
355,vixit,dulcissimo,annos,vix,xit,O,VERB,vixit,8,ROOT
355,annos,vixit,VIIII,ann,nos,O,NOUN,vixit,8,obj
355,VIIII,annos,Marcus,VII,III,O,NUM,annos,9,nummod
355,Marcus,VIIII,Ulpius,Mar,cus,B-PERS:PRAE,PROPN,fecit,20,nsubj
355,Ulpius,Marcus,Optatus,Ulp,ius,B-PERS:NOMEN,PROPN,Marcus,11,flat:name
355,Optatus,Ulpius,centurio,Opt,tus,B-PERS:COG,VERB,centurio,14,acl
355,centurio,Optatus,legionis,cen,rio,O,NOUN,Marcus,11,appos
355,legionis,centurio,III,leg,nis,O,NOUN,centurio,14,nmod
355,III,legionis,Augustae,III,III,O,NUM,legionis,15,nummod
355,Augustae,III,Piae,Aug,tae,O,PROPN,legionis,15,nmod
355,Piae,Augustae,Vindicis,Pia,iae,O,PROPN,legionis,15,nmod
355,Vindicis,Piae,fecit,Vin,cis,O,NOUN,Piae,18,amod
355,fecit,Vindicis,<END>,fec,cit,O,VERB,vixit,8,conj
524,Iovi,<START>,Optimo,Iov,ovi,O,PROPN,solvit,25,dep
524,Optimo,Iovi,Maximo,Opt,imo,O,ADJ,Iovi,1,amod
524,Maximo,Optimo,Iunoni,Max,imo,O,PROPN,Iovi,1,conj
524,Iunoni,Maximo,Reginae,Iun,oni,O,PROPN,Iovi,1,conj
524,Reginae,Iunoni,Minervae,Reg,nae,O,NOUN,Iovi,1,conj
524,Minervae,Reginae,Sanctissimae,Min,vae,O,PROPN,Reginae,5,nmod
524,Sanctissimae,Minervae,ceterisque,San,mae,O,ADJ,Minervae,6,amod
524,ceterisque,Sanctissimae,di,cet,que,O,DET,,-1,
524,di,ceterisque,is,di,di,O,PUNCT,Iovi,1,conj
524,is,di,deabusqu,is,is,O,PUNCT,di,10,appos
524,deabusqu,is,ae,dea,squ,O,NOUN,di,10,appos
524,ae,deabusqu,omnibus,ae,ae,O,CCONJ,di,10,dep
524,omnibus,ae,sacrum,omn,bus,O,DET,di,10,det
524,sacrum,omnibus,Marcus,sac,rum,O,ADJ,solvit,25,dep
524,Marcus,sacrum,Aurelius,Mar,cus,B-PERS:PRAE,PROPN,solvit,25,nsubj
524,Aurelius,Marcus,Titianus,Aur,ius,B-PERS:NOMEN,PROPN,Marcus,16,flat:name
524,Titianus,Aurelius,beneficiarius,Tit,nus,B-PERS:COG,PROPN,Marcus,16,flat:name
524,beneficiarius,Titianus,consularis,ben,ius,B-TITLE,NOUN,solvit,25,dep
524,consularis,beneficiarius,legionis,con,ris,I-TITLE,NOUN,legionis,21,amod
524,legionis,consularis,VII,leg,nis,O,NOUN,beneficiarius,19,nmod
524,VII,legionis,Claudiae,VII,VII,O,NUM,beneficiarius,19,obj
524,Claudiae,VII,votum,Cla,iae,O,PROPN,VII,22,nmod
524,votum,Claudiae,solvit,vot,tum,O,NOUN,solvit,25,obj
524,solvit,votum,libens,sol,vit,O,VERB,solvit,25,ROOT
524,libens,solvit,merito,lib,ens,O,ADJ,solvit,25,advcl:pred
524,merito,libens,Caio,mer,ito,O,VERB,libens,26,obl
524,Caio,merito,Aufidio,Cai,aio,B-PERS:PRAE,PROPN,consulibus,34,nsubj
524,Aufidio,Caio,Victorino,Auf,dio,B-PERS:NOMEN,PROPN,Caio,28,flat:name
524,Victorino,Aufidio,Tiberio,Vic,ino,B-PERS:COG,PROPN,Caio,28,flat:name
524,Tiberio,Victorino,Claudio,Tib,rio,B-PERS:PRAE,PROPN,Caio,28,conj
524,Claudio,Tiberio,Proculo,Cla,dio,B-PERS:NOMEN,PROPN,Caio,28,conj
524,Proculo,Claudio,consulibus,Pro,ulo,B-PERS:COG,PROPN,Caio,28,flat:name
524,consulibus,Proculo,<END>,con,bus,O,NOUN,solvit,25,advcl:abs
185,Imperatori,<START>,Caesari,Imp,ori,B-PERS:TITLE,NOUN,Imperatori,1,ROOT
185,Caesari,Imperatori,divi,Cae,ari,B-PERS:TITLE,PROPN,divi,3,obl:arg
185,divi,Caesari,Severi,div,ivi,B-PERS:FILI,VERB,Severi,4,amod
185,Severi,divi,nepoti,Sev,eri,I-PERS:FILI,PROPN,Imperatori,1,appos
185,nepoti,Severi,divi,nep,oti,I-PERS:FILI,NOUN,Severi,4,appos
185,divi,nepoti,Antonini,div,ivi,B-PERS:FILI,VERB,Severi,4,amod
185,Antonini,divi,Magni,Ant,ini,I-PERS:FILI,PROPN,Imperatori,1,nmod
185,Magni,Antonini,filio,Mag,gni,I-PERS:FILI,ADJ,filio,9,nmod
185,filio,Magni,Marco,fil,lio,I-PERS:FILI,NOUN,Antonini,7,appos
185,Marco,filio,Aurelio,Mar,rco,B-PERS:PRAE,PROPN,filio,9,flat
185,Aurelio,Marco,Antonino,Aur,lio,B-PERS:NOMEN,PROPN,Marco,10,flat:name
185,Antonino,Aurelio,Pio,Ant,ino,B-PERS:COG,PROPN,Antonini,7,conj
185,Pio,Antonino,Felici,Pio,Pio,B-PERS:AG,PROPN,Antonino,12,flat:name
185,Felici,Pio,Augusto,Fel,ici,B-PERS:AG,PROPN,Antonino,12,flat:name
185,Augusto,Felici,pontifici,Aug,sto,B-PERS:TITLE,PROPN,Imperatori,1,nsubj
185,pontifici,Augusto,maximo,pon,ici,B-TITLE,NOUN,Augusto,15,conj
185,maximo,pontifici,tribunicia,max,imo,I-TITLE,ADJ,potestate,19,amod
185,tribunicia,maximo,potestate,tri,cia,B-TITLE,ADJ,potestate,19,amod
185,potestate,tribunicia,III,pot,ate,I-TITLE,NOUN,Augusto,15,conj
185,III,potestate,consuli,III,III,O,NUM,consuli,21,nummod
185,consuli,III,III,con,uli,B-TITLE,NOUN,Imperatori,1,nmod
185,III,consuli,patri,III,III,O,NUM,consuli,21,nummod
185,patri,III,patriae,pat,tri,B-TITLE,NOUN,consuli,21,nmod
185,patriae,patri,proconsuli,pat,iae,I-TITLE,ADJ,patri,23,nmod
185,proconsuli,patriae,civcitas,pro,uli,B-TITLE,NOUN,patri,23,nmod
185,civcitas,proconsuli,Aurelia,civ,tas,O,NOUN,consuli,21,nsubj
185,Aurelia,civcitas,Aquensis,Aur,lia,B-PERS:NOMEN,ADJ,civcitas,26,amod
185,Aquensis,Aurelia,ab,Aqu,sis,B-PERS:COG,ADJ,civcitas,26,amod
185,ab,Aquensis,Aquis,ab,ab,O,ADP,Aquis,30,case
185,Aquis,ab,leugas,Aqu,uis,O,NOUN,leugas,31,obl
185,leugas,Aquis,<END>,leu,gas,O,ADJ,civcitas,26,amod
810,Lucius,<START>,Annius,Luc,ius,B-PERS:PRAE,PROPN,Lucius,1,ROOT
810,Annius,Lucius,CCaiorum,Ann,ius,B-PERS:NOMEN,PROPN,Lucius,1,flat:name
810,CCaiorum,Annius,libertus,CCa,rum,B-PERS:FILI,PROPN,libertus,4,nmod
810,libertus,CCaiorum,Servius,lib,tus,I-PERS:FILI,NOUN,Lucius,1,appos
810,Servius,libertus,porcinarius,Ser,ius,B-PERS:COG,PROPN,Lucius,1,conj
810,porcinarius,Servius,<END>,por,ius,O,NOUN,Servius,5,appos
419,Luci,<START>,Sepuni,Luc,uci,B-PERS:PRAE,PROPN,Luci,1,conj
419,Sepuni,Luci,Luci,Sep,uni,B-PERS:NOMEN,PROPN,Luci,1,flat:name
419,Luci,Sepuni,filii,Luc,uci,B-PERS:FILI,PROPN,Luci,1,conj
419,filii,Luci,Sandiliani,fil,lii,I-PERS:FILI,NOUN,Luci,3,appos
419,Sandiliani,filii,in,San,ani,B-PERS:COG,PROPN,Luci,3,nmod
419,in,Sandiliani,frontem,in,in,O,ADP,agrum,11,case
419,frontem,in,pedes,fro,tem,O,NOUN,datum,15,obl
419,pedes,frontem,XX,ped,des,O,X,frontem,7,conj
419,XX,pedes,in,XX,XX,O,NUM,pedes,12,nummod
419,in,XX,agrum,in,in,O,ADP,agrum,11,case
419,agrum,in,pedes,agr,rum,O,NOUN,frontem,7,nmod
419,pedes,agrum,XX,ped,des,O,X,frontem,7,conj
419,XX,pedes,publice,XX,XX,O,NUM,pedes,12,nummod
419,publice,XX,datum,pub,ice,O,ADV,datum,15,advmod
419,datum,publice,ex,dat,tum,O,VERB,datum,15,ROOT
419,ex,datum,decreto,ex,ex,O,ADP,decreto,17,case
419,decreto,ex,decurionum,dec,eto,O,NOUN,datum,15,obl
419,decurionum,decreto,<END>,dec,num,O,NOUN,decreto,17,nmod
616,Lucio,<START>,Annio,Luc,cio,B-PERS:PRAE,PROPN,adfuerunt,18,nsubj
616,Annio,Lucio,Luci,Ann,nio,B-PERS:NOMEN,PROPN,ponere,130,nsubj
616,Luci,Annio,filio,Luc,uci,B-PERS:FILI,PROPN,filio,4,nmod
616,filio,Luci,Collina,fil,lio,I-PERS:FILI,NOUN,viri,51,appos
616,Collina,filio,Modesto,Col,ina,B-PERS:TRIBE,ADJ,Lucio,1,conj
616,Modesto,Collina,honorato,Mod,sto,B-PERS:COG,PROPN,Annio,131,flat:name
616,honorato,Modesto,equo,hon,ato,O,VERB,equo,8,amod
616,equo,honorato,publico,equ,quo,O,NOUN,Lucio,1,conj
616,publico,equo,Kalendis,pub,ico,O,ADJ,equo,8,amod
616,Kalendis,publico,Iuniis,Kal,dis,O,NOUN,equo,8,nmod
616,Iuniis,Kalendis,in,Iun,iis,O,ADJ,Kalendis,10,amod
616,in,Iuniis,curia,in,in,O,ADP,vita,150,case
616,curia,in,basilicae,cur,ria,O,NOUN,adfuerunt,18,obl
616,basilicae,curia,Augusti,bas,cae,O,NOUN,curia,13,nmod
616,Augusti,basilicae,Annianae,Aug,sti,O,PROPN,basilicae,14,nmod
616,Annianae,Augusti,scribundo,Ann,nae,O,ADJ,basilicae,14,amod
616,scribundo,Annianae,adfuerunt,scr,ndo,O,VERB,adfuerunt,18,advcl:abs
616,adfuerunt,scribundo,Titus,adf,unt,O,VERB,adfuerunt,18,ROOT
616,Titus,adfuerunt,Oppius,Tit,tus,B-PERS:PRAE,PROPN,Titus,19,conj
616,Oppius,Titus,Severus,Opp,ius,B-PERS:NOMEN,PROPN,Titus,19,flat:name
616,Severus,Oppius,Viguetius,Sev,rus,B-PERS:COG,PROPN,Titus,19,flat:name
616,Viguetius,Severus,Liberalis,Vig,ius,B-PERS:NOMEN,PROPN,Titus,19,conj
616,Liberalis,Viguetius,Iulius,Lib,lis,B-PERS:COG,PROPN,Titus,19,conj
616,Iulius,Liberalis,Capretanus,Iul,ius,B-PERS:PRAE,PROPN,Titus,19,conj
616,Capretanus,Iulius,Granius,Cap,nus,B-PERS:NOMEN,ADJ,Iulius,24,flat:name
616,Granius,Capretanus,Longinus,Gra,ius,B-PERS:NOMEN,NOUN,Titus,19,conj
616,Longinus,Granius,quod,Lon,nus,B-PERS:COG,PROPN,Titus,19,conj
616,quod,Longinus,Titus,quo,uod,O,PRON,praestiterit,151,mark
616,Titus,quod,Aufidius,Tit,tus,B-PERS:PRAE,PROPN,Titus,19,conj
616,Aufidius,Titus,Thrasea,Auf,ius,B-PERS:NOMEN,PROPN,Titus,29,flat:name
616,Thrasea,Aufidius,Tiberius,Thr,sea,B-PERS:COG,PROPN,Titus,29,conj
616,Tiberius,Thrasea,Claudius,Tib,ius,B-PERS:PRAE,PROPN,Titus,29,conj
616,Claudius,Tiberius,Quartinus,Cla,ius,B-PERS:NOMEN,PROPN,Titus,29,conj
616,Quartinus,Claudius,IIviri,Qua,nus,B-PERS:COG,PROPN,Titus,29,conj
616,IIviri,Quartinus,verba,IIv,iri,O,NUM,Titus,29,appos
616,verba,IIviri,fecerunt,ver,rba,O,NOUN,fecerunt,37,obj
616,fecerunt,verba,de,fec,unt,O,VERB,Titus,19,conj
616,de,fecerunt,confirmanda,de,de,O,ADP,re,61,case
616,confirmanda,de,auctoritate,con,nda,O,VERB,fecerunt,37,advcl:abs
616,auctoritate,confirmanda,memoriae,auc,ate,O,NOUN,confirmanda,39,nsubj:pass
616,memoriae,auctoritate,honorandae,mem,iae,O,NOUN,auctoritate,40,nmod
616,honorandae,memoriae,statuaque,hon,dae,O,VERB,auctoritate,40,acl
616,statuaque,honorandae,ponenda,sta,que,O,NOUN,,-1,
616,ponenda,statuaque,Annio,pon,nda,O,VERB,confirmanda,39,conj
616,Annio,ponenda,Modesto,Ann,nio,B-PERS:NOMEN,PROPN,ponere,130,nsubj
616,Modesto,Annio,Anni,Mod,sto,B-PERS:COG,PROPN,Annio,131,flat:name
616,Anni,Modesto,Numisiani,Ann,nni,B-PERS:NOMEN,PROPN,Annio,46,nmod
616,Numisiani,Anni,ornati,Num,ani,B-PERS:COG,PROPN,Anni,48,amod
616,ornati,Numisiani,viri,orn,ati,O,ADJ,viri,51,acl
616,viri,ornati,filio,vir,iri,O,NOUN,Annio,46,appos
616,filio,viri,quid,fil,lio,O,NOUN,viri,51,appos
616,quid,filio,de,qui,uid,O,PRON,fieri,57,nsubj:pass
616,de,quid,ea,de,de,O,ADP,re,61,case
616,ea,de,re,ea,ea,O,PUNCT,re,61,det
616,re,ea,fieri,re,re,O,NOUN,censuerunt,63,obl
616,fieri,re,placeret,fie,eri,O,VERB,placeret,58,ccomp
616,placeret,fieri,de,pla,ret,O,VERB,censuerunt,63,ccomp
616,de,placeret,ea,de,de,O,ADP,re,61,case
616,ea,de,re,ea,ea,O,PUNCT,re,61,det
616,re,ea,ita,re,re,O,NOUN,censuerunt,63,obl
616,ita,re,censuerunt,ita,ita,O,ADV,censuerunt,63,advmod
616,censuerunt,ita,cum,cen,unt,O,VERB,adfuerunt,18,conj
616,cum,censuerunt,Annius,cum,cum,O,ADP,pertineat,72,mark
616,Annius,cum,Numisianus,Ann,ius,B-PERS:NOMEN,PROPN,pertineat,72,nsubj
616,Numisianus,Annius,ornatus,Num,nus,B-PERS:COG,PROPN,Annius,65,flat:name
616,ornatus,Numisianus,vir,orn,tus,O,ADJ,vir,68,acl
616,vir,ornatus,ad,vir,vir,O,VERB,Annius,65,appos
616,ad,vir,singulorum,ad,ad,O,ADP,candore,91,cc
616,singulorum,ad,testimonium,sin,rum,O,ADJ,testimonium,71,nmod
616,testimonium,singulorum,pertineat,tes,ium,O,NOUN,pertineat,72,obl
616,pertineat,testimonium,qua,per,eat,O,VERB,censuerunt,63,advcl
616,qua,pertineat,probitate,qua,qua,O,PRON,potest,105,obl
616,probitate,qua,morum,pro,ate,O,NOUN,confirmari,122,obl
616,morum,probitate,qua,mor,rum,O,NOUN,probitate,74,nmod
616,qua,morum,quietae,qua,qua,O,PRON,potest,105,obl
616,quietae,qua,vitae,qui,tae,O,ADJ,vitae,78,amod
616,vitae,quietae,quod,vit,tae,O,NOUN,praesidium,83,nmod
616,quod,vitae,unicum,quo,uod,O,PRON,praestiterit,151,mark
616,unicum,quod,in,uni,cum,O,ADJ,dolore,82,amod
616,in,unicum,dolore,in,in,O,ADP,vita,150,case
616,dolore,in,praesidium,dol,ore,O,NOUN,praesidium,83,nmod
616,praesidium,dolore,est,pra,ium,O,NOUN,qua,76,nsubj
616,est,praesidium,merueriAt,est,est,O,AUX,qua,76,cop
616,merueriAt,est,adfectuum,mer,iAt,O,VERB,probitate,74,acl:relcl
616,adfectuum,merueriAt,nostrorum,adf,uum,O,NOUN,probitate,74,acl
616,nostrorum,adfectuum,consolationem,nos,rum,O,DET,consolationem,88,nmod
616,consolationem,nostrorum,adque,con,nem,O,NOUN,probitate,74,conj
616,adque,consolationem,candore,adq,que,O,CCONJ,,-1,
616,candore,adque,ordinis,can,ore,O,NOUN,consolationem,88,conj
616,ordinis,candore,nostri,ord,nis,O,NOUN,consolationem,88,nmod
616,nostri,ordinis,bonum,nos,tri,O,DET,ordinis,92,det
616,bonum,nostri,civem,bon,num,O,NOUN,civem,95,amod
616,civem,bonum,piumque,civ,vem,O,NOUN,probitate,74,conj
616,piumque,civem,patrem,piu,que,O,ADJ,,-1,
616,patrem,piumque,in,pat,rem,O,NOUN,civem,95,nsubj
616,in,patrem,tam,in,in,O,ADP,vita,150,case
616,tam,in,gravi,tam,tam,O,ADV,gravi,101,advmod
616,gravi,tam,fortunae,gra,avi,O,ADV,iniuria,103,amod
616,fortunae,gravi,iniuria,for,nae,O,NOUN,iniuria,103,nmod
616,iniuria,fortunae,qua,ini,ria,O,NOUN,placere,111,obl
616,qua,iniuria,potest,qua,qua,O,PRON,potest,105,obl
616,potest,qua,indignatione,pot,est,O,VERB,iniuria,103,acl:relcl
616,indignatione,potest,a,ind,one,O,NOUN,potest,105,obl
616,a,indignatione,tanta,a,a,O,ADP,IIviris,136,case
616,tanta,a,avocare,tan,nta,O,DET,tristitia,110,det
616,avocare,tanta,tristitia,avo,are,O,VERB,potest,105,xcomp
616,tristitia,avocare,placere,tri,tia,O,NOUN,avocare,109,obl
616,placere,tristitia,huic,pla,ere,O,VERB,probitate,74,acl:relcl
616,huic,placere,ordini,hui,uic,O,DET,ordini,113,det
616,ordini,huic,auctoritatem,ord,ini,O,NOUN,confirmari,122,obl:arg
616,auctoritatem,ordini,in,auc,tem,O,NOUN,confirmari,122,nsubj:pass
616,in,auctoritatem,eam,in,in,O,ADP,vita,150,case
616,eam,in,rem,eam,eam,O,PRON,rem,117,det
616,rem,eam,ante,rem,rem,O,NOUN,factam,121,obl
616,ante,rem,hanc,ant,nte,O,ADV,diem,120,case
616,hanc,ante,diem,han,anc,O,DET,diem,120,det
616,diem,hanc,factam,die,iem,O,NOUN,factam,121,obl
616,factam,diem,confirmari,fac,tam,O,VERB,auctoritatem,114,acl
616,confirmari,factam,permittique,con,ari,O,VERB,permitti,123,ccomp
616,permittique,confirmari,Annio,per,que,O,NOUN,,-1,
616,Annio,permittique,Adiecto,Ann,nio,B-PERS:NOMEN,PROPN,ponere,130,nsubj
616,Adiecto,Annio,liberto,Adi,cto,B-PERS:COG,ADV,Annio,125,flat:name
616,liberto,Adiecto,eius,lib,rto,B-PERS:FILI,NOUN,Annio,125,appos
616,eius,liberto,statuam,eiu,ius,O,ADV,liberto,127,nmod
616,statuam,eius,ponere,sta,uam,O,NOUN,ponere,130,obj
616,ponere,statuam,Annio,pon,ere,O,VERB,que,124,ccomp
616,Annio,ponere,Modesto,Ann,nio,B-PERS:NOMEN,PROPN,ponere,130,nsubj
616,Modesto,Annio,loco,Mod,sto,B-PERS:COG,PROPN,Annio,131,flat:name
616,loco,Modesto,adsignato,loc,oco,O,NOUN,Annio,131,appos
616,adsignato,loco,a,ads,ato,O,VERB,loco,133,acl
616,a,adsignato,IIviris,a,a,O,ADP,IIviris,136,case
616,IIviris,a,nostris,IIv,ris,O,ADV,ponere,130,obl
616,nostris,IIviris,quo,nos,ris,O,DET,IIviris,136,det
616,quo,nostris,testatior,quo,quo,O,ADV,testatior,139,mark
616,testatior,quo,sit,tes,ior,O,ADJ,ponere,130,advcl
616,sit,testatior,erga,sit,sit,O,AUX,testatior,139,cop
616,erga,sit,eum,erg,rga,O,ADP,eum,142,case
616,eum,erga,adfectus,eum,eum,O,,testatior,139,obl
616,adfectus,eum,rei,adf,tus,O,NOUN,testatior,139,dislocated
616,rei,adfectus,publicae,rei,rei,O,NOUN,adfectus,143,obl:arg
616,publicae,rei,nostrae,pub,cae,O,ADJ,rei,144,amod
616,nostrae,publicae,conlaudantis,nos,rae,O,DET,rei,144,det
616,conlaudantis,nostrae,quod,con,tis,O,VERB,rei,144,acl
616,quod,conlaudantis,in,quo,uod,O,PRON,praestiterit,151,mark
616,in,quod,vita,in,in,O,ADP,vita,150,case
616,vita,in,praestiterit,vit,ita,O,NOUN,praestiterit,151,obl
616,praestiterit,vita,censuere,pra,rit,O,VERB,adfectus,143,advcl
616,censuere,praestiterit,Adiectus,cen,ere,O,VERB,adfuerunt,18,conj
616,Adiectus,censuere,libertus,Adi,tus,B-PERS:NOMEN,NOUN,adfuerunt,18,dep
616,libertus,Adiectus,locus,lib,tus,B-PERS:FILI,NOUN,Adiectus,153,appos
616,locus,libertus,datus,loc,cus,O,NOUN,adfuerunt,18,dep
616,datus,locus,decreto,dat,tus,O,VERB,locus,155,acl
616,decreto,datus,decurionum,dec,eto,O,NOUN,datus,156,obl:arg
616,decurionum,decreto,<END>,dec,num,O,NOUN,decreto,157,nmod
683,flamen,<START>,perpetuus,fla,men,O,NOUN,perpetuus,42,nmod
683,perpetuus,flamen,IIvir,per,uus,O,ADJ,Romanus,40,amod
683,IIvir,perpetuus,Publius,IIv,vir,O,NUM,Caius,28,nsubj
683,Publius,IIvir,Iulius,Pub,ius,B-PERS:PRAE,PROPN,IIvir,3,flat:name
683,Iulius,Publius,Poll,Iul,ius,B-PERS:NOMEN,PROPN,Caius,48,flat:name
683,Poll,Iulius,eques,Pol,oll,B-PERS:COG,VERB,Publius,4,flat:name
683,eques,Poll,Romanus,equ,ues,O,NOUN,Quintus,36,appos
683,Romanus,eques,flamen,Rom,nus,O,ADJ,Lucius,43,amod
683,flamen,Romanus,perpetuus,fla,men,O,NOUN,perpetuus,42,nmod
683,perpetuus,flamen,IIvir,per,uus,O,ADJ,Romanus,40,amod
683,IIvir,perpetuus,Lucius,IIv,vir,O,NUM,Caius,28,nsubj
683,Lucius,IIvir,Scribonius,Luc,ius,B-PERS:PRAE,PROPN,Marcus,20,dislocated
683,Scribonius,Lucius,lis,Scr,ius,B-PERS:NOMEN,PROPN,Lucius,12,flat:name
683,lis,Scribonius,Flavianus,lis,lis,I-PERS,NOUN,eques,16,nmod
683,Flavianus,lis,eques,Fla,nus,B-PERS:COG,PROPN,eques,16,amod
683,eques,Flavianus,Romanus,equ,ues,O,NOUN,Quintus,36,appos
683,Romanus,eques,flamen,Rom,nus,O,ADJ,Lucius,43,amod
683,flamen,Romanus,perpetuus,fla,men,O,NOUN,perpetuus,42,nmod
683,perpetuus,flamen,Marcus,per,uus,O,ADJ,Romanus,40,amod
683,Marcus,perpetuus,Iulius,Mar,cus,B-PERS:PRAE,PROPN,Marcus,20,ROOT
683,Iulius,Marcus,Pacatus,Iul,ius,B-PERS:NOMEN,PROPN,Caius,48,flat:name
683,Pacatus,Iulius,Victorianus,Pac,tus,B-PERS:COG,VERB,Marcus,20,flat:name
683,Victorianus,Pacatus,flamen,Vic,nus,B-PERS:AG,ADJ,IIvir,3,appos
683,flamen,Victorianus,perpetuus,fla,men,O,NOUN,perpetuus,42,nmod
683,perpetuus,flamen,IIvir,per,uus,O,ADJ,Romanus,40,amod
683,IIvir,perpetuus,designatus,IIv,vir,O,NUM,Caius,28,nsubj
683,designatus,IIvir,Caius,des,tus,O,VERB,IIvir,26,acl
683,Caius,designatus,V,Cai,ius,B-PERS:PRAE,PROPN,Marcus,20,dislocated
683,V,Caius,Nepos,V,V,I-PERS,,Caius,28,flat:name
683,Nepos,V,Lollianus,Nep,pos,B-PERS:NOMEN,PROPN,Caius,28,flat:name
683,Lollianus,Nepos,eques,Lol,nus,B-PERS:COG,PROPN,eques,32,amod
683,eques,Lollianus,Romanus,equ,ues,O,NOUN,Quintus,36,appos
683,Romanus,eques,flamen,Rom,nus,O,ADJ,Lucius,43,amod
683,flamen,Romanus,perpetuus,fla,men,O,NOUN,perpetuus,42,nmod
683,perpetuus,flamen,Quintus,per,uus,O,ADJ,Romanus,40,amod
683,Quintus,perpetuus,Calpurnius,Qui,tus,B-PERS:PRAE,PROPN,Marcus,20,dislocated
683,Calpurnius,Quintus,Venustianus,Cal,ius,B-PERS:NOMEN,PROPN,Quintus,36,flat:name
683,Venustianus,Calpurnius,eques,Ven,nus,B-PERS:COG,PROPN,Quintus,36,flat:name
683,eques,Venustianus,Romanus,equ,ues,O,NOUN,Quintus,36,appos
683,Romanus,eques,flamen,Rom,nus,O,ADJ,Lucius,43,amod
683,flamen,Romanus,perpetuus,fla,men,O,NOUN,perpetuus,42,nmod
683,perpetuus,flamen,Lucius,per,uus,O,ADJ,Romanus,40,amod
683,Lucius,perpetuus,Flavius,Luc,ius,B-PERS:PRAE,PROPN,Marcus,20,dislocated
683,Flavius,Lucius,Fortunatus,Fla,ius,B-PERS:NOMEN,PROPN,Lucius,43,flat:name
683,Fortunatus,Flavius,M,For,tus,B-PERS:COG,ADJ,Lucius,43,flat:name
683,M,Fortunatus,aedilis,M,M,O,PUNCT,aedilis,47,nmod
683,aedilis,M,Caius,aed,lis,O,NOUN,Lucius,43,appos
683,Caius,aedilis,Iulius,Cai,ius,B-PERS:PRAE,PROPN,Marcus,20,dislocated
683,Iulius,Caius,Flo,Iul,ius,B-PERS:NOMEN,PROPN,Caius,48,flat:name
683,Flo,Iulius,<END>,Flo,Flo,B-PERS:COG,VERB,Caius,48,flat:name
502,Imperatori,<START>,Nervae,Imp,ori,B-PERS:TITLE,NOUN,Imperatori,1,ROOT
502,Nervae,Imperatori,CaesariE,Ner,vae,B-PERS:NOMEN,PROPN,Imperatori,1,flat
502,CaesariE,Nervae,Augusto,Cae,riE,B-PERS:TITLE,PROPN,Imperatori,1,dep
502,Augusto,CaesariE,pontifici,Aug,sto,B-PERS:TITLE,PROPN,Imperatori,1,flat
502,pontifici,Augusto,maximo,pon,ici,B-TITLE,NOUN,Augusto,4,appos
502,maximo,pontifici,tribunicia,max,imo,I-TITLE,ADJ,potestate,8,amod
502,tribunicia,maximo,potestate,tri,cia,B-TITLE,ADJ,potestate,8,amod
502,potestate,tribunicia,patri,pot,ate,I-TITLE,NOUN,Imperatori,1,obl
502,patri,potestate,patriae,pat,tri,B-TITLE,NOUN,Imperatori,1,nmod
502,patriae,patri,consuli,pat,iae,I-TITLE,ADJ,patri,9,nmod
502,consuli,patriae,III,con,uli,B-TITLE,NOUN,patri,9,conj
502,III,consuli,<END>,III,III,O,NUM,patri,9,nummod
761,Nama,<START>,Maximus,Nam,ama,O,VERB,Nama,1,ROOT
761,Maximus,Nama,scaenicusO,Max,mus,B-PERS,PROPN,Nama,1,nsubj
761,scaenicusO,Maximus,legionis,sca,usO,O,NOUN,Maximus,2,appos
761,legionis,scaenicusO,IIII,leg,nis,O,NOUN,Nama,1,nmod
761,IIII,legionis,Scythicae,III,III,O,NUM,legionis,4,nummod
761,Scythicae,IIII,<END>,Scy,cae,O,ADJ,legionis,4,amod
50,Herennius,<START>,Macri,Her,ius,B-PERS:NOMEN,PROPN,vixit,4,nsubj
50,Macri,Herennius,filius,Mac,cri,B-PERS:FILI,PROPN,filius,3,nmod
50,filius,Macri,vixit,fil,ius,I-PERS:FILI,NOUN,Herennius,1,appos
50,vixit,filius,annos,vix,xit,O,VERB,vixit,4,ROOT
50,annos,vixit,LXXXXVI,ann,nos,O,NOUN,vixit,4,obj
50,LXXXXVI,annos,<END>,LXX,XVI,O,CCONJ,annos,5,nummod
733,li,<START>,filio,li,li,O,NOUN,filio,2,nmod
733,filio,li,P,fil,lio,O,NOUN,descriptum,4,obl
733,P,filio,descriptum,P,P,O,PUNCT,filio,2,flat
733,descriptum,P,et,des,tum,O,VERB,descriptum,4,ROOT
733,et,descriptum,recognitum,et,et,O,CCONJ,recognitum,6,cc
733,recognitum,et,ex,rec,tum,O,VERB,descriptum,4,conj
733,ex,recognitum,tabula,ex,ex,O,ADP,tabula,8,case
733,tabula,ex,aenea,tab,ula,O,NOUN,descriptum,4,obl
733,aenea,tabula,quae,aen,nea,O,ADJ,tabula,8,amod
733,quae,aenea,fixa,qua,uae,O,PRON,fixa,11,nsubj:pass
733,fixa,quae,est,fix,ixa,O,VERB,tabula,8,acl:relcl
733,est,fixa,Romae,est,est,O,AUX,fixa,11,aux:pass
733,Romae,est,in,Rom,mae,B-LOC,PROPN,fixa,11,obl
733,in,Romae,muro,in,in,O,ADP,muro,15,case
733,muro,in,post,mur,uro,O,NOUN,fixa,11,obl
733,post,muro,templum,pos,ost,O,ADV,templum,17,case
733,templum,post,divi,tem,lum,O,NOUN,fixa,11,obl
733,divi,templum,Augusti,div,ivi,O,VERB,Augusti,19,amod
733,Augusti,divi,ad,Aug,sti,O,PROPN,templum,17,nmod
733,ad,Augusti,Mionervam,ad,ad,O,ADP,Mionervam,21,case
733,Mionervam,ad,<END>,Mio,vam,O,ADJ,fixa,11,obl
337,Hic,<START>,requiescit,Hic,Hic,O,ADV,requiescit,2,nsubj
337,requiescit,Hic,in,req,cit,O,VERB,requiescit,2,ROOT
337,in,requiescit,pace,in,in,O,ADP,pace,4,case
337,pace,in,Simplex,pac,ace,O,PUNCT,requiescit,2,obl
337,Simplex,pace,nomine,Sim,lex,B-PERS,ADJ,requiescit,2,nsubj
337,nomine,Simplex,Livania,nom,ine,O,NOUN,requiescit,2,obl
337,Livania,nomine,quae,Liv,nia,B-PERS,PROPN,nomine,6,appos
337,quae,Livania,vixit,qua,uae,O,PRON,vixit,9,nsubj
337,vixit,quae,sub,vix,xit,O,VERB,pace,4,acl:relcl
337,sub,vixit,incomparabili,sub,sub,O,ADP,die,32,case
337,incomparabili,sub,gCratia,inc,ili,O,ADJ,vixit,9,dislocated
337,gCratia,incomparabili,Pauli,gCr,tia,O,PROPN,vixit,9,obl
337,Pauli,gCratia,Iusti,Pau,uli,B-PERS:NOMEN,PROPN,gCratia,12,nmod
337,Iusti,Pauli,annos,Ius,sti,B-PERS:COG,ADJ,Pauli,13,amod
337,annos,Iusti,XIII,ann,nos,O,NOUN,vixit,9,obl
337,XIII,annos,quos,XII,III,O,NUM,annos,15,nummod
337,quos,XIII,neque,quo,uos,O,PRON,inventos,22,obj
337,neque,quos,dies,neq,que,O,CCONJ,nox,21,cc
337,dies,neque,neque,die,ies,O,X,inventos,22,nsubj:pass
337,neque,dies,nox,neq,que,O,CCONJ,nox,21,cc
337,nox,neque,inventos,nox,nox,O,NOUN,dies,19,conj
337,inventos,nox,iratos,inv,tos,O,VERB,quae,8,appos
337,iratos,inventos,et,ira,tos,O,ADJ,vixit,9,advcl:pred
337,et,iratos,defuncta,et,et,O,CCONJ,coniurat,41,cc
337,defuncta,et,est,def,cta,O,VERB,vixit,9,conj
337,est,defuncta,annorum,est,est,O,AUX,defuncta,25,aux:pass
337,annorum,est,plus,ann,rum,O,NOUN,quae,8,nmod
337,plus,annorum,minus,plu,lus,O,ADV,minus,29,advmod
337,minus,plus,XXX,min,nus,O,ADV,vixit,9,advmod
337,XXX,minus,sub,XXX,XXX,O,NUM,vixit,9,nummod
337,sub,XXX,die,sub,sub,O,ADP,die,32,case
337,die,sub,Idibus,die,die,O,PUNCT,vixit,9,obl:tmod
337,Idibus,die,Iuliis,Idi,bus,O,NOUN,die,32,nmod
337,Iuliis,Idibus,indictione,Iul,iis,O,PROPN,Idibus,33,amod
337,indictione,Iuliis,VI,ind,one,O,NOUN,vixit,9,obl
337,VI,indictione,post,VI,VI,O,NUM,indictione,35,amod
337,post,VI,consulatum,pos,ost,O,ADV,consulatum,38,case
337,consulatum,post,Maborti,con,tum,O,NOUN,vixit,9,obl
337,Maborti,consulatum,et,Mab,rti,B-PERS,PROPN,consulatum,38,nmod
337,et,Maborti,coniurat,et,et,O,CCONJ,coniurat,41,cc
337,coniurat,et,per,con,rat,O,VERB,vixit,9,conj
337,per,coniurat,diem,per,per,O,ADP,diem,43,case
337,diem,per,tremendi,die,iem,O,NOUN,coniurat,41,obl
337,tremendi,diem,iudicii,tre,ndi,O,ADJ,diem,43,acl
337,iudicii,tremendi,ne,iud,cii,O,NOUN,tremendi,44,obl:arg
337,ne,iudicii,quis,ne,ne,O,PART,audeat,50,mark
337,quis,ne,hoc,qui,uis,O,PRON,audeat,50,nsubj
337,hoc,quis,aliquando,hoc,hoc,O,PROPN,violare,51,obj
337,aliquando,hoc,audeat,ali,ndo,O,ADV,audeat,50,advmod
337,audeat,aliquando,violare,aud,eat,O,VERB,coniurat,41,advcl
337,violare,audeat,sepulcrum,vio,are,O,VERB,audeat,50,xcomp
337,sepulcrum,violare,<END>,sep,rum,O,NOUN,violare,51,obj
451,Cai,<START>,Publici,Cai,Cai,B-PERS:PRAE,PROPN,liberta,8,nmod
451,Publici,Cai,Cai,Pub,ici,B-PERS:NOMEN,ADJ,Cai,1,amod
451,Cai,Publici,liberti,Cai,Cai,B-PERS:FILI,PROPN,liberta,8,nmod
451,liberti,Cai,Theod,lib,rti,I-PERS:FILI,NOUN,Cai,3,appos
451,Theod,liberti,Publicia,The,eod,B-PERS:COG,PROPN,vixit,10,obl
451,Publicia,Theod,Cai,Pub,cia,B-PERS:NOMEN,NOUN,liberta,8,dislocated
451,Cai,Publicia,liberta,Cai,Cai,B-PERS:FILI,PROPN,liberta,8,nmod
451,liberta,Cai,Iconio,lib,rta,I-PERS:FILI,NOUN,Theod,5,appos
451,Iconio,liberta,vixit,Ico,nio,B-PERS,PROPN,vixit,10,obl
451,vixit,Iconio,annos,vix,xit,O,VERB,vixit,10,ROOT
451,annos,vixit,XV,ann,nos,O,NOUN,vixit,10,obj
451,XV,annos,<END>,XV,XV,O,NUM,annos,11,nummod
791,Apollini,<START>,votum,Apo,ini,O,PROPN,Ammius,6,nmod
791,votum,Apollini,solvit,vot,tum,O,NOUN,solvit,3,obj
791,solvit,votum,libens,sol,vit,O,VERB,solvit,3,ROOT
791,libens,solvit,merito,lib,ens,O,ADJ,solvit,3,advcl:pred
791,merito,libens,Ammius,mer,ito,O,VERB,solvit,3,dep
791,Ammius,merito,Martialis,Amm,ius,B-PERS:NOMEN,PROPN,solvit,3,nsubj
791,Martialis,Ammius,<END>,Mar,lis,B-PERS:COG,PROPN,Ammius,6,amod
351,Pro,<START>,salute,Pro,Pro,O,INTJ,salute,2,case
351,salute,Pro,Augustorum,sal,ute,O,NOUN,salute,2,ROOT
351,Augustorum,salute,senatus,Aug,rum,B-TITLE,PROPN,salute,2,nmod
351,senatus,Augustorum,populique,sen,tus,O,NOUN,salute,2,nsubj
351,populique,senatus,Romani,pop,que,O,ADJ,,-1,
351,Romani,populique,et,Rom,ani,O,ADJ,que,6,amod
351,et,Romani,exercitus,et,et,O,CCONJ,Vitulus,17,cc
351,exercitus,et,Matri,exe,tus,O,NOUN,senatus,4,conj
351,Matri,exercitus,Magnae,Mat,tri,O,NOUN,exercitus,9,nmod
351,Magnae,Matri,Claudia,Mag,nae,O,ADJ,Matri,10,amod
351,Claudia,Magnae,Augusti,Cla,dia,B-PERS:NOMEN,PROPN,senatus,4,conj
351,Augusti,Claudia,liberta,Aug,sti,B-PERS:FILI,PROPN,liberta,14,nmod
351,liberta,Augusti,Icmas,lib,rta,I-PERS:FILI,NOUN,Claudia,12,appos
351,Icmas,liberta,et,Icm,mas,B-PERS:COG,PROPN,senatus,4,conj
351,et,Icmas,Vitulus,et,et,O,CCONJ,Vitulus,17,cc
351,Vitulus,et,Caesaris,Vit,lus,B-PERS,PROPN,Icmas,15,conj
351,Caesaris,Vitulus,sacerdote,Cae,ris,B-PERS:TITLE,PROPN,sacerdote,19,nmod
351,sacerdote,Caesaris,Claudio,sac,ote,O,NOUN,Icmas,15,appos
351,Claudio,sacerdote,Attico,Cla,dio,B-PERS:NOMEN,PROPN,Icmas,15,orphan
351,Attico,Claudio,liberto,Att,ico,B-PERS:COG,ADJ,liberto,22,amod
351,liberto,Attico,<END>,lib,rto,B-PERS:FILI,NOUN,Icmas,15,appos
468,Cnaei,<START>,Vesperi,Cna,aei,B-PERS:PRAE,PROPN,Cnaei,1,ROOT
468,Vesperi,Cnaei,Luci,Ves,eri,B-PERS:NOMEN,NOUN,Cnaei,1,flat:name
468,Luci,Vesperi,filii,Luc,uci,B-PERS:FILI,PROPN,filii,4,nmod
468,filii,Luci,Sergia,fil,lii,I-PERS:FILI,NOUN,Cnaei,1,appos
468,Sergia,filii,a,Ser,gia,B-PERS:TRIBE,PROPN,Cnaei,1,conj
468,a,Sergia,via,a,a,O,ADP,via,7,case
468,via,a,Audesca,via,via,O,NOUN,Cnaei,1,conj
468,Audesca,via,longus,Aud,sca,B-LOC,PROPN,via,7,amod
468,longus,Audesca,pedes,lon,gus,O,ADJ,pedes,10,amod
468,pedes,longus,XXV,ped,des,O,X,Cnaei,1,conj
468,XXV,pedes,latus,XXV,XXV,O,NUM,latus,12,nummod
468,latus,XXV,pedes,lat,tus,O,NOUN,Cnaei,1,conj
468,pedes,latus,XX,ped,des,O,X,Cnaei,1,conj
468,XX,pedes,locus,XX,XX,O,NUM,locus,15,nummod
468,locus,XX,monumenti,loc,cus,O,NOUN,Cnaei,1,conj
468,monumenti,locus,<END>,mon,nti,O,NOUN,locus,15,nmod
623,Satu,<START>,Czina,Sat,atu,O,PUNCT,Satu,1,ROOT
623,Czina,Satu,pius,Czi,ina,O,PUNCT,Satu,1,nmod
623,pius,Czina,vixit,piu,ius,O,ADJ,vixit,4,xcomp
623,vixit,pius,annos,vix,xit,O,VERB,Satu,1,acl:relcl
623,annos,vixit,LXXX,ann,nos,O,NOUN,vixit,4,obj
623,LXXX,annos,hic,LXX,XXX,O,NUM,annos,5,nummod
623,hic,LXXX,situs,hic,hic,O,ADV,situs,8,nsubj
623,situs,hic,est,sit,tus,O,NOUN,Satu,1,acl:relcl
623,est,situs,<END>,est,est,O,AUX,situs,8,cop
477,Cantiae,<START>,Luci,Can,iae,B-PERS:NOMEN,PROPN,Cantiae,1,ROOT
477,Luci,Cantiae,filiae,Luc,uci,B-PERS:FILI,PROPN,matri,5,nmod
477,filiae,Luci,Saturninae,fil,iae,I-PERS:FILI,NOUN,Luci,2,appos
477,Saturninae,filiae,matri,Sat,nae,B-PERS:COG,PROPN,filiae,3,amod
477,matri,Saturninae,coloniae,mat,tri,O,NOUN,Cantiae,1,conj
477,coloniae,matri,flaminicae,col,iae,O,NOUN,Cantiae,1,conj
477,flaminicae,coloniae,sacerdoti,fla,cae,O,ADJ,coloniae,6,amod
477,sacerdoti,flaminicae,divae,sac,oti,O,NOUN,coloniae,6,nmod
477,divae,sacerdoti,Plotinae,div,vae,O,ADJ,sacerdoti,8,amod
477,Plotinae,divae,hic,Plo,nae,B-PERS,PROPN,Cantiae,1,conj
477,hic,Plotinae,et,hic,hic,O,ADV,Cantiae,1,conj
477,et,hic,Foro,et,et,O,CCONJ,Foro,13,advmod:emph
477,Foro,et,Sempronii,For,oro,B-PERS:NOMEN,NOUN,hic,11,obl
477,Sempronii,Foro,decreto,Sem,nii,B-PERS:COG,PROPN,Foro,13,nmod
477,decreto,Sempronii,decurionum,dec,eto,O,NOUN,Cantiae,1,conj
477,decurionum,decreto,publice,dec,num,O,NOUN,decreto,15,nmod
477,publice,decurionum,<END>,pub,ice,O,ADV,decurionum,16,advmod
615,Saturno,<START>,Augusto,Sat,rno,O,PROPN,solvit,8,obl
615,Augusto,Saturno,sacrum,Aug,sto,O,PROPN,Saturno,1,flat:name
615,sacrum,Augusto,Caius,sac,rum,O,ADJ,Saturno,1,amod
615,Caius,sacrum,Caelius,Cai,ius,B-PERS:PRAE,PROPN,Saturno,1,flat
615,Caelius,Caius,Verecundus,Cae,ius,B-PERS:NOMEN,PROPN,Caius,4,flat:name
615,Verecundus,Caelius,votum,Ver,dus,B-PERS:COG,PROPN,Saturno,1,conj
615,votum,Verecundus,solvit,vot,tum,O,NOUN,solvit,8,obj
615,solvit,votum,<END>,sol,vit,O,VERB,solvit,8,ROOT
555,Perennis,<START>,Iuliae,Per,nis,B-PERS,NOUN,posuit,9,advmod
555,Iuliae,Perennis,Quinti,Iul,iae,B-PERS:NOMEN,PROPN,posuit,9,obl:arg
555,Quinti,Iuliae,filiae,Qui,nti,B-PERS:FILI,PROPN,Iuliae,2,flat:name
555,filiae,Quinti,Taurinaes,fil,iae,I-PERS:FILI,NOUN,Iuliae,2,appos
555,Taurinaes,filiae,servus,Tau,aes,B-PERS:COG,ADJ,servus,6,amod
555,servus,Taurinaes,Sancti,ser,vus,B-PERS:FILI,NOUN,Iuliae,2,appos
555,Sancti,servus,Silvani,San,cti,B-PERS:NOMEN,PROPN,Silvani,8,amod
555,Silvani,Sancti,posuit,Sil,ani,B-PERS:COG,PROPN,servus,6,nmod
555,posuit,Silvani,<END>,pos,uit,O,VERB,posuit,9,ROOT
366,Attico,<START>,fabro,Att,ico,B-PERS:NOMEN,ADJ,fabro,2,amod
366,fabro,Attico,ferrario,fab,bro,O,NOUN,fecit,7,obl
366,ferrario,fabro,Sisenniano,fer,rio,O,NOUN,fabro,2,amod
366,Sisenniano,ferrario,Venusta,Sis,ano,B-PERS:COG,PROPN,fabro,2,flat
366,Venusta,Sisenniano,conserva,Ven,sta,B-PERS:PRAE,PROPN,fecit,7,nsubj
366,conserva,Venusta,fecit,con,rva,O,VERB,fecit,7,xcomp
366,fecit,conserva,<END>,fec,cit,O,VERB,fecit,7,ROOT
771,Imperatoris,<START>,Caesaris,Imp,ris,B-PERS:TITLE,NOUN,Antonini,11,dislocated
771,Caesaris,Imperatoris,Luci,Cae,ris,B-PERS:TITLE,PROPN,Imperatoris,1,nmod
771,Luci,Caesaris,Septimi,Luc,uci,B-PERS:PRAE,PROPN,Antonini,11,nmod
771,Septimi,Luci,Severi,Sep,imi,B-PERS:NOMEN,PROPN,Luci,3,flat:name
771,Severi,Septimi,Pii,Sev,eri,B-PERS:COG,PROPN,Luci,3,flat:name
771,Pii,Severi,Pertinacis,Pii,Pii,B-PERS:AG,PROPN,Luci,3,conj
771,Pertinacis,Pii,et,Per,cis,B-PERS:AG,PROPN,Pii,6,flat:name
771,et,Pertinacis,Marci,et,et,O,CCONJ,Marci,9,cc
771,Marci,et,Aureli,Mar,rci,B-PERS:PRAE,PROPN,Pii,6,conj
771,Aureli,Marci,Antonini,Aur,eli,B-PERS:NOMEN,PROPN,Marci,9,flat:name
771,Antonini,Aureli,<END>,Ant,ini,B-PERS:COG,PROPN,Antonini,11,ROOT
631,er,<START>,RAET,er,er,O,PUNCT,RAET,2,advmod:emph
631,RAET,er,vir,RAE,AET,O,VERB,instat,16,nsubj
631,vir,RAET,clarissimus,vir,vir,O,VERB,RAET,2,nsubj
631,clarissimus,vir,vivite,cla,mus,O,ADJ,vir,3,amod
631,vivite,clarissimus,felices,viv,ite,O,ADV,felices,6,amod
631,felices,vivite,quibus,fel,ces,O,ADJ,vir,3,amod
631,quibus,felices,est,qui,bus,O,PRON,data,9,obl:arg
631,est,quibus,data,est,est,O,AUX,data,9,aux:pass
631,data,est,longior,dat,ata,O,VERB,felices,6,acl:relcl
631,longior,data,aetas,lon,ior,O,ADJ,aetas,11,amod
631,aetas,longior,nam,aet,tas,O,NOUN,data,9,nsubj:pass
631,nam,aetas,fatum,nam,nam,O,PART,instat,16,discourse
631,fatum,nam,nobis,fat,tum,O,NOUN,instat,16,obj
631,nobis,fatum,omnius,nob,bis,O,PRON,omnius,15,obl:arg
631,omnius,nobis,instat,omn,ius,O,ADJ,fatum,13,amod
631,instat,omnius,idem,ins,tat,O,VERB,instat,16,ROOT
631,idem,instat,ches,ide,dem,O,DET,libertus,19,det
631,ches,idem,libertus,che,hes,O,PUNCT,libertus,19,det
631,libertus,ches,patrono,lib,tus,O,NOUN,RAET,2,conj
631,patrono,libertus,<END>,pat,ono,O,NOUN,libertus,19,appos
941,us,<START>,miles,us,us,O,X,scripsit,6,obj
941,miles,us,legionis,mil,les,O,NOUN,scripsit,6,nsubj
941,legionis,miles,supra,leg,nis,O,NOUN,miles,2,nmod
941,supra,legionis,scriptae,sup,pra,O,ADV,scriptae,5,advmod
941,scriptae,supra,scripsit,scr,tae,O,VERB,legionis,3,acl
941,scripsit,scriptae,cohortis,scr,sit,O,VERB,scripsit,6,ROOT
941,cohortis,scripsit,IO,coh,tis,O,NOUN,miles,2,nmod
941,IO,cohortis,Puden,IO,IO,O,NUM,scripsit,6,obl:tmod
941,Puden,IO,<END>,Pud,den,O,PROPN,IO,8,flat
798,ddominorum,<START>,nnostrorum,ddo,rum,O,NOUN,ddominorum,1,ROOT
798,nnostrorum,ddominorum,Impperatorum,nno,rum,O,DET,ddominorum,1,det
798,Impperatorum,nnostrorum,Constanti,Imp,rum,B-PERS:TITLE,PROPN,ddominorum,1,conj
798,Constanti,Impperatorum,ies,Con,nti,B-PERS:PRAE,PROPN,ddominorum,1,conj
798,ies,Constanti,Pstus,ies,ies,O,ADV,Pstus,6,dep
798,Pstus,ies,Peregrino,Pst,tus,B-PERS,NOUN,Constanti,4,conj
798,Peregrino,Pstus,viro,Per,ino,O,NOUN,Pstus,6,amod
798,viro,Peregrino,perfectissimo,vir,iro,O,NOUN,Constanti,4,appos
798,perfectissimo,viro,praesidi,per,imo,O,ADJ,praesidi,10,amod
798,praesidi,perfectissimo,provinciae,pra,idi,O,NOUN,viro,8,nmod
798,provinciae,praesidi,Mauretaniae,pro,iae,O,NOUN,praesidi,10,nmod
798,Mauretaniae,provinciae,Sitifensis,Mau,iae,B-LOC,PROPN,viro,8,nmod
798,Sitifensis,Mauretaniae,<END>,Sit,sis,I-LOC,ADJ,Constanti,4,conj
497,Naevoleia,<START>,Luci,Nae,eia,B-PERS:NOMEN,PROPN,fecit,35,obl
497,Luci,Naevoleia,liberta,Luc,uci,B-PERS:FILI,PROPN,liberta,3,nmod
497,liberta,Luci,Tyche,lib,rta,I-PERS:FILI,NOUN,fecit,35,dislocated
497,Tyche,liberta,sibi,Tyc,che,B-PERS:COG,PROPN,Naevoleia,24,flat
497,sibi,Tyche,et,sib,ibi,O,PRON,monuImentum,23,obl:arg
497,et,sibi,Caio,et,et,O,CCONJ,Fausti,33,cc
497,Caio,et,Munatio,Cai,aio,B-PERS:PRAE,PROPN,monuImentum,23,dep
497,Munatio,Caio,Fausto,Mun,tio,B-PERS:NOMEN,PROPN,Caio,7,flat:name
497,Fausto,Munatio,Augustali,Fau,sto,B-PERS:COG,PROPN,Caio,7,appos
497,Augustali,Fausto,et,Aug,ali,O,ADJ,Caio,7,amod
497,et,Augustali,pagano,et,et,O,CCONJ,Fausti,33,cc
497,pagano,et,cui,pag,ano,O,NOUN,Caio,7,conj
497,cui,pagano,decuriones,cui,cui,O,PUNCT,decreverunt,21,obl:arg
497,decuriones,cui,consensu,dec,nes,O,NOUN,decreverunt,21,nsubj
497,consensu,decuriones,populi,con,nsu,O,NOUN,decreverunt,21,obl
497,populi,consensu,bisellium,pop,uli,O,NOUN,consensu,15,nmod
497,bisellium,populi,ob,bis,ium,O,ADJ,decreverunt,21,obj
497,ob,bisellium,merita,ob,ob,O,ADP,merita,19,case
497,merita,ob,eius,mer,ita,O,NOUN,decreverunt,21,obl
497,eius,merita,decreverunt,eiu,ius,O,ADV,merita,19,nmod
497,decreverunt,eius,hoc,dec,unt,O,VERB,pagano,12,acl:relcl
497,hoc,decreverunt,monuImentum,hoc,hoc,O,PROPN,monuImentum,23,det
497,monuImentum,hoc,Naevoleia,mon,tum,O,NOUN,fecit,35,appos
497,Naevoleia,monuImentum,Tyche,Nae,eia,B-PERS:NOMEN,PROPN,fecit,35,obl
497,Tyche,Naevoleia,libertis,Tyc,che,B-PERS:COG,PROPN,Naevoleia,24,flat
497,libertis,Tyche,suis,lib,tis,O,ADJ,fecit,35,obl:arg
497,suis,libertis,libertabusque,sui,uis,O,DET,libertis,26,det
497,libertabusque,suis,et,lib,que,O,VERB,,-1,
497,et,libertabusque,Cai,et,et,O,CCONJ,Fausti,33,cc
497,Cai,et,Munati,Cai,Cai,B-PERS:PRAE,PROPN,Fausti,33,nmod
497,Munati,Cai,Fausti,Mun,ati,B-PERS:NOMEN,PROPN,Cai,31,flat:name
497,Fausti,Munati,viva,Fau,sti,B-PERS:COG,PROPN,fecit,35,obl:arg
497,viva,Fausti,fecit,viv,iva,O,ADJ,fecit,35,xcomp
497,fecit,viva,<END>,fec,cit,O,VERB,fecit,35,ROOT
925,Herculi,<START>,Invicto,Her,uli,O,PROPN,Herculi,1,ROOT
925,Invicto,Herculi,pro,Inv,cto,O,ADJ,Herculi,1,flat:name
925,pro,Invicto,salute,pro,pro,O,ADP,salute,4,case
925,salute,pro,Impperatorum,sal,ute,O,NOUN,Herculi,1,appos
925,Impperatorum,salute,Luci,Imp,rum,B-PERS:TITLE,PROPN,salute,4,nmod
925,Luci,Impperatorum,Septimi,Luc,uci,B-PERS:PRAE,PROPN,salute,4,nmod
925,Septimi,Luci,Severi,Sep,imi,B-PERS:NOMEN,PROPN,Luci,6,flat:name
925,Severi,Septimi,Pertinacis,Sev,eri,B-PERS:COG,PROPN,Luci,6,flat:name
925,Pertinacis,Severi,Augusti,Per,cis,B-PERS:AG,PROPN,Augusti,10,amod
925,Augusti,Pertinacis,et,Aug,sti,B-PERS:TITLE,PROPN,Luci,6,conj
925,et,Augusti,Marci,et,et,O,CCONJ,Marci,12,cc
925,Marci,et,Aureli,Mar,rci,B-PERS:PRAE,PROPN,Luci,6,conj
925,Aureli,Marci,Antonini,Aur,eli,B-PERS:NOMEN,PROPN,Marci,12,flat:name
925,Antonini,Aureli,Auggustorum,Ant,ini,B-PERS:COG,PROPN,salute,4,nmod
925,Auggustorum,Antonini,<END>,Aug,rum,O,NOUN,Antonini,14,nmod
370,qui,<START>,vixit,qui,qui,O,PUNCT,vixit,2,nsubj
370,vixit,qui,filii,vix,xit,O,VERB,vixit,2,ROOT
370,filii,vixit,se,fil,lii,O,NOUN,vixit,2,obj
370,se,filii,Cassius,se,se,O,PRON,vixit,2,obj
370,Cassius,se,Publius,Cas,ius,B-PERS:NOMEN,PROPN,vixit,2,xcomp
370,Publius,Cassius,A,Pub,ius,B-PERS:PRAE,PROPN,filii,3,appos
370,A,Publius,<END>,A,A,O,ADP,Publius,6,flat:name
597,Marcus,<START>,Sittius,Mar,cus,B-PERS:PRAE,PROPN,fecit,12,nsubj
597,Sittius,Marcus,Marci,Sit,ius,B-PERS:NOMEN,PROPN,Marcus,1,flat:name
597,Marci,Sittius,filius,Mar,rci,B-PERS:FILI,PROPN,filius,4,nmod
597,filius,Marci,Quirina,fil,ius,I-PERS:FILI,NOUN,Marcus,1,appos
597,Quirina,filius,Martialis,Qui,ina,B-PERS:TRIBE,PROPN,filius,4,nmod
597,Martialis,Quirina,se,Mar,lis,B-PERS:COG,PROPN,fecit,12,nsubj
597,se,Martialis,sibi,se,se,O,PRON,fecit,12,obj
597,sibi,se,et,sib,ibi,O,PRON,fecit,12,obl:arg
597,et,sibi,suis,et,et,O,CCONJ,suis,10,cc
597,suis,et,monuImentum,sui,uis,O,DET,sibi,8,conj
597,monuImentum,suis,fecit,mon,tum,O,NOUN,fecit,12,xcomp
597,fecit,monuImentum,Martialis,fec,cit,O,VERB,fecit,12,ROOT
597,Martialis,fecit,vixit,Mar,lis,B-PERS,PROPN,fecit,12,nsubj
597,vixit,Martialis,annos,vix,xit,O,VERB,fecit,12,conj
597,annos,vixit,CV,ann,nos,O,NOUN,vixit,14,obj
597,CV,annos,tu,CV,CV,O,PUNCT,vixit,14,nsubj
597,tu,CV,qui,tu,tu,O,PRON,oro,23,nsubj
597,qui,tu,praeteriens,qui,qui,O,PUNCT,feci,41,nsubj
597,praeteriens,qui,titulum,pra,ens,O,ADV,perlegis,21,advcl
597,titulum,praeteriens,perlegis,tit,lum,O,NOUN,perlegis,21,obj
597,perlegis,titulum,istum,per,gis,O,VERB,tu,17,acl:relcl
597,istum,perlegis,oro,ist,tum,O,DET,oro,23,obj
597,oro,istum,legas,oro,oro,O,VERB,fecit,12,conj
597,legas,oro,totum,leg,gas,O,NOUN,fecit,12,conj
597,totum,legas,ut,tot,tum,O,DET,legas,24,obj
597,ut,totum,discas,ut,ut,O,SCONJ,discas,27,mark
597,discas,ut,bene,dis,cas,O,VERB,fecit,12,advcl
597,bene,discas,vivere,ben,ene,O,ADV,vivere,29,advmod
597,vivere,bene,semper,viv,ere,O,VERB,discas,27,xcomp
597,semper,vivere,tissimae,sem,per,O,ADV,tissimae,31,advmod:tmod
597,tissimae,semper,nomen,tis,mae,O,ADJ,nomen,32,nmod
597,nomen,tissimae,qui,nom,men,O,NOUN,vivere,29,obj
597,qui,nomen,cum,qui,qui,O,PUNCT,feci,41,nsubj
597,cum,qui,VA,cum,cum,O,ADP,VA,35,case
597,VA,cum,bona,VA,VA,O,VERB,feci,41,obl
597,bona,VA,multos,bon,ona,O,ADJ,VA,35,amod
597,multos,bona,quoque,mul,tos,O,DET,inimicum,40,det
597,quoque,multos,consu,quo,que,O,ADV,consu,39,dep
597,consu,quoque,inimicum,con,nsu,O,VERB,inimicum,40,obl
597,inimicum,consu,feci,ini,cum,O,NOUN,feci,41,xcomp
597,feci,inimicum,mihi,fec,eci,O,VERB,se,7,acl:relcl
597,mihi,feci,neminem,mih,ihi,O,PRON,neminem,43,obl:arg
597,neminem,mihi,<END>,nem,nem,O,PRON,feci,41,advcl:pred
721,Dis,<START>,Manibus,Dis,Dis,O,NOUN,Manibus,2,case
721,Manibus,Dis,Pyramus,Man,bus,O,PROPN,posuit,5,obl
721,Pyramus,Manibus,pater,Pyr,mus,B-PERS,PROPN,posuit,5,nsubj
721,pater,Pyramus,posuit,pat,ter,O,NOUN,Pyramus,3,appos
721,posuit,pater,Secundae,pos,uit,O,VERB,posuit,5,ROOT
721,Secundae,posuit,filiae,Sec,dae,B-PERS,ADJ,filiae,7,amod
721,filiae,Secundae,suae,fil,iae,O,NOUN,posuit,5,obl:arg
721,suae,filiae,vixit,sua,uae,O,DET,filiae,7,det
721,vixit,suae,annos,vix,xit,O,VERB,posuit,5,conj
721,annos,vixit,II,ann,nos,O,NOUN,vixit,9,obj
721,II,annos,<END>,II,II,O,NUM,annos,10,nummod
54,hic,<START>,requiescit,hic,hic,O,ADV,requiescit,2,advmod:lmod
54,requiescit,hic,Primitivus,req,cit,O,VERB,requiescit,2,ROOT
54,Primitivus,requiescit,ma,Pri,vus,B-PERS,ADJ,requiescit,2,nsubj
54,ma,Primitivus,inter,ma,ma,O,X,requiescit,2,obl
54,inter,ma,orationes,int,ter,O,ADP,orationes,6,case
54,orationes,inter,<END>,ora,nes,O,NOUN,ma,4,nmod
427,Dominorum,<START>,nostrorum,Dom,rum,O,NOUN,Diocletiani,3,nmod
427,nostrorum,Dominorum,Diocletiani,nos,rum,O,DET,Dominorum,1,det
427,Diocletiani,nostrorum,et,Dio,ani,B-PERS,PROPN,Diocletiani,3,ROOT
427,et,Diocletiani,Maximiani,et,et,O,CCONJ,Maximiani,10,cc
427,Maximiani,et,Auggustorum,Max,ani,B-PERS,PROPN,Diocletiani,3,conj
427,Auggustorum,Maximiani,et,Aug,rum,B-PERS:TITLE,NOUN,Maximiani,5,nmod
427,et,Auggustorum,Constanti,et,et,O,CCONJ,Maximiani,10,cc
427,Constanti,et,et,Con,nti,B-PERS,PROPN,Diocletiani,3,conj
427,et,Constanti,Maximiani,et,et,O,CCONJ,Maximiani,10,cc
427,Maximiani,et,Caessarum,Max,ani,B-PERS,PROPN,Diocletiani,3,conj
427,Caessarum,Maximiani,<END>,Cae,rum,B-PERS:TITLE,PROPN,Maximiani,10,nmod
57,Patrobio,<START>,bene,Pat,bio,B-PERS,PROPN,QVENT,15,obl:arg
57,bene,Patrobio,merenti,ben,ene,O,ADV,merenti,3,advmod
57,merenti,bene,qui,mer,nti,O,ADJ,Patrobio,1,acl
57,qui,merenti,vixit,qui,qui,O,PUNCT,vixit,5,nsubj
57,vixit,qui,dies,vix,xit,O,VERB,vixit,5,conj
57,dies,vixit,VII,die,ies,O,X,vixit,5,obj
57,VII,dies,horas,VII,VII,O,NUM,vixit,5,obl:tmod
57,horas,VII,V,hor,ras,O,NOUN,vixit,5,obl:tmod
57,V,horas,Herm,V,V,O,,annos,12,nummod
57,Herm,V,vixit,Her,erm,B-PERS,PROPN,vixit,11,nsubj
57,vixit,Herm,annos,vix,xit,O,VERB,vixit,5,conj
57,annos,vixit,V,ann,nos,O,NOUN,vixit,11,obj
57,V,annos,ES,V,V,O,,annos,12,nummod
57,ES,V,QVENT,ES,ES,O,PUNCT,Patrobio,1,appos
57,QVENT,ES,<END>,QVE,ENT,O,VERB,QVENT,15,ROOT
265,Titus,<START>,Caesernius,Tit,tus,B-PERS:PRAE,PROPN,fecit,10,nsubj
265,Caesernius,Titus,Assupae,Cae,ius,B-PERS:NOMEN,PROPN,Titus,1,flat:name
265,Assupae,Caesernius,libertus,Ass,pae,B-PERS:FILI,PROPN,libertus,4,nmod
265,libertus,Assupae,Diphilus,lib,tus,I-PERS:FILI,NOUN,Titus,1,appos
265,Diphilus,libertus,Aquileiae,Dip,lus,B-PERS:COG,PROPN,Titus,1,appos
265,Aquileiae,Diphilus,sexvir,Aqu,iae,B-LOC,PROPN,sexvir,7,nmod
265,sexvir,Aquileiae,vivus,sex,vir,O,ADJ,Diphilus,5,appos
265,vivus,sexvir,sibi,viv,vus,O,ADJ,fecit,10,xcomp
265,sibi,vivus,fecit,sib,ibi,O,PRON,fecit,10,obl:arg
265,fecit,sibi,<END>,fec,cit,O,VERB,fecit,10,ROOT
773,Dis,<START>,Manibus,Dis,Dis,O,NOUN,Manibus,2,case
773,Manibus,Dis,Marco,Man,bus,O,PROPN,fecerunt,14,obl
773,Marco,Manibus,Claudio,Mar,rco,B-PERS:PRAE,PROPN,Marco,3,conj
773,Claudio,Marco,Marci,Cla,dio,B-PERS:NOMEN,PROPN,Marco,9,flat:name
773,Marci,Claudio,filio,Mar,rci,B-PERS:FILI,PROPN,Marco,9,nmod
773,filio,Marci,Evaristiano,fil,lio,I-PERS:FILI,NOUN,Marco,9,appos
773,Evaristiano,filio,et,Eva,ano,B-PERS:COG,ADJ,Marco,3,flat:name
773,et,Evaristiano,Marco,et,et,O,CCONJ,Iulia,19,cc
773,Marco,et,Claudio,Mar,rco,B-PERS:PRAE,PROPN,Marco,3,conj
773,Claudio,Marco,Marci,Cla,dio,B-PERS:NOMEN,PROPN,Marco,9,flat:name
773,Marci,Claudio,filio,Mar,rci,B-PERS:FILI,PROPN,Marco,9,nmod
773,filio,Marci,Pano,fil,lio,I-PERS:FILI,NOUN,Marco,9,appos
773,Pano,filio,fecerunt,Pan,ano,B-PERS:COG,PROPN,filio,12,nmod
773,fecerunt,Pano,Marcus,fec,unt,O,VERB,fecerunt,14,ROOT
773,Marcus,fecerunt,Claudius,Mar,cus,B-PERS:PRAE,PROPN,fecerunt,14,nsubj
773,Claudius,Marcus,Evaristianus,Cla,ius,B-PERS:NOMEN,PROPN,Marcus,15,flat:name
773,Evaristianus,Claudius,et,Eva,nus,B-PERS:COG,PROPN,Marcus,15,flat:name
773,et,Evaristianus,Iulia,et,et,O,CCONJ,Iulia,19,cc
773,Iulia,et,Felicitas,Iul,lia,B-PERS:NOMEN,PROPN,Marcus,15,conj
773,Felicitas,Iulia,filiis,Fel,tas,B-PERS:COG,NOUN,Iulia,19,flat:name
773,filiis,Felicitas,piissimis,fil,iis,O,NOUN,Iulia,19,appos
773,piissimis,filiis,libertis,pii,mis,O,ADJ,libertis,23,amod
773,libertis,piissimis,libertabusque,lib,tis,O,ADJ,Marcus,15,conj
773,libertabusque,libertis,posterisque,lib,que,O,VERB,,-1,
773,posterisque,libertabusque,eorum,pos,que,O,NOUN,,-1,
773,eorum,posterisque,in,eor,rum,O,PRON,que,27,nmod
773,in,eorum,fronte,in,in,O,ADP,agra,34,case
773,fronte,in,pedes,fro,nte,O,NOUN,fecerunt,14,obl
773,pedes,fronte,XX,ped,des,O,X,fecerunt,14,obj
773,XX,pedes,in,XX,XX,O,NUM,pedes,31,nummod
773,in,XX,agra,in,in,O,ADP,agra,34,case
773,agra,in,<END>,agr,gra,O,NOUN,pedes,31,nmod
186,Di,<START>,is,Di,Di,O,NOUN,Manibus,3,case
186,is,Di,Manibus,is,is,O,PUNCT,Manibus,3,det
186,Manibus,is,Marco,Man,bus,O,PROPN,vixit,13,obl
186,Marco,Manibus,Clodio,Mar,rco,B-PERS:PRAE,PROPN,vixit,13,obl
186,Clodio,Marco,Satyro,Clo,dio,B-PERS:NOMEN,PROPN,Marco,4,flat:name
186,Satyro,Clodio,Antonia,Sat,yro,B-PERS:COG,PROPN,Marco,4,flat:name
186,Antonia,Satyro,Fortunata,Ant,nia,B-PERS:NOMEN,PROPN,Marco,4,conj
186,Fortunata,Antonia,filiastro,For,ata,B-PERS:COG,PROPN,Antonia,7,flat:name
186,filiastro,Fortunata,suo,fil,tro,O,NOUN,Marco,4,appos
186,suo,filiastro,bene,suo,suo,O,PUNCT,filiastro,9,det
186,bene,suo,merenti,ben,ene,O,ADV,merenti,12,advmod
186,merenti,bene,vixit,mer,nti,O,ADJ,Marco,4,conj
186,vixit,merenti,annis,vix,xit,O,VERB,vixit,13,ROOT
186,annis,vixit,XXIX,ann,nis,O,NOUN,vixit,13,obl
186,XXIX,annis,mensibus,XXI,XIX,O,NUM,annis,14,nummod
186,mensibus,XXIX,VIII,men,bus,O,NOUN,annis,14,nmod
186,VIII,mensibus,diebus,VII,III,O,NUM,mensibus,16,nummod
186,diebus,VIII,XXV,die,bus,O,NOUN,vixit,13,obl
186,XXV,diebus,horis,XXV,XXV,O,NUM,diebus,18,nummod
186,horis,XXV,X,hor,ris,O,NOUN,vixit,13,obl
186,X,horis,sibi,X,X,O,NUM,vixit,13,obl
186,sibi,X,et,sib,ibi,O,PRON,vixit,13,obl
186,et,sibi,posterisque,et,et,O,CCONJ,posteris,24,cc
186,posterisque,et,suis,pos,que,O,NOUN,,-1,
186,suis,posterisque,<END>,sui,uis,O,DET,que,25,det
467,VIvir,<START>,Augustalis,VIv,vir,O,NUM,libertabus,26,advcl:pred
467,Augustalis,VIvir,sibi,Aug,lis,O,ADJ,VIvir,1,amod
467,sibi,Augustalis,et,sib,ibi,O,PRON,libertabus,26,obl:arg
467,et,sibi,Antoniae,et,et,O,CCONJ,coniugi,7,cc
467,Antoniae,et,Marcellae,Ant,iae,B-PERS:NOMEN,PROPN,coniugi,7,nmod
467,Marcellae,Antoniae,coniugi,Mar,lae,B-PERS:COG,PROPN,Antoniae,5,nmod
467,coniugi,Marcellae,defunctae,con,ugi,O,NOUN,Caio,9,appos
467,defunctae,coniugi,Caio,def,tae,O,VERB,coniugi,7,nmod
467,Caio,defunctae,Faltonio,Cai,aio,B-PERS:PRAE,PROPN,Caio,9,flat:name
467,Faltonio,Caio,Apro,Fal,nio,B-PERS:NOMEN,PROPN,Caio,9,flat:name
467,Apro,Faltonio,filio,Apr,pro,B-PERS:COG,VERB,Caio,9,flat:name
467,filio,Apro,eius,fil,lio,O,NOUN,Caio,21,appos
467,eius,filio,Martucanae,eiu,ius,O,ADV,Caio,9,det
467,Martucanae,eius,Cypridi,Mar,nae,B-PERS:NOMEN,PROPN,coniugi,16,nmod
467,Cypridi,Martucanae,coniugi,Cyp,idi,B-PERS:COG,PROPN,Martucanae,14,nmod
467,coniugi,Cypridi,pientissimae,con,ugi,O,NOUN,Caio,9,appos
467,pientissimae,coniugi,Hediae,pie,mae,O,ADJ,Hediae,18,amod
467,Hediae,pientissimae,Maximae,Hed,iae,B-PERS:NOMEN,PROPN,filiae,20,nmod
467,Maximae,Hediae,filiae,Max,mae,B-PERS:COG,ADJ,Hediae,18,flat:name
467,filiae,Maximae,Caio,fil,iae,O,NOUN,coniugi,16,nmod
467,Caio,filiae,Hedio,Cai,aio,B-PERS:PRAE,PROPN,Caio,9,flat:name
467,Hedio,Caio,Vero,Hed,dio,B-PERS:NOMEN,PROPN,Caio,21,flat:name
467,Vero,Hedio,filio,Ver,ero,B-PERS:COG,ADV,Caio,21,flat:name
467,filio,Vero,libertis,fil,lio,O,NOUN,Caio,21,appos
467,libertis,filio,libertabus,lib,tis,O,ADJ,Caio,9,appos
467,libertabus,libertis,posterisque,lib,bus,O,VERB,libertabus,26,ROOT
467,posterisque,libertabus,eorum,pos,que,O,NOUN,,-1,
467,eorum,posterisque,<END>,eor,rum,O,PRON,que,28,nmod
790,Matronis,<START>,Amartninehis,Mat,nis,O,PROPN,Matronis,1,ROOT
790,Amartninehis,Matronis,Titus,Ama,his,O,PROPN,Matronis,1,flat:name
790,Titus,Amartninehis,Iulius,Tit,tus,B-PERS:PRAE,PROPN,Matronis,1,nsubj
790,Iulius,Titus,Vitalis,Iul,ius,B-PERS:NOMEN,PROPN,Titus,3,flat:name
790,Vitalis,Iulius,pro,Vit,lis,B-PERS:COG,ADJ,Titus,3,flat:name
790,pro,Vitalis,se,pro,pro,O,ADP,se,7,case
790,se,pro,et,se,se,O,PRON,solvit,11,obl
790,et,se,suis,et,et,O,CCONJ,suis,9,cc
790,suis,et,votum,sui,uis,O,DET,se,7,conj
790,votum,suis,solvit,vot,tum,O,NOUN,solvit,11,obj
790,solvit,votum,libens,sol,vit,O,VERB,Matronis,1,conj
790,libens,solvit,merito,lib,ens,O,ADJ,solvit,11,advcl:pred
790,merito,libens,<END>,mer,ito,O,VERB,solvit,11,obl
175,Dis,<START>,Manibus,Dis,Dis,O,NOUN,Manibus,2,case
175,Manibus,Dis,Titi,Man,bus,O,PROPN,fecit,11,obl
175,Titi,Manibus,Flavi,Tit,iti,B-PERS:PRAE,PROPN,Manibus,2,nmod
175,Flavi,Titi,SCmaragdi,Fla,avi,B-PERS:NOMEN,PROPN,Titi,3,flat:name
175,SCmaragdi,Flavi,Ulpia,SCm,gdi,B-PERS:COG,NOUN,Titi,3,flat:name
175,Ulpia,SCmaragdi,Octavia,Ulp,pia,B-PERS:NOMEN,PROPN,fecit,11,obl
175,Octavia,Ulpia,coniugi,Oct,via,B-PERS:COG,PROPN,Ulpia,6,nsubj
175,coniugi,Octavia,bene,con,ugi,O,NOUN,fecit,11,obl:arg
175,bene,coniugi,merenti,ben,ene,O,ADV,merenti,10,advmod
175,merenti,bene,fecit,mer,nti,O,ADJ,coniugi,8,acl
175,fecit,merenti,<END>,fec,cit,O,VERB,fecit,11,ROOT
151,Magia,<START>,Luci,Mag,gia,O,NOUN,Magia,1,ROOT
151,Luci,Magia,Magii,Luc,uci,O,PROPN,Magia,1,nmod
151,Magii,Luci,Erotis,Mag,gii,O,NOUN,Luci,2,nmod
151,Erotis,Magii,filia,Ero,tis,O,PROPN,Luci,2,flat:name
151,filia,Erotis,Pulchra,fil,lia,O,NOUN,Luci,2,appos
151,Pulchra,filia,et,Pul,hra,O,ADJ,Luci,2,flat:name
151,et,Pulchra,porticunculam,et,et,O,CCONJ,dedicavit,13,cc
151,porticunculam,et,Minervae,por,lam,O,NOUN,Magia,1,conj
151,Minervae,porticunculam,et,Min,vae,O,PROPN,porticunculam,8,nmod
151,et,Minervae,dedit,et,et,O,CCONJ,dedicavit,13,cc
151,dedit,et,et,ded,dit,O,VERB,Magia,1,conj
151,et,dedit,dedicavit,et,et,O,CCONJ,dedicavit,13,cc
151,dedicavit,et,<END>,ded,vit,O,VERB,dedit,11,conj
742,Aeliae,<START>,Florentiae,Ael,iae,B-PERS:NOMEN,PROPN,feminae,4,dislocated
742,Florentiae,Aeliae,incomparabili,Flo,iae,B-PERS:COG,PROPN,Aeliae,1,nmod
742,incomparabili,Florentiae,feminae,inc,ili,O,ADJ,Florentiae,2,amod
742,feminae,incomparabili,quae,fem,nae,O,NOUN,feci,17,parataxis
742,quae,feminae,vixit,qua,uae,O,PRON,vixit,6,nsubj
742,vixit,quae,annos,vix,xit,O,VERB,feminae,4,acl:relcl
742,annos,vixit,V,ann,nos,O,NOUN,vixit,6,obl
742,V,annos,in,V,V,O,,annos,7,nummod
742,in,V,coniugio,in,in,O,ADP,tempore,23,case
742,coniugio,in,annos,con,gio,O,NOUN,vixit,6,obl
742,annos,coniugio,X,ann,nos,O,NOUN,vixit,6,obl
742,X,annos,Aurelius,X,X,O,NUM,annos,11,nummod
742,Aurelius,X,Ireneus,Aur,ius,B-PERS:NOMEN,PROPN,feci,17,nsubj
742,Ireneus,Aurelius,coniugi,Ire,eus,B-PERS:COG,PROPN,Aurelius,13,flat:name
742,coniugi,Ireneus,digne,con,ugi,O,NOUN,digne,16,obl:arg
742,digne,coniugi,feci,dig,gne,O,ADV,feci,17,xcomp
742,feci,digne,in,fec,eci,O,VERB,feci,17,ROOT
742,in,feci,pace,in,in,O,ADP,tempore,23,case
742,pace,in,et,pac,ace,O,PUNCT,feci,17,obl
742,et,pace,mihi,et,et,O,CCONJ,mihi,21,cc
742,mihi,et,in,mih,ihi,O,PRON,pace,19,conj
742,in,mihi,tempore,in,in,O,ADP,tempore,23,case
742,tempore,in,<END>,tem,ore,O,NOUN,mihi,21,appos
114,Marco,<START>,Sufenae,Mar,rco,B-PERS:PRAE,PROPN,fecerunt,22,obl
114,Sufenae,Marco,Marci,Suf,nae,B-PERS:NOMEN,PROPN,Marco,1,flat:name
114,Marci,Sufenae,filio,Mar,rci,B-PERS:FILI,PROPN,filio,4,nmod
114,filio,Marci,Palatina,fil,lio,I-PERS:FILI,NOUN,fecerunt,22,obl:arg
114,Palatina,filio,Titiano,Pal,ina,B-PERS:TRIBE,ADJ,filio,4,nmod
114,Titiano,Palatina,militi,Tit,ano,B-PERS:COG,PROPN,Marco,1,flat:name
114,militi,Titiano,legionis,mil,iti,O,NOUN,Marco,1,appos
114,legionis,militi,V,leg,nis,O,NOUN,militi,7,nmod
114,V,legionis,Macedonicae,V,V,O,,legionis,8,nummod
114,Macedonicae,V,beneficiario,Mac,cae,O,ADJ,V,9,nmod
114,beneficiario,Macedonicae,consularis,ben,rio,O,NOUN,vixit,13,obl
114,consularis,beneficiario,vixit,con,ris,B-TITLE,NOUN,beneficiario,11,amod
114,vixit,consularis,annos,vix,xit,O,VERB,Marco,1,conj
114,annos,vixit,XXV,ann,nos,O,NOUN,Marco,1,conj
114,XXV,annos,militavit,XXV,XXV,O,NUM,annos,14,nummod
114,militavit,XXV,annos,mil,vit,O,VERB,Marco,1,conj
114,annos,militavit,VII,ann,nos,O,NOUN,Marco,1,conj
114,VII,annos,parentes,VII,VII,O,NUM,annos,17,nummod
114,parentes,VII,filio,par,tes,O,NOUN,fecerunt,22,nsubj
114,filio,parentes,pientissimo,fil,lio,O,NOUN,fecerunt,22,obl:arg
114,pientissimo,filio,fecerunt,pie,imo,O,ADJ,filio,20,amod
114,fecerunt,pientissimo,hic,fec,unt,O,VERB,fecerunt,22,ROOT
114,hic,fecerunt,situs,hic,hic,O,ADV,situs,24,nsubj
114,situs,hic,est,sit,tus,O,NOUN,fecerunt,22,conj
114,est,situs,<END>,est,est,O,AUX,situs,24,cop
429,Dis,<START>,Manibus,Dis,Dis,O,NOUN,Manibus,2,case
429,Manibus,Dis,sacrum,Man,bus,O,PROPN,invocatur,5,obl
429,sacrum,Manibus,hic,sac,rum,O,ADJ,invocatur,5,nsubj:pass
429,hic,sacrum,invocatur,hic,hic,O,ADV,invocatur,5,nsubj:pass
429,invocatur,hic,Fructuosus,inv,tur,O,VERB,invocatur,5,ROOT
429,Fructuosus,invocatur,annorum,Fru,sus,B-PERS,ADJ,invocatur,5,xcomp
429,annorum,Fructuosus,XXVII,ann,rum,O,NOUN,sacrum,3,nmod
429,XXVII,annorum,pius,XXV,VII,O,NUM,annorum,7,nummod
429,pius,XXVII,in,piu,ius,O,ADJ,invocatur,5,xcomp
429,in,pius,suiOs,in,in,O,ADP,suiOs,11,case
429,suiOs,in,sit,sui,iOs,O,DET,pius,9,obl
429,sit,suiOs,tibi,sit,sit,O,AUX,pius,9,cop
429,tibi,sit,terra,tib,ibi,O,PRON,pius,9,obl
429,terra,tibi,levis,ter,rra,O,NOUN,pius,9,nsubj
429,levis,terra,<END>,lev,vis,O,ADJ,terra,14,amod
966,pluribusve,<START>,stipendiis,plu,sve,O,DET,dimissis,4,nsubj:pass
966,stipendiis,pluribusve,emeritis,sti,iis,O,NOUN,emeritis,3,nsubj:pass
966,emeritis,stipendiis,dimissis,eme,tis,O,VERB,pluribusve,1,conj
966,dimissis,emeritis,honesta,dim,sis,O,VERB,dedit,17,advcl:abs
966,honesta,dimissis,missione,hon,sta,O,ADJ,missione,6,amod
966,missione,honesta,quorum,mis,one,O,NOUN,dedit,17,obl
966,quorum,missione,nomina,quo,rum,O,PRON,nomina,8,nmod
966,nomina,quorum,subscripta,nom,ina,O,ADJ,subscripta,9,nsubj:pass
966,subscripta,nomina,sunt,sub,pta,O,VERB,missione,6,acl:relcl
966,sunt,subscripta,ipsis,sun,unt,O,PUNCT,subscripta,9,aux:pass
966,ipsis,sunt,liberis,ips,sis,O,DET,liberis,12,det
966,liberis,ipsis,posterisque,lib,ris,O,ADJ,dedit,17,obl:arg
966,posterisque,liberis,eorum,pos,que,O,NOUN,,-1,
966,eorum,posterisque,civitatem,eor,rum,O,PRON,que,14,nmod
966,civitatem,eorum,dedit,civ,tem,O,NOUN,dedit,17,obj
966,dedit,civitatem,et,ded,dit,O,VERB,dedit,17,ROOT
966,et,dedit,conubium,et,et,O,CCONJ,data,29,cc
966,conubium,et,cum,con,ium,O,NOUN,data,29,obj
966,cum,conubium,uxoribus,cum,cum,O,ADP,civitas,27,mark
966,uxoribus,cum,quas,uxo,bus,O,NOUN,conubium,19,nmod
966,quas,uxoribus,tunc,qua,uas,O,PRON,habuissent,24,obj
966,tunc,quas,habuissent,tun,unc,O,ADV,habuissent,24,advmod:tmod
966,habuissent,tunc,cum,hab,ent,O,VERB,uxoribus,21,acl:relcl
966,cum,habuissent,est,cum,cum,O,ADP,civitas,27,mark
966,est,cum,civitas,est,est,O,AUX,civitas,27,cop
966,civitas,est,iis,civ,tas,O,NOUN,data,29,obl
966,iis,civitas,data,iis,iis,O,PRON,data,29,obl:arg
966,data,iis,<END>,dat,ata,O,VERB,dedit,17,conj
19,Genium,<START>,plateae,Gen,ium,O,PROPN,dederunt,50,nsubj
19,plateae,Genium,novi,pla,eae,O,NOUN,Genium,1,nmod
19,novi,plateae,vici,nov,ovi,O,PUNCT,vici,4,amod
19,vici,novi,cum,vic,ici,O,VERB,plateae,2,nmod
19,cum,vici,aedicula,cum,cum,O,ADP,aedicula,6,case
19,aedicula,cum,et,aed,ula,O,NOUN,Genium,1,nmod
19,et,aedicula,ara,et,et,O,CCONJ,Clementino,53,cc
19,ara,et,Titus,ara,ara,O,NOUN,aedicula,6,conj
19,Titus,ara,Flavius,Tit,tus,B-PERS:PRAE,PROPN,Genium,1,dislocated
19,Flavius,Titus,Sanctinus,Fla,ius,B-PERS:NOMEN,PROPN,Titus,9,flat:name
19,Sanctinus,Flavius,miles,San,nus,B-PERS:COG,ADJ,miles,12,amod
19,miles,Sanctinus,legionis,mil,les,O,NOUN,Titus,9,appos
19,legionis,miles,XXII,leg,nis,O,NOUN,miles,12,nmod
19,XXII,legionis,Primigeniae,XXI,XII,O,NUM,Titus,9,nummod
19,Primigeniae,XXII,Alexandrianae,Pri,iae,O,PROPN,Titus,9,nmod
19,Alexandrianae,Primigeniae,Piae,Ale,nae,O,PROPN,Titus,9,appos
19,Piae,Alexandrianae,Fidelis,Pia,iae,O,PROPN,civis,47,nmod
19,Fidelis,Piae,immunis,Fid,lis,O,ADJ,Alexandrianae,16,conj
19,immunis,Fidelis,consularis,imm,nis,O,ADJ,consularis,20,amod
19,consularis,immunis,et,con,ris,O,NOUN,Alexandrianae,16,conj
19,et,consularis,Perpetuus,et,et,O,CCONJ,Clementino,53,cc
19,Perpetuus,et,et,Per,uus,B-PERS,ADJ,Alexandrianae,16,conj
19,et,Perpetuus,Felix,et,et,O,CCONJ,Clementino,53,cc
19,Felix,et,fratres,Fel,lix,B-PERS,PROPN,Alexandrianae,16,conj
19,fratres,Felix,cives,fra,res,O,NOUN,Titus,9,appos
19,cives,fratres,Romani,civ,ves,O,NOUN,fratres,25,nsubj
19,Romani,cives,et,Rom,ani,O,ADJ,cives,26,amod
19,et,Romani,Taunenses,et,et,O,CCONJ,Clementino,53,cc
19,Taunenses,et,ex,Tau,ses,O,PROPN,Romani,27,conj
19,ex,Taunenses,origine,ex,ex,O,ADP,origine,31,case
19,origine,ex,patris,ori,ine,O,NOUN,cives,26,nmod
19,patris,origine,Titi,pat,ris,O,NOUN,origine,31,nmod
19,Titi,patris,Flavi,Tit,iti,O,PROPN,patris,32,flat
19,Flavi,Titi,Materni,Fla,avi,O,PROPN,Titi,33,flat:name
19,Materni,Flavi,veterani,Mat,rni,O,PROPN,cohortis,37,amod
19,veterani,Materni,cohortis,vet,ani,O,ADJ,Materni,35,amod
19,cohortis,veterani,III,coh,tis,O,NOUN,fratres,25,nmod
19,III,cohortis,praetoriae,III,III,O,NUM,fratres,25,dep
19,praetoriae,III,Piae,pra,iae,O,ADJ,fratres,25,amod
19,Piae,praetoriae,Vindicis,Pia,iae,O,PROPN,civis,47,nmod
19,Vindicis,Piae,et,Vin,cis,O,NOUN,Piae,40,flat:name
19,et,Vindicis,Aurelia,et,et,O,CCONJ,Clementino,53,cc
19,Aurelia,et,Ammias,Aur,lia,B-PERS:NOMEN,ADJ,Ammias,44,amod
19,Ammias,Aurelia,mater,Amm,ias,B-PERS:COG,NOUN,Piae,40,conj
19,mater,Ammias,eorum,mat,ter,O,NOUN,Ammias,44,appos
19,eorum,mater,civis,eor,rum,O,PRON,Ammias,44,nmod
19,civis,eorum,Romana,civ,vis,O,NOUN,fratres,25,appos
19,Romana,civis,donum,Rom,ana,O,ADJ,civis,47,amod
19,donum,Romana,dederunt,don,num,O,NOUN,dederunt,50,obj
19,dederunt,donum,Agricola,ded,unt,O,VERB,dederunt,50,ROOT
19,Agricola,dederunt,et,Agr,ola,B-PERS,PROPN,consulibus,54,nsubj
19,et,Agricola,Clementino,et,et,O,CCONJ,Clementino,53,cc
19,Clementino,et,consulibus,Cle,ino,B-PERS,PROPN,Agricola,51,conj
19,consulibus,Clementino,<END>,con,bus,O,NOUN,dederunt,50,obl:arg
190,Marti,<START>,sacrum,Mar,rti,O,PROPN,sacrum,2,nmod
190,sacrum,Marti,Titus,sac,rum,O,ADJ,sacrum,2,ROOT
190,Titus,sacrum,Livius,Tit,tus,B-PERS:PRAE,PROPN,sacrum,2,flat
190,Livius,Titus,Titi,Liv,ius,B-PERS:NOMEN,PROPN,Titus,3,flat:name
190,Titi,Livius,filius,Tit,iti,B-PERS:FILI,PROPN,filius,6,nmod
190,filius,Titi,Falerna,fil,ius,I-PERS:FILI,NOUN,Lucius,17,appos
190,Falerna,filius,Successus,Fal,rna,B-PERS:TRIBE,PROPN,Titus,3,nmod
190,Successus,Falerna,Caudio,Suc,sus,B-PERS:COG,NOUN,sacrum,2,appos
190,Caudio,Successus,miles,Cau,dio,B-LOC,NOUN,Successus,8,flat:name
190,miles,Caudio,cohortis,mil,les,O,NOUN,Verus,24,appos
190,cohortis,miles,I,coh,tis,O,NOUN,miles,25,nmod
190,I,cohortis,praetoriae,I,I,O,NUM,cohortis,11,nummod
190,praetoriae,I,Lepidi,pra,iae,O,ADJ,V,27,amod
190,Lepidi,praetoriae,centuria,Lep,idi,B-PERS,PROPN,centuria,15,nmod
190,centuria,Lepidi,Pompei,cen,ria,O,NOUN,Successus,8,conj
190,Pompei,centuria,Lucius,Pom,pei,B-LOC,PROPN,centuria,15,nmod
190,Lucius,Pompei,Clarennius,Luc,ius,B-PERS:PRAE,PROPN,Successus,8,conj
190,Clarennius,Lucius,Luci,Cla,ius,B-PERS:NOMEN,PROPN,Lucius,17,flat:name
190,Luci,Clarennius,filius,Luc,uci,B-PERS:FILI,PROPN,filius,20,nmod
190,filius,Luci,Pollia,fil,ius,I-PERS:FILI,NOUN,Lucius,17,appos
190,Pollia,filius,Fano,Pol,lia,B-PERS:TRIBE,PROPN,Successus,8,conj
190,Fano,Pollia,Fortunae,Fan,ano,B-PERS:COG,PROPN,Pollia,21,flat:name
190,Fortunae,Fano,Verus,For,nae,B-PERS:AG,PROPN,Fano,22,flat:name
190,Verus,Fortunae,miles,Ver,rus,B-PERS:COG,ADV,Successus,8,conj
190,miles,Verus,cohortis,mil,les,O,NOUN,Verus,24,appos
190,cohortis,miles,V,coh,tis,O,NOUN,miles,25,nmod
190,V,cohortis,praetoriae,V,V,O,,cohortis,26,nummod
190,praetoriae,V,<END>,pra,iae,B-TITLE,ADJ,V,27,amod
415,Dis,<START>,Manibus,Dis,Dis,O,NOUN,Manibus,2,case
415,Manibus,Dis,Marco,Man,bus,O,PROPN,pugnavit,12,obl
415,Marco,Manibus,Ulpio,Mar,rco,B-PERS:PRAE,PROPN,pugnavit,12,obl
415,Ulpio,Marco,Aracintho,Ulp,pio,B-PERS:NOMEN,PROPN,Marco,3,flat:name
415,Aracintho,Ulpio,retiario,Ara,tho,B-PERS:COG,PROPN,Marco,3,flat:name
415,retiario,Aracintho,Hispano,ret,rio,O,ADJ,Marco,3,amod
415,Hispano,retiario,palo,His,ano,O,PROPN,retiario,6,obl
415,palo,Hispano,primo,pal,alo,O,NOUN,retiario,6,obl
415,primo,palo,natione,pri,imo,O,ADV,natione,10,amod
415,natione,primo,Palantinus,nat,one,O,NOUN,palo,8,nmod
415,Palantinus,natione,pugnavit,Pal,nus,B-LOC,PROPN,pugnavit,12,nsubj
415,pugnavit,Palantinus,in,pug,vit,O,VERB,pugnavit,12,ROOT
415,in,pugnavit,ludo,in,in,O,ADP,ludo,14,case
415,ludo,in,Imperatoris,lud,udo,O,VERB,pugnavit,12,obl
415,Imperatoris,ludo,XI,Imp,ris,O,NOUN,ludo,14,nmod
415,XI,Imperatoris,vixit,XI,XI,O,NUM,Imperatoris,15,nummod
415,vixit,XI,annos,vix,xit,O,VERB,pugnavit,12,conj
415,annos,vixit,XXIIII,ann,nos,O,NOUN,vixit,17,obj
415,XXIIII,annos,<END>,XXI,III,O,NUM,annos,18,nummod
590,L,<START>,merito,L,L,O,PUNCT,ius,4,det
590,merito,L,monumentum,mer,ito,O,VERB,L,1,dep
590,monumentum,merito,ius,mon,tum,O,NOUN,L,1,dep
590,ius,monumentum,vir,ius,ius,O,NOUN,ius,4,ROOT
590,vir,ius,spectabilis,vir,vir,O,VERB,vir,5,appos
590,spectabilis,vir,optimus,spe,lis,O,ADJ,vir,5,amod
590,optimus,spectabilis,vir,opt,mus,O,ADJ,vir,8,amod
590,vir,optimus,itae,vir,vir,O,VERB,vir,5,appos
590,itae,vir,coniugi,ita,tae,O,ADV,ius,4,dep
590,coniugi,itae,colende,con,ugi,O,NOUN,colende,11,obl:arg
590,colende,coniugi,sibi,col,nde,O,X,ius,4,conj
590,sibi,colende,praeferen,sib,ibi,O,PRON,praeferen,13,obl:arg
590,praeferen,sibi,<END>,pra,ren,O,VERB,colende,11,conj
667,Asella,<START>,famula,Ase,lla,B-PERS,PROPN,vixit,4,nsubj
667,famula,Asella,dei,fam,ula,O,NOUN,Asella,1,appos
667,dei,famula,vixit,dei,dei,O,PUNCT,famula,2,nmod
667,vixit,dei,annos,vix,xit,O,VERB,requievit,7,advcl
667,annos,vixit,XXVI,ann,nos,O,NOUN,requievit,7,obj
667,XXVI,annos,requievit,XXV,XVI,O,NUM,annos,5,nummod
667,requievit,XXVI,in,req,vit,O,VERB,requievit,7,ROOT
667,in,requievit,pace,in,in,O,ADP,pace,9,case
667,pace,in,die,pac,ace,O,PUNCT,requievit,7,obl
667,die,pace,VIII,die,die,O,PUNCT,requievit,7,obl
667,VIII,die,Idus,VII,III,O,NUM,die,10,nummod
667,Idus,VIII,Septembres,Idu,dus,O,NOUN,die,10,nmod
667,Septembres,Idus,aera,Sep,res,O,NOUN,Idus,12,amod
667,aera,Septembres,DLXas,aer,era,O,NOUN,requievit,7,obj
667,DLXas,aera,<END>,DLX,Xas,O,ADV,aera,14,amod
764,Imperatori,<START>,Caesari,Imp,ori,B-PERS:TITLE,NOUN,Brigetionenses,13,nmod
764,Caesari,Imperatori,Lucio,Cae,ari,B-PERS:TITLE,PROPN,Imperatori,1,dep
764,Lucio,Caesari,Septimio,Luc,cio,B-PERS:PRAE,PROPN,Caesari,2,conj
764,Septimio,Lucio,Severo,Sep,mio,B-PERS:NOMEN,PROPN,Lucio,3,flat:name
764,Severo,Septimio,Pio,Sev,ero,B-PERS:COG,PROPN,Lucio,3,flat:name
764,Pio,Severo,Pertinaci,Pio,Pio,B-PERS:AG,PROPN,Imperatori,1,nsubj
764,Pertinaci,Pio,Augusto,Per,aci,B-PERS:AG,PROPN,Pio,6,flat:name
764,Augusto,Pertinaci,Arabico,Aug,sto,B-PERS:TITLE,PROPN,Pio,6,conj
764,Arabico,Augusto,Adiabenico,Ara,ico,B-PERS:AG,ADJ,Augusto,8,amod
764,Adiabenico,Arabico,Parthico,Adi,ico,B-PERS:AG,ADJ,Pio,6,conj
764,Parthico,Adiabenico,maximo,Par,ico,B-PERS:AG,ADJ,Pio,6,flat:name
764,maximo,Parthico,Brigetionenses,max,imo,I-PERS:AG,ADJ,Pio,6,conj
764,Brigetionenses,maximo,publice,Bri,ses,O,ADJ,Brigetionenses,13,ROOT
764,publice,Brigetionenses,decreto,pub,ice,O,ADV,decreto,15,amod
764,decreto,publice,decurionum,dec,eto,O,NOUN,decurionum,16,obl
764,decurionum,decreto,<END>,dec,num,O,NOUN,Brigetionenses,13,conj
222,Marci,<START>,Lusi,Mar,rci,B-PERS:PRAE,PROPN,Modestus,6,nmod
222,Lusi,Marci,Severi,Lus,usi,B-PERS:NOMEN,ADJ,Marci,1,flat:name
222,Severi,Lusi,clarissimi,Sev,eri,B-PERS:COG,PROPN,Marci,1,flat:name
222,clarissimi,Severi,viri,cla,imi,O,ADJ,viri,5,amod
222,viri,clarissimi,Modestus,vir,iri,O,NOUN,Marci,1,conj
222,Modestus,viri,Libero,Mod,tus,B-PERS:COG,PROPN,restituit,11,nsubj
222,Libero,Modestus,templum,Lib,ero,B-PERS:FILI,VERB,restituit,11,obl:arg
222,templum,Libero,ex,tem,lum,O,NOUN,restituit,11,obj
222,ex,templum,voto,ex,ex,O,ADP,voto,10,case
222,voto,ex,restituit,vot,oto,O,NOUN,restituit,11,obl
222,restituit,voto,<END>,res,uit,O,VERB,restituit,11,ROOT
587,Gellia,<START>,Quinti,Gel,lia,B-PERS:NOMEN,PROPN,vixit,10,nsubj
587,Quinti,Gellia,filia,Qui,nti,B-PERS:FILI,PROPN,filia,3,nmod
587,filia,Quinti,Saturnina,fil,lia,I-PERS:FILI,NOUN,Gellia,1,appos
587,Saturnina,filia,Cai,Sat,ina,B-PERS:COG,PROPN,Gellia,1,conj
587,Cai,Saturnina,Aemili,Cai,Cai,B-PERS:PRAE,PROPN,uxor,8,nmod
587,Aemili,Cai,Proculi,Aem,ili,B-PERS:NOMEN,PROPN,Cai,5,flat:name
587,Proculi,Aemili,uxor,Pro,uli,B-PERS:COG,PROPN,Aemili,6,flat:name
587,uxor,Proculi,pia,uxo,xor,O,NOUN,Gellia,1,appos
587,pia,uxor,vixit,pia,pia,O,NOUN,uxor,8,amod
587,vixit,pia,annis,vix,xit,O,VERB,vixit,10,ROOT
587,annis,vixit,LV,ann,nis,O,NOUN,vixit,10,obj
587,LV,annis,hic,LV,LV,O,NUM,vixit,10,obl:tmod
587,hic,LV,sita,hic,hic,O,ADV,sita,14,advmod:lmod
587,sita,hic,est,sit,ita,O,ADJ,vixit,10,conj
587,est,sita,<END>,est,est,O,AUX,sita,14,aux:pass
582,Dis,<START>,Manibus,Dis,Dis,O,NOUN,Manibus,2,case
582,Manibus,Dis,sacrum,Man,bus,O,PROPN,Manibus,2,ROOT
582,sacrum,Manibus,Decimus,sac,rum,O,ADJ,Manibus,2,nmod
582,Decimus,sacrum,Iulius,Dec,mus,B-PERS:PRAE,ADJ,Candidus,8,amod
582,Iulius,Decimus,Quinti,Iul,ius,B-PERS:NOMEN,PROPN,Decimus,4,flat:name
582,Quinti,Iulius,filius,Qui,nti,B-PERS:FILI,PROPN,filius,7,nmod
582,filius,Quinti,Candidus,fil,ius,I-PERS:FILI,NOUN,Iulius,5,appos
582,Candidus,filius,cohortis,Can,dus,B-PERS:COG,PROPN,Manibus,2,nsubj
582,cohortis,Candidus,primae,coh,tis,O,NOUN,annorum,12,nmod
582,primae,cohortis,Vangionum,pri,mae,O,ADJ,cohortis,9,amod
582,Vangionum,primae,annorum,Van,num,O,PROPN,annorum,12,nmod
582,annorum,Vangionum,XXXX,ann,rum,O,NOUN,Manibus,2,nmod
582,XXXX,annorum,<END>,XXX,XXX,O,NUM,annorum,12,nummod
300,INV,<START>,posuerunt,INV,INV,O,NUM,posuerunt,2,advmod
300,posuerunt,INV,coniunx,pos,unt,O,VERB,posuerunt,2,ROOT
300,coniunx,posuerunt,et,con,unx,O,NOUN,vixit,16,nsubj
300,et,coniunx,filii,et,et,O,CCONJ,vixit,16,cc
300,filii,et,patri,fil,lii,O,NOUN,coniunx,3,conj
300,patri,filii,suo,pat,tri,O,NOUN,coniunx,3,nmod
300,suo,patri,bene,suo,suo,O,PUNCT,patri,6,det
300,bene,suo,merenti,ben,ene,O,ADV,merenti,9,advmod
300,merenti,bene,hic,mer,nti,O,ADJ,posuerunt,2,advcl
300,hic,merenti,situs,hic,hic,O,ADV,situs,11,nsubj
300,situs,hic,est,sit,tus,O,NOUN,posuerunt,2,conj
300,est,situs,et,est,est,O,AUX,situs,11,cop
300,et,est,Severia,et,et,O,CCONJ,vixit,16,cc
300,Severia,et,filia,Sev,ria,B-PERS:NOMEN,PROPN,vixit,16,nsubj
300,filia,Severia,vixit,fil,lia,B-PERS:FILI,NOUN,Severia,14,appos
300,vixit,filia,annos,vix,xit,O,VERB,posuerunt,2,conj
300,annos,vixit,LXVII,ann,nos,O,NOUN,vixit,16,obl
300,LXVII,annos,coniunx,LXV,VII,O,NUM,annos,17,nummod
300,coniunx,LXVII,eius,con,unx,O,NOUN,vixit,16,nsubj
300,eius,coniunx,<END>,eiu,ius,O,ADV,coniunx,19,nmod
639,Caius,<START>,Luconius,Cai,ius,B-PERS:PRAE,PROPN,Caius,1,ROOT
639,Luconius,Caius,eques,Luc,ius,B-PERS:NOMEN,PROPN,Caius,1,flat:name
639,eques,Luconius,cohortis,equ,ues,O,NOUN,Caius,1,appos
639,cohortis,eques,I,coh,tis,O,NOUN,eques,3,nmod
639,I,cohortis,Flaviae,I,I,O,NUM,cohortis,4,nummod
639,Flaviae,I,Cilicum,Fla,iae,O,PROPN,I,5,nmod
639,Cilicum,Flaviae,equitatae,Cil,cum,O,PROPN,Caius,1,conj
639,equitatae,Cilicum,turma,equ,tae,O,NOUN,turma,9,nmod
639,turma,equitatae,Scaevae,tur,rma,O,NOUN,situs,12,dislocated
639,Scaevae,turma,hic,Sca,vae,O,PROPN,turma,9,nmod
639,hic,Scaevae,situs,hic,hic,O,ADV,situs,12,nsubj
639,situs,hic,est,sit,tus,O,NOUN,Caius,1,conj
639,est,situs,sit,est,est,O,AUX,situs,12,cop
639,sit,est,tibi,sit,sit,O,AUX,situs,12,cop
639,tibi,sit,terra,tib,ibi,O,PRON,terra,16,obl:arg
639,terra,tibi,levis,ter,rra,O,NOUN,Caius,1,nsubj
639,levis,terra,<END>,lev,vis,O,ADJ,terra,16,amod
387,Deae,<START>,SyUriae,Dea,eae,O,NOUN,Aurelius,3,nmod
387,SyUriae,Deae,Aurelius,SyU,iae,O,PROPN,Deae,1,amod
387,Aurelius,SyUriae,Gaianus,Aur,ius,B-PERS:NOMEN,PROPN,Aurelius,3,ROOT
387,Gaianus,Aurelius,decurio,Gai,nus,B-PERS:COG,PROPN,Aurelius,3,flat:name
387,decurio,Gaianus,municipii,dec,rio,O,NOUN,Aurelius,3,appos
387,municipii,decurio,Porolissensis,mun,pii,B-LOC,NOUN,decurio,5,nmod
387,Porolissensis,municipii,sacerdos,Por,sis,I-LOC,ADJ,municipii,6,amod
387,sacerdos,Porolissensis,dei,sac,dos,O,NOUN,Aurelius,3,appos
387,dei,sacerdos,<END>,dei,dei,O,PUNCT,sacerdos,8,nmod
365,praetor,<START>,duuOmvir,pra,tor,B-TITLE,NOUN,fecit,8,nsubj
365,duuOmvir,praetor,solo,duu,vir,O,NOUN,praetor,1,amod
365,solo,duuOmvir,macellum,sol,olo,O,PUNCT,fecit,8,obl
365,macellum,solo,de,mac,lum,O,NOUN,fecit,8,obj
365,de,macellum,sua,de,de,O,ADP,pecunia,7,case
365,sua,de,pecunia,sua,sua,O,DET,pecunia,7,det
365,pecunia,sua,fecit,pec,nia,O,NOUN,macellum,4,nmod
365,fecit,pecunia,<END>,fec,cit,O,VERB,fecit,8,ROOT
880,Lucio,<START>,Minicio,Luc,cio,B-PERS:PRAE,PROPN,Lucio,1,ROOT
880,Minicio,Lucio,Natali,Min,cio,B-PERS:NOMEN,PROPN,Lucio,1,flat:name
880,Natali,Minicio,Quadronio,Nat,ali,B-PERS:COG,PROPN,Minicio,2,flat:name
880,Quadronio,Natali,Vero,Qua,nio,B-PERS:AG,NOUN,Natali,3,flat:name
880,Vero,Quadronio,proconsuli,Ver,ero,B-PERS:AG,ADV,Lucio,1,conj
880,proconsuli,Vero,Africae,pro,uli,B-TITLE,NOUN,Vero,5,nmod
880,Africae,proconsuli,patrono,Afr,cae,B-LOC,PROPN,proconsuli,6,nmod
880,patrono,Africae,Lepcitani,pat,ono,O,NOUN,Lucio,1,appos
880,Lepcitani,patrono,publice,Lep,ani,B-LOC,ADJ,patrono,8,nmod
880,publice,Lepcitani,<END>,pub,ice,O,ADV,Lucio,1,advmod
335,ae,<START>,et,ae,ae,O,CCONJ,Iuliae,3,cc
335,et,ae,Iuliae,et,et,O,CCONJ,Basso,31,cc
335,Iuliae,et,Domnae,Iul,iae,B-PERS:NOMEN,PROPN,KCalendas,33,nmod
335,Domnae,Iuliae,Augustae,Dom,nae,B-PERS:COG,NOUN,Iuliae,3,flat:name
335,Augustae,Domnae,matri,Aug,tae,B-PERS:TITLE,PROPN,Domnae,4,amod
335,matri,Augustae,Auggustorum,mat,tri,O,NOUN,Iuliae,3,appos
335,Auggustorum,matri,et,Aug,rum,O,NOUN,Fortunae,21,nmod
335,et,Auggustorum,castrorum,et,et,O,CCONJ,Basso,31,cc
335,castrorum,et,Iovi,cas,rum,O,NOUN,Auggustorum,7,conj
335,Iovi,castrorum,Optimo,Iov,ovi,O,PROPN,Iuliae,3,conj
335,Optimo,Iovi,Maximo,Opt,imo,O,ADJ,Iovi,10,amod
335,Maximo,Optimo,Iunoni,Max,imo,O,PROPN,Iovi,10,conj
335,Iunoni,Maximo,Reginae,Iun,oni,O,PROPN,Iovi,10,conj
335,Reginae,Iunoni,Minervae,Reg,nae,O,NOUN,Iovi,10,conj
335,Minervae,Reginae,Saluti,Min,vae,O,PROPN,Iovi,10,conj
335,Saluti,Minervae,Marti,Sal,uti,O,NOUN,Iovi,10,conj
335,Marti,Saluti,Patri,Mar,rti,O,PROPN,Iovi,10,conj
335,Patri,Marti,Victoriae,Pat,tri,O,NOUN,Iovi,10,conj
335,Victoriae,Patri,Auggustorum,Vic,iae,O,PROPN,Iovi,10,conj
335,Auggustorum,Victoriae,Fortunae,Aug,rum,O,NOUN,Fortunae,21,nmod
335,Fortunae,Auggustorum,Reduci,For,nae,O,PROPN,Iovi,10,conj
335,Reduci,Fortunae,devictis,Red,uci,O,ADJ,Iovi,10,conj
335,devictis,Reduci,hostis,dev,tis,O,VERB,dedicavit,27,advcl:abs
335,hostis,devictis,voto,hos,tis,O,NOUN,devictis,23,obl
335,voto,hostis,soluto,vot,oto,O,NOUN,soluto,26,nsubj:pass
335,soluto,voto,dedicavit,sol,uto,O,X,dedicavit,27,advcl:abs
335,dedicavit,soluto,Hermes,ded,vit,O,VERB,dedicavit,27,ROOT
335,Hermes,dedicavit,Gentiano,Her,mes,B-PERS:NOMEN,PROPN,dedicavit,27,nsubj
335,Gentiano,Hermes,et,Gen,ano,B-PERS:COG,PROPN,consulibus,32,nsubj
335,et,Gentiano,Basso,et,et,O,CCONJ,Basso,31,cc
335,Basso,et,consulibus,Bas,sso,B-PERS,PUNCT,Gentiano,29,conj
335,consulibus,Basso,KCalendas,con,bus,O,NOUN,dedicavit,27,advcl:abs
335,KCalendas,consulibus,M,KCa,das,O,PROPN,dedicavit,27,obj
335,M,KCalendas,<END>,M,M,O,PUNCT,KCalendas,33,nmod
17,Cnaeo,<START>,Pario,Cna,aeo,B-PERS:NOMEN,PROPN,fecit,6,nsubj
17,Pario,Cnaeo,Paulo,Par,rio,B-PERS:COG,VERB,Cnaeo,1,flat:name
17,Paulo,Pario,Bibia,Pau,ulo,B-PERS:PRAE,PROPN,Cnaeo,1,flat:name
17,Bibia,Paulo,Corinthias,Bib,bia,B-PERS:NOMEN,PROPN,fecit,6,obl
17,Corinthias,Bibia,fecit,Cor,ias,B-PERS:COG,PROPN,fecit,6,obj
17,fecit,Corinthias,coniugi,fec,cit,O,VERB,fecit,6,ROOT
17,coniugi,fecit,bene,con,ugi,O,NOUN,fecit,6,obl:arg
17,bene,coniugi,merenti,ben,ene,O,ADV,merenti,9,advmod
17,merenti,bene,qui,mer,nti,O,ADJ,coniugi,7,acl
17,qui,merenti,vixit,qui,qui,O,PUNCT,vixit,11,nsubj
17,vixit,qui,annos,vix,xit,O,VERB,coniugi,7,acl:relcl
17,annos,vixit,XXVIIII,ann,nos,O,NOUN,vixit,11,obj
17,XXVIIII,annos,menses,XXV,III,O,NUM,annos,12,nummod
17,menses,XXVIIII,II,men,ses,O,NOUN,vixit,11,obl
17,II,menses,<END>,II,II,O,NUM,menses,14,nummod
203,Dis,<START>,Manibus,Dis,Dis,O,NOUN,Manibus,2,case
203,Manibus,Dis,Luci,Man,bus,O,PROPN,Manibus,2,ROOT
203,Luci,Manibus,Renni,Luc,uci,B-PERS:PRAE,PROPN,liberti,6,nmod
203,Renni,Luci,Luci,Ren,nni,B-PERS:NOMEN,NOUN,Luci,3,flat:name
203,Luci,Renni,liberti,Luc,uci,B-PERS:FILI,PROPN,liberti,6,nmod
203,liberti,Luci,Philodoxi,lib,rti,I-PERS:FILI,NOUN,Luci,3,appos
203,Philodoxi,liberti,magistri,Phi,oxi,B-PERS:COG,PROPN,magistri,8,amod
203,magistri,Philodoxi,quinquennalis,mag,tri,O,NOUN,Luci,3,appos
203,quinquennalis,magistri,collegii,qui,lis,O,ADJ,collegii,10,amod
203,collegii,quinquennalis,fabrum,col,gii,O,NOUN,magistri,8,nmod
203,fabrum,collegii,tignariorum,fab,rum,O,NOUN,Manibus,2,conj
203,tignariorum,fabrum,Ostiensium,tig,rum,O,NOUN,fabrum,11,nmod
203,Ostiensium,tignariorum,idem,Ost,ium,O,PROPN,fabrum,11,conj
203,idem,Ostiensium,Augustalis,ide,dem,O,DET,fecit,19,advmod
203,Augustalis,idem,Lucius,Aug,lis,O,ADJ,fecit,19,xcomp
203,Lucius,Augustalis,Rennius,Luc,ius,B-PERS:PRAE,PROPN,fecit,19,nsubj
203,Rennius,Lucius,Proculus,Ren,ius,B-PERS:NOMEN,PROPN,Lucius,16,flat:name
203,Proculus,Rennius,fecit,Pro,lus,B-PERS:COG,PROPN,Lucius,16,flat:name
203,fecit,Proculus,patri,fec,cit,O,VERB,Manibus,2,conj
203,patri,fecit,suo,pat,tri,O,NOUN,fecit,19,obl
203,suo,patri,carissimo,suo,suo,O,PUNCT,patri,20,det
203,carissimo,suo,<END>,car,imo,O,ADJ,patri,20,amod
2,Dis,<START>,Manibus,Dis,Dis,O,NOUN,Manibus,2,case
2,Manibus,Dis,C,Man,bus,O,PROPN,C,3,dep
2,C,Manibus,Tyche,C,C,O,PUNCT,posuit,12,advcl
2,Tyche,C,S,Tyc,che,B-PERS,PROPN,C,3,conj
2,S,Tyche,Severo,S,S,O,PUNCT,C,3,conj
2,Severo,S,maritoR,Sev,ero,B-PERS,PROPN,C,3,conj
2,maritoR,Severo,carissimo,mar,toR,O,X,Severo,6,appos
2,carissimo,maritoR,et,car,imo,O,ADJ,memoriam,11,amod
2,et,carissimo,pientissimo,et,et,O,CCONJ,pientissimo,10,cc
2,pientissimo,et,memoriam,pie,imo,O,ADJ,carissimo,8,conj
2,memoriam,pientissimo,posuit,mem,iam,O,NOUN,posuit,12,obj
2,posuit,memoriam,annorum,pos,uit,O,VERB,posuit,12,ROOT
2,annorum,posuit,plus,ann,rum,O,NOUN,posuit,12,nmod
2,plus,annorum,minus,plu,lus,O,ADV,minus,15,advmod
2,minus,plus,viginti,min,nus,O,ADV,annorum,13,advmod
2,viginti,minus,<END>,vig,nti,O,NUM,minus,15,nummod
39,Caio,<START>,Attio,Cai,aio,B-PERS:PRAE,PROPN,Caio,1,ROOT
39,Attio,Caio,Alcimo,Att,tio,B-PERS:NOMEN,PROPN,Caio,1,flat:name
39,Alcimo,Attio,Feliciano,Alc,imo,B-PERS:COG,PROPN,Caio,1,flat:name
39,Feliciano,Alcimo,perfectissimo,Fel,ano,B-PERS:AG,PROPN,Caio,1,flat:name
39,perfectissimo,Feliciano,viro,per,imo,O,ADJ,viro,6,amod
39,viro,perfectissimo,praefecto,vir,iro,O,NOUN,Caio,1,appos
39,praefecto,viro,annonae,pra,cto,B-TITLE,NOUN,praefecto,7,conj
39,annonae,praefecto,praeffectorum,ann,nae,O,NOUN,procuratori,31,nmod
39,praeffectorum,annonae,praetorio,pra,rum,O,VERB,annonae,8,nmod
39,praetorio,praeffectorum,vice,pra,rio,O,ADJ,vice,11,amod
39,vice,praetorio,praefecto,vic,ice,O,NOUN,praefecto,7,conj
39,praefecto,vice,vigilum,pra,cto,B-TITLE,NOUN,praefecto,7,conj
39,vigilum,praefecto,magistro,vig,lum,O,NOUN,praefecto,12,nmod
39,magistro,vigilum,summae,mag,tro,O,NOUN,praefecto,12,conj
39,summae,magistro,privatae,sum,mae,O,ADJ,magistro,14,nmod
39,privatae,summae,magistro,pri,tae,O,VERB,procuratori,35,nmod
39,magistro,privatae,summarum,mag,tro,O,NOUN,praefecto,12,conj
39,summarum,magistro,rationum,sum,rum,O,NOUN,rationum,19,amod
39,rationum,summarum,curatori,rat,num,O,NOUN,magistro,17,nmod
39,curatori,rationum,operis,cur,ori,O,NOUN,praefecto,7,conj
39,operis,curatori,amphitheatri,ope,ris,O,NOUN,curatori,20,nmod
39,amphitheatri,operis,procuratori,amp,tri,O,NOUN,curatori,20,conj
39,procuratori,amphitheatri,hereditatium,pro,ori,O,NOUN,Salariam,38,conj
39,hereditatium,procuratori,Romae,her,ium,O,NOUN,procuratori,23,nmod
39,Romae,hereditatium,procuratori,Rom,mae,O,PROPN,procuratori,23,nmod
39,procuratori,Romae,sacrae,pro,ori,O,NOUN,Salariam,38,conj
39,sacrae,procuratori,monetae,sac,rae,O,ADJ,monetae,28,amod
39,monetae,sacrae,procuratori,mon,tae,O,NOUN,procuratori,26,nmod
39,procuratori,monetae,ferrariarum,pro,ori,O,NOUN,Salariam,38,conj
39,ferrariarum,procuratori,procuratori,fer,rum,O,NOUN,procuratori,31,nmod
39,procuratori,ferrariarum,annonae,pro,ori,O,NOUN,Salariam,38,conj
39,annonae,procuratori,provinciae,ann,nae,O,NOUN,procuratori,31,nmod
39,provinciae,annonae,Narbonensis,pro,iae,O,NOUN,annonae,32,nmod
39,Narbonensis,provinciae,procuratori,Nar,sis,O,ADJ,provinciae,33,amod
39,procuratori,Narbonensis,privatae,pro,ori,O,NOUN,Salariam,38,conj
39,privatae,procuratori,per,pri,tae,O,VERB,procuratori,35,nmod
39,per,privatae,Salariam,per,per,O,ADP,Flaminiam,45,case
39,Salariam,per,Tiburtinam,Sal,iam,O,ADJ,procuratori,35,obl
39,Tiburtinam,Salariam,Valeriam,Tib,nam,O,PROPN,Salariam,38,conj
39,Valeriam,Tiburtinam,T,Val,iam,O,PROPN,Salariam,38,conj
39,T,Valeriam,husciam,T,T,O,PUNCT,Salariam,38,conj
39,husciam,T,procuratori,hus,iam,O,NOUN,Salariam,38,conj
39,procuratori,husciam,per,pro,ori,O,NOUN,Salariam,38,conj
39,per,procuratori,Flaminiam,per,per,O,ADP,Flaminiam,45,case
39,Flaminiam,per,Umbriam,Fla,iam,O,PROPN,procuratori,43,nmod
39,Umbriam,Flaminiam,Picenum,Umb,iam,O,PROPN,Flaminiam,45,conj
39,Picenum,Umbriam,<END>,Pic,num,O,ADJ,Flaminiam,45,conj
291,in,<START>,pace,in,in,O,ADP,pace,2,case
291,pace,in,depositus,pac,ace,O,PUNCT,depositus,3,obl
291,depositus,pace,XV,dep,tus,O,VERB,depositus,3,ROOT
291,XV,depositus,Kalendas,XV,XV,O,NUM,depositus,3,obl:tmod
291,Kalendas,XV,Arcadi,Kal,das,O,NOUN,XV,4,nmod
291,Arcadi,Kalendas,et,Arc,adi,B-PERS,PROPN,Kalendas,5,nmod
291,et,Arcadi,consulibus,et,et,O,CCONJ,consulibus,8,cc
291,consulibus,et,<END>,con,bus,O,NOUN,XV,4,conj
494,Dis,<START>,Manibus,Dis,Dis,O,NOUN,Manibus,2,case
494,Manibus,Dis,Calpurni,Man,bus,O,PROPN,fecit,12,obl
494,Calpurni,Manibus,Parthenopaei,Cal,rni,B-PERS:NOMEN,PROPN,Manibus,2,nmod
494,Parthenopaei,Calpurni,Caius,Par,aei,B-PERS:COG,NOUN,Calpurni,3,amod
494,Caius,Parthenopaei,Calpurnius,Cai,ius,B-PERS:PRAE,PROPN,fecit,12,appos
494,Calpurnius,Caius,Flaccus,Cal,ius,B-PERS:NOMEN,PROPN,Caius,5,flat:name
494,Flaccus,Calpurnius,patronus,Fla,cus,B-PERS:COG,PROPN,Caius,5,flat:name
494,patronus,Flaccus,liberto,pat,nus,O,NOUN,Caius,5,appos
494,liberto,patronus,bene,lib,rto,O,NOUN,fecit,12,obl:arg
494,bene,liberto,merenti,ben,ene,O,ADV,merenti,11,advmod
494,merenti,bene,fecit,mer,nti,O,ADJ,fecit,12,dep
494,fecit,merenti,<END>,fec,cit,O,VERB,fecit,12,ROOT
248,Dis,<START>,Manibus,Dis,Dis,O,NOUN,Manibus,2,case
248,Manibus,Dis,sacrum,Man,bus,O,PROPN,sacer,7,obl
248,sacrum,Manibus,hic,sac,rum,O,ADJ,tumulus,5,amod
248,hic,sacrum,tumulus,hic,hic,O,ADV,tumulus,5,det
248,tumulus,hic,Fructi,tum,lus,O,NOUN,sacer,7,nsubj
248,Fructi,tumulus,sacer,Fru,cti,B-PERS,PROPN,sacrum,3,nmod
248,sacer,Fructi,est,sac,cer,O,ADJ,legisti,18,dislocated
248,est,sacer,quem,est,est,O,AUX,sacer,7,cop
248,quem,est,laedere,que,uem,O,PUNCT,laedere,10,obj
248,laedere,quem,noli,lae,ere,O,VERB,noli,11,xcomp
248,noli,laedere,hospes,nol,oli,O,VERB,sacer,7,conj
248,hospes,noli,sic,hos,pes,O,NOUN,sacer,7,appos
248,sic,hospes,votis,sic,sic,O,ADV,legisti,18,advmod
248,votis,sic,ipse,vot,tis,O,NOUN,vivus,35,obl
248,ipse,votis,fruare,ips,pse,O,DET,legisti,18,nsubj
248,fruare,ipse,tuis,fru,are,O,VERB,legisti,18,ccomp
248,tuis,fruare,legisti,tui,uis,O,DET,fruare,16,det
248,legisti,tuis,miseratus,leg,sti,O,VERB,legisti,18,ROOT
248,miseratus,legisti,abis,mis,tus,O,VERB,legisti,18,advcl:pred
248,abis,miseratus,felix,abi,bis,O,VERB,legisti,18,dep
248,felix,abis,tibi,fel,lix,O,ADJ,legisti,18,conj
248,tibi,felix,vita,tib,ibi,O,PRON,fecit,36,obl
248,vita,tibi,sit,vit,ita,O,NOUN,felix,21,nsubj
248,sit,vita,precor,sit,sit,O,AUX,felix,21,cop
248,precor,sit,atque,pre,cor,O,VERB,legisti,18,conj
248,atque,precor,obito,atq,que,O,CCONJ,obito,27,cc
248,obito,atque,sitD,obi,ito,O,VERB,precor,25,conj
248,sitD,obito,tibi,sit,itD,O,SCONJ,legisti,18,dep
248,tibi,sitD,terra,tib,ibi,O,PRON,fecit,36,obl
248,terra,tibi,levis,ter,rra,O,NOUN,fecit,36,nsubj
248,levis,terra,Cnaeus,lev,vis,O,ADJ,terra,30,amod
248,Cnaeus,levis,Pompeius,Cna,eus,B-PERS:PRAE,PROPN,fecit,36,nsubj
248,Pompeius,Cnaeus,Olympicus,Pom,ius,B-PERS:NOMEN,PROPN,Cnaeus,32,flat:name
248,Olympicus,Pompeius,vivus,Oly,cus,B-PERS:COG,ADJ,Cnaeus,32,flat:name
248,vivus,Olympicus,fecit,viv,vus,O,ADJ,fecit,36,xcomp
248,fecit,vivus,sibi,fec,cit,O,VERB,legisti,18,conj
248,sibi,fecit,et,sib,ibi,O,PRON,fecit,36,obl
248,et,sibi,Geganiae,et,et,O,CCONJ,coniugi,41,cc
248,Geganiae,et,Primae,Geg,iae,B-PERS:NOMEN,PROPN,coniugi,41,nmod
248,Primae,Geganiae,coniugi,Pri,mae,B-PERS:COG,ADJ,Geganiae,39,amod
248,coniugi,Primae,Felicitati,con,ugi,O,NOUN,sibi,37,conj
248,Felicitati,coniugi,filiae,Fel,ati,B-PERS,NOUN,sibi,37,conj
248,filiae,Felicitati,Fructo,fil,iae,B-PERS:FILI,NOUN,Felicitati,42,appos
248,Fructo,filiae,liberto,Fru,cto,B-PERS,PROPN,sibi,37,conj
248,liberto,Fructo,de,lib,rto,B-PERS:FILI,NOUN,Fructo,44,appos
248,de,liberto,quibus,de,de,O,ADP,quibus,47,case
248,quibus,de,doluit,qui,bus,O,PRON,doluit,48,obl
248,doluit,quibus,nihil,dol,uit,O,VERB,fecit,36,acl:relcl
248,nihil,doluit,nisi,nih,hil,O,PRON,doluit,48,obj
248,nisi,nihil,mortem,nis,isi,O,SCONJ,mortem,51,mark
248,mortem,nisi,<END>,mor,tem,O,NOUN,nihil,49,dep
507,Imperatoris,<START>,Caesaris,Imp,ris,O,NOUN,Caesaris,2,nmod
507,Caesaris,Imperatoris,Augusti,Cae,ris,O,VERB,,-1,
507,Augusti,Caesaris,Paccius,Aug,sti,O,PROPN,Caesaris,2,nmod
507,Paccius,Augusti,Thibe,Pac,ius,B-PERS:NOMEN,PROPN,Caesaris,2,appos
507,Thibe,Paccius,sacerdos,Thi,ibe,B-PERS:COG,PROPN,Caesaris,2,vocative
507,sacerdos,Thibe,publicus,sac,dos,O,NOUN,solvit,10,xcomp
507,publicus,sacerdos,votum,pub,cus,O,ADV,sacerdos,7,amod
507,votum,publicus,solvit,vot,tum,O,NOUN,solvit,10,obj
507,solvit,votum,<END>,sol,vit,O,VERB,solvit,10,ROOT
897,vixit,<START>,annos,vix,xit,O,VERB,vixit,1,ROOT
897,annos,vixit,XVIII,ann,nos,O,NOUN,vixit,1,obj
897,XVIII,annos,menses,XVI,III,O,NUM,vixit,1,dislocated
897,menses,XVIII,Nonas,men,ses,O,NOUN,vixit,1,obl
897,Nonas,menses,Septembres,Non,nas,O,NOUN,menses,4,nmod
897,Septembres,Nonas,ddominis,Sep,res,O,NOUN,Nonas,5,amod
897,ddominis,Septembres,nnostris,ddo,nis,O,NOUN,menses,4,nmod
897,nnostris,ddominis,Constantio,nno,ris,O,DET,ddominis,7,amod
897,Constantio,nnostris,III,Con,tio,B-PERS,PROPN,vixit,1,nsubj
897,III,Constantio,et,III,III,O,NUM,Constantio,9,flat
897,et,III,Constante,et,et,O,CCONJ,Constante,12,cc
897,Constante,et,II,Con,nte,B-PERS,ADJ,Constantio,9,conj
897,II,Constante,Auggustis,II,II,O,NUM,Constante,12,flat:name
897,Auggustis,II,consulibus,Aug,tis,B-TITLE,NOUN,consulibus,15,nsubj
897,consulibus,Auggustis,Theodotus,con,bus,O,NOUN,posuit,17,advcl:abs
897,Theodotus,consulibus,posuit,The,tus,B-PERS,PROPN,posuit,17,nsubj
897,posuit,Theodotus,<END>,pos,uit,O,VERB,vixit,1,ccomp
714,legionis,<START>,I,leg,nis,O,NOUN,legionis,1,nmod
714,I,legionis,Adiutricis,I,I,O,NUM,legionis,1,nummod
714,Adiutricis,I,Paconi,Adi,cis,O,ADJ,legionis,1,amod
714,Paconi,Adiutricis,Veri,Pac,oni,B-PERS:NOMEN,NOUN,Adiutricis,3,conj
714,Veri,Paconi,prioris,Ver,eri,B-PERS:COG,ADV,legionis,7,amod
714,prioris,Veri,legionis,pri,ris,O,ADJ,legionis,7,amod
714,legionis,prioris,XV,leg,nis,O,NOUN,legionis,1,nmod
714,XV,legionis,Apollinaris,XV,XV,O,NUM,legionis,7,nummod
714,Apollinaris,XV,<END>,Apo,ris,O,ADJ,legionis,1,amod
892,Marti,<START>,Augusto,Mar,rti,O,PROPN,Marti,1,ROOT
892,Augusto,Marti,pro,Aug,sto,O,PROPN,Marti,1,flat:name
892,pro,Augusto,salute,pro,pro,O,ADP,salute,4,case
892,salute,pro,Primigeni,sal,ute,O,NOUN,Marti,1,nmod
892,Primigeni,salute,Auggustorum,Pri,eni,B-PERS,PROPN,Marti,1,appos
892,Auggustorum,Primigeni,nnostrorum,Aug,rum,O,NOUN,stationis,9,nmod
892,nnostrorum,Auggustorum,vilici,nno,rum,O,DET,Auggustorum,6,det
892,vilici,nnostrorum,stationis,vil,ici,O,ADJ,stationis,9,amod
892,stationis,vilici,Atrantinae,sta,nis,O,NOUN,Marti,1,conj
892,Atrantinae,stationis,<END>,Atr,nae,O,PROPN,stationis,9,nmod
77,Chrysae,<START>,Aulus,Chr,sae,B-PERS,ADJ,ge,8,vocative
77,Aulus,Chrysae,Poblicius,Aul,lus,B-PERS:NOMEN,PROPN,Chrysae,1,conj
77,Poblicius,Aulus,us,Pob,ius,B-PERS:COG,ADV,Aulus,2,amod
77,us,Poblicius,Poblicia,us,us,O,X,ge,8,dep
77,Poblicia,us,Auli,Pob,cia,B-PERS,PROPN,us,4,nmod
77,Auli,Poblicia,liberta,Aul,uli,B-PERS:FILI,PROPN,liberta,7,nmod
77,liberta,Auli,ge,lib,rta,I-PERS:FILI,NOUN,ge,8,dep
77,ge,liberta,in,ge,ge,O,CCONJ,ge,8,ROOT
77,in,ge,fronte,in,in,O,ADP,agro,14,case
77,fronte,in,pedes,fro,nte,O,NOUN,ge,8,obl
77,pedes,fronte,XVI,ped,des,O,X,ge,8,obj
77,XVI,pedes,in,XVI,XVI,O,NUM,pedes,11,nummod
77,in,XVI,agro,in,in,O,ADP,agro,14,case
77,agro,in,pedes,agr,gro,O,NOUN,ge,8,obl
77,pedes,agro,XII,ped,des,O,X,ge,8,obj
77,XII,pedes,<END>,XII,XII,O,NUM,pedes,15,nummod
912,Dis,<START>,Manibus,Dis,Dis,O,NOUN,Manibus,2,case
912,Manibus,Dis,Carpophorus,Man,bus,O,PROPN,Manibus,2,ROOT
912,Carpophorus,Manibus,et,Car,rus,B-PERS,PROPN,Manibus,2,nsubj
912,et,Carpophorus,Paulina,et,et,O,CCONJ,Paulina,5,cc
912,Paulina,et,parentes,Pau,ina,B-PERS,PROPN,Carpophorus,3,conj
912,parentes,Paulina,Eucarpo,par,tes,O,NOUN,Manibus,2,appos
912,Eucarpo,parentes,filio,Euc,rpo,B-PERS,PROPN,Manibus,2,conj
912,filio,Eucarpo,piissimo,fil,lio,O,NOUN,Eucarpo,7,appos
912,piissimo,filio,<END>,pii,imo,O,ADJ,filio,8,amod
793,Tito,<START>,Desticio,Tit,ito,B-PERS:PRAE,PROPN,pilo,8,nmod
793,Desticio,Tito,Titi,Des,cio,B-PERS:NOMEN,PROPN,Tito,1,flat:name
793,Titi,Desticio,filio,Tit,iti,B-PERS:FILI,PROPN,filio,4,nmod
793,filio,Titi,Claudia,fil,lio,I-PERS:FILI,NOUN,Tito,1,appos
793,Claudia,filio,Severo,Cla,dia,B-PERS:COG,PROPN,Tito,1,flat:name
793,Severo,Claudia,primo,Sev,ero,B-PERS:COG,PROPN,Tito,1,flat:name
793,primo,Severo,pilo,pri,imo,O,ADV,pilo,8,amod
793,pilo,primo,legionis,pil,ilo,O,NOUN,datus,72,obl
793,legionis,pilo,X,leg,nis,O,NOUN,pilo,8,nmod
793,X,legionis,Geminae,X,X,O,NUM,Geminae,11,nummod
793,Geminae,X,subpraefecto,Gem,nae,O,ADJ,pilo,8,nmod
793,subpraefecto,Geminae,vigilum,sub,cto,O,NOUN,Geminae,11,appos
793,vigilum,subpraefecto,procuratori,vig,lum,O,NOUN,subpraefecto,12,nmod
793,procuratori,vigilum,Augusti,pro,ori,B-TITLE,NOUN,Antiochianae,30,appos
793,Augusti,procuratori,provinciae,Aug,sti,I-TITLE,PROPN,procuratori,14,nmod
793,provinciae,Augusti,Daciae,pro,iae,O,NOUN,procuratori,31,nmod
793,Daciae,provinciae,superioris,Dac,iae,B-LOC,PROPN,procuratori,14,nmod
793,superioris,Daciae,procuratori,sup,ris,I-LOC,ADJ,procuratori,19,amod
793,procuratori,superioris,provinciae,pro,ori,O,NOUN,Antiochianae,30,appos
793,provinciae,procuratori,Cappadociae,pro,iae,O,NOUN,procuratori,31,nmod
793,Cappadociae,provinciae,item,Cap,iae,B-LOC,PROPN,provinciae,20,nmod
793,item,Cappadociae,Ponti,ite,tem,O,ADV,Ponti,23,advmod
793,Ponti,item,mediterranei,Pon,nti,B-LOC,PROPN,Geminae,11,conj
793,mediterranei,Ponti,et,med,nei,I-LOC,ADJ,Ponti,23,amod
793,et,mediterranei,Armeniae,et,et,O,CCONJ,sanctissimo,70,cc
793,Armeniae,et,minoris,Arm,iae,B-LOC,PROPN,Ponti,23,conj
793,minoris,Armeniae,et,min,ris,I-LOC,ADJ,Armeniae,26,amod
793,et,minoris,Lycaoniae,et,et,O,CCONJ,sanctissimo,70,cc
793,Lycaoniae,et,Antiochianae,Lyc,iae,B-LOC,ADJ,Ponti,23,conj
793,Antiochianae,Lycaoniae,procuratori,Ant,nae,I-LOC,PROPN,Geminae,11,conj
793,procuratori,Antiochianae,provinciae,pro,ori,O,NOUN,Antiochianae,30,appos
793,provinciae,procuratori,Raetiae,pro,iae,O,NOUN,procuratori,31,nmod
793,Raetiae,provinciae,flamini,Rae,iae,B-LOC,PROPN,procuratori,31,nmod
793,flamini,Raetiae,divi,fla,ini,O,NOUN,Geminae,11,appos
793,divi,flamini,Hadriani,div,ivi,O,VERB,flamini,34,amod
793,Hadriani,divi,pontifici,Had,ani,O,PROPN,pontifici,37,amod
793,pontifici,Hadriani,patrono,pon,ici,B-TITLE,NOUN,Geminae,11,appos
793,patrono,pontifici,coloniae,pat,ono,O,NOUN,Geminae,11,appos
793,coloniae,patrono,alae,col,iae,O,NOUN,patrono,38,nmod
793,alae,coloniae,I,ala,lae,O,NOUN,Germanus,44,nmod
793,I,alae,Flaviae,I,I,O,NUM,Germanus,44,nummod
793,Flaviae,I,Gemellianae,Fla,iae,O,PROPN,I,49,nmod
793,Gemellianae,Flaviae,Germanus,Gem,nae,O,ADJ,I,41,nmod
793,Germanus,Gemellianae,Martialius,Ger,nus,B-PERS:PRAE,PROPN,Geminae,11,conj
793,Martialius,Germanus,Titianus,Mar,ius,B-PERS:NOMEN,PROPN,Germanus,44,conj
793,Titianus,Martialius,Froanus,Tit,nus,B-PERS:COG,PROPN,Germanus,44,conj
793,Froanus,Titianus,alae,Fro,nus,B-PERS:AG,PROPN,Germanus,44,conj
793,alae,Froanus,I,ala,lae,O,NOUN,Germanus,44,nmod
793,I,alae,Flaviae,I,I,O,NUM,Germanus,44,nummod
793,Flaviae,I,Iulius,Fla,iae,B-PERS:PRAE,PROPN,I,49,nmod
793,Iulius,Flaviae,Memorinus,Iul,ius,B-PERS:NOMEN,PROPN,Germanus,44,conj
793,Memorinus,Iulius,Iulius,Mem,nus,B-PERS:PRAE,PROPN,Iulius,51,flat:name
793,Iulius,Memorinus,s,Iul,ius,B-PERS:NOMEN,PROPN,Germanus,44,conj
793,s,Iulius,Flavius,s,s,I-PERS,PUNCT,Germanus,44,conj
793,Flavius,s,Speratus,Fla,ius,B-PERS:COG,PROPN,Germanus,44,conj
793,Speratus,Flavius,alae,Spe,tus,O,VERB,Flavius,55,flat:name
793,alae,Speratus,I,ala,lae,O,NOUN,Germanus,44,nmod
793,I,alae,singularium,I,I,O,NUM,Germanus,44,nummod
793,singularium,I,Aelius,sin,ium,O,ADJ,I,58,nmod
793,Aelius,singularium,Severus,Ael,ius,B-PERS:NOMEN,PROPN,pilo,8,dep
793,Severus,Aelius,Petronius,Sev,rus,B-PERS:COG,PROPN,Aelius,60,conj
793,Petronius,Severus,Iulianus,Pet,ius,B-PERS:PRAE,PROPN,Aelius,60,conj
793,Iulianus,Petronius,decuriones,Iul,nus,B-PERS:NOMEN,PROPN,Aelius,60,conj
793,decuriones,Iulianus,exercitus,dec,nes,O,NOUN,Aelius,60,appos
793,exercitus,decuriones,Raetici,exe,tus,O,NOUN,Aelius,60,nmod
793,Raetici,exercitus,praesidi,Rae,ici,O,ADJ,exercitus,65,amod
793,praesidi,Raetici,optimo,pra,idi,O,NOUN,pilo,8,dep
793,optimo,praesidi,et,opt,imo,O,ADJ,locus,71,amod
793,et,optimo,sanctissimo,et,et,O,CCONJ,sanctissimo,70,cc
793,sanctissimo,et,locus,san,imo,O,ADJ,optimo,68,conj
793,locus,sanctissimo,datus,loc,cus,O,NOUN,datus,72,xcomp
793,datus,locus,decreto,dat,tus,O,VERB,datus,72,ROOT
793,decreto,datus,decurionum,dec,eto,O,NOUN,datus,72,obl
793,decurionum,decreto,<END>,dec,num,O,NOUN,decreto,73,nmod
509,Dis,<START>,Manibus,Dis,Dis,O,NOUN,Manibus,2,case
509,Manibus,Dis,Lucius,Man,bus,O,PROPN,Lucius,3,dep
509,Lucius,Manibus,Sextius,Luc,ius,B-PERS:PRAE,PROPN,Lucius,3,conj
509,Sextius,Lucius,Sextianus,Sex,ius,B-PERS:NOMEN,PROPN,Lucius,20,flat:name
509,Sextianus,Sextius,Agrippinus,Sex,nus,B-PERS:COG,PROPN,Lucius,3,flat:name
509,Agrippinus,Sextianus,eques,Agr,nus,B-PERS:AG,PROPN,Lucius,3,flat:name
509,eques,Agrippinus,Romanus,equ,ues,O,NOUN,Lucius,3,appos
509,Romanus,eques,decurio,Rom,nus,B-PERS:COG,ADJ,decurio,9,amod
509,decurio,Romanus,coloniae,dec,rio,O,NOUN,Lucius,3,appos
509,coloniae,decurio,Ostiensis,col,iae,O,NOUN,decurio,9,nmod
509,Ostiensis,coloniae,qui,Ost,sis,B-LOC,ADJ,coloniae,10,nmod
509,qui,Ostiensis,vixit,qui,qui,O,PUNCT,vixit,13,nsubj
509,vixit,qui,annos,vix,xit,O,VERB,Lucius,3,acl:relcl
509,annos,vixit,XV,ann,nos,O,NOUN,vixit,13,obj
509,XV,annos,menses,XV,XV,O,NUM,vixit,13,dislocated
509,menses,XV,III,men,ses,O,NOUN,vixit,13,obl
509,III,menses,dies,III,III,O,NUM,vixit,13,obl
509,dies,III,XXII,die,ies,O,X,vixit,13,obl
509,XXII,dies,Lucius,XXI,XII,O,NUM,dies,18,amod
509,Lucius,XXII,Sextius,Luc,ius,B-PERS:PRAE,PROPN,Lucius,3,conj
509,Sextius,Lucius,Eros,Sex,ius,B-PERS:NOMEN,PROPN,Lucius,20,flat:name
509,Eros,Sextius,filio,Ero,ros,B-PERS:COG,PROPN,Lucius,20,flat:name
509,filio,Eros,dulcissimo,fil,lio,O,NOUN,Lucius,20,appos
509,dulcissimo,filio,<END>,dul,imo,O,ADJ,filio,23,amod
178,Fortunato,<START>,bono,For,ato,B-PERS,PROPN,Fortunato,1,ROOT
178,bono,Fortunato,conservo,bon,ono,O,NOUN,conservo,3,amod
178,conservo,bono,et,con,rvo,O,NOUN,Fortunato,1,appos
178,et,conservo,bene,et,et,O,CCONJ,servi,10,cc
178,bene,et,merenti,ben,ene,O,ADV,merenti,6,advmod
178,merenti,bene,fecerunt,mer,nti,O,ADJ,fecerunt,7,xcomp
178,fecerunt,merenti,liberti,fec,unt,O,VERB,Fortunato,1,conj
178,liberti,fecerunt,et,lib,rti,O,NOUN,fecerunt,7,nsubj
178,et,liberti,servi,et,et,O,CCONJ,servi,10,cc
178,servi,et,Licini,ser,rvi,O,NOUN,liberti,8,conj
178,Licini,servi,Campani,Lic,ini,B-PERS:NOMEN,PROPN,liberti,8,nmod
178,Campani,Licini,patroni,Cam,ani,B-PERS:COG,PROPN,Licini,11,flat:name
178,patroni,Campani,pientissimi,pat,oni,O,NOUN,liberti,8,nmod
178,pientissimi,patroni,<END>,pie,imi,O,ADJ,patroni,13,amod
843,Decimum,<START>,quarto,Dec,mum,O,ADJ,mensem,4,amod
843,quarto,Decimum,post,qua,rto,O,ADJ,Decimum,1,amod
843,post,quarto,mensem,pos,ost,O,ADV,obitum,15,case
843,mensem,post,vocatus,men,sem,O,NOUN,revalebo,8,obl
843,vocatus,mensem,aneo,voc,tus,O,VERB,revalebo,8,advcl
843,aneo,vocatus,hinc,ane,neo,O,ADV,vocatus,5,dep
843,hinc,aneo,revalebo,hin,inc,O,ADV,revalebo,8,advmod:lmod
843,revalebo,hinc,deo,rev,ebo,O,VERB,revalebo,8,ROOT
843,deo,revalebo,ssum,deo,deo,O,NOUN,revalebo,8,obl:arg
843,ssum,deo,in,ssu,sum,O,PUNCT,locavit,13,obj
843,in,ssum,sede,in,in,O,ADP,pace,20,case
843,sede,in,locavit,sed,ede,O,NOUN,locavit,13,obl
843,locavit,sede,post,loc,vit,O,VERB,revalebo,8,conj
843,post,locavit,obitum,pos,ost,O,ADV,obitum,15,case
843,obitum,post,voluit,obi,tum,O,NOUN,voluit,16,obl
843,voluit,obitum,Kalendas,vol,uit,O,VERB,revalebo,8,conj
843,Kalendas,voluit,Martias,Kal,das,O,NOUN,pace,20,nmod
843,Martias,Kalendas,in,Mar,ias,O,ADJ,Kalendas,17,amod
843,in,Martias,pace,in,in,O,ADP,pace,20,case
843,pace,in,<END>,pac,ace,O,PUNCT,voluit,16,obl
201,tu,<START>,qui,tu,tu,O,PRON,tu,1,ROOT
201,qui,tu,leges,qui,qui,O,PUNCT,spondeo,4,nsubj
201,leges,qui,spondeo,leg,ges,O,NOUN,spondeo,4,obj
201,spondeo,leges,amice,spo,deo,O,VERB,tu,1,acl:relcl
201,amice,spondeo,quot,ami,ice,O,ADV,spondeo,4,vocative
201,quot,amice,me,quo,uot,O,DET,vides,10,obj
201,me,quot,discumbente,me,me,O,PRON,discumbente,8,nsubj
201,discumbente,me,bibente,dis,nte,O,VERB,bibente,9,advcl:abs
201,bibente,discumbente,vides,bib,nte,O,NUM,vides,10,advcl:abs
201,vides,bibente,hoc,vid,des,O,VERB,tu,1,acl
201,hoc,vides,quamNdiu,hoc,hoc,O,PROPN,feci,15,obj
201,quamNdiu,hoc,vixi,qua,diu,O,ADV,feci,15,mark
201,vixi,quamNdiu,tima,vix,ixi,O,VERB,feci,15,xcomp
201,tima,vixi,feci,tim,ima,O,NOUN,feci,15,obj
201,feci,tima,idem,fec,eci,O,VERB,vides,10,conj
201,idem,feci,et,ide,dem,O,DET,faciant,20,nsubj
201,et,idem,tibi,et,et,O,CCONJ,faciant,20,cc
201,tibi,et,dii,tib,ibi,O,PRON,faciant,20,obl:arg
201,dii,tibi,faciant,dii,dii,O,NOUN,faciant,20,xcomp
201,faciant,dii,<END>,fac,ant,O,VERB,vides,10,conj
766,LLuciorum,<START>,Aviliorum,LLu,rum,O,NOUN,LLuciorum,1,ROOT
766,Aviliorum,LLuciorum,Publi,Avi,rum,B-PERS:NOMEN,PROPN,LLuciorum,1,nmod
766,Publi,Aviliorum,Luci,Pub,bli,B-PERS:COG,PROPN,Aviliorum,2,nmod
766,Luci,Publi,libertorum,Luc,uci,B-PERS,PROPN,Publi,3,flat:name
766,libertorum,Luci,Irenaei,lib,rum,O,NOUN,LLuciorum,1,nmod
766,Irenaei,libertorum,et,Ire,aei,B-PERS,PROPN,LLuciorum,1,conj
766,et,Irenaei,OlyUmpi,et,et,O,CCONJ,OlyUmpi,8,cc
766,OlyUmpi,et,in,Oly,mpi,B-PERS,VERB,Irenaei,6,conj
766,in,OlyUmpi,fronte,in,in,O,ADP,agro,14,case
766,fronte,in,pedes,fro,nte,O,NOUN,fronte,10,ROOT
766,pedes,fronte,XIIX,ped,des,O,X,fronte,10,conj
766,XIIX,pedes,in,XII,IIX,O,NUM,pedes,11,nummod
766,in,XIIX,agro,in,in,O,ADP,agro,14,case
766,agro,in,pedes,agr,gro,O,NOUN,fronte,10,conj
766,pedes,agro,XX,ped,des,O,X,fronte,10,conj
766,XX,pedes,<END>,XX,XX,O,NUM,pedes,15,nummod
910,Imperatori,<START>,Caesari,Imp,ori,B-PERS:TITLE,NOUN,Imperatori,1,ROOT
910,Caesari,Imperatori,Lucio,Cae,ari,B-PERS:TITLE,PROPN,Imperatori,1,dep
910,Lucio,Caesari,Iulio,Luc,cio,B-PERS:PRAE,PROPN,Imperatori,1,nsubj
910,Iulio,Lucio,Aurelio,Iul,lio,B-PERS:NOMEN,PROPN,Lucio,3,flat:name
910,Aurelio,Iulio,Septimio,Aur,lio,B-PERS:COG,PROPN,Lucio,3,flat:name
910,Septimio,Aurelio,Vaballatho,Sep,mio,B-PERS:AG,PROPN,Lucio,3,flat:name
910,Vaballatho,Septimio,Athenodoro,Vab,tho,B-PERS:AG,PROPN,Lucio,3,flat:name
910,Athenodoro,Vaballatho,Persico,Ath,oro,B-PERS:AG,PROPN,Lucio,3,conj
910,Persico,Athenodoro,maximo,Per,ico,B-PERS:AG,ADV,Lucio,3,conj
910,maximo,Persico,Arabico,max,imo,I-PERS:AG,ADJ,Adiabenico,13,amod
910,Arabico,maximo,maximo,Ara,ico,B-PERS:AG,ADJ,Lucio,3,conj
910,maximo,Arabico,Adiabenico,max,imo,I-PERS:AG,ADJ,Adiabenico,13,amod
910,Adiabenico,maximo,maximo,Adi,ico,B-PERS:AG,ADJ,Lucio,3,conj
910,maximo,Adiabenico,Pio,max,imo,I-PERS:AG,ADJ,Adiabenico,13,amod
910,Pio,maximo,Felici,Pio,Pio,B-PERS:AG,PROPN,Lucio,3,conj
910,Felici,Pio,Invicto,Fel,ici,B-PERS:AG,PROPN,Pio,15,flat:name
910,Invicto,Felici,Augusto,Inv,cto,B-PERS:AG,ADJ,Augusto,18,amod
910,Augusto,Invicto,<END>,Aug,sto,B-PERS:TITLE,PROPN,Lucio,3,conj
294,Publi,<START>,fili,Pub,bli,B-PERS:FILI,PROPN,OmoTASO,3,nmod
294,fili,Publi,OmoTASO,fil,ili,I-PERS:FILI,NOUN,Publi,1,appos
294,OmoTASO,fili,DAR,Omo,ASO,I-PERS,VERB,TVRIS,5,nsubj
294,DAR,OmoTASO,TVRIS,DAR,DAR,I-PERS,ADV,TVRIS,5,case
294,TVRIS,DAR,,TVR,RIS,I-PERS,VERB,TVRIS,5,ROOT
294,,TVRIS,<END>,,,O,UNK,TVRIS,5,cc
539,Pro,<START>,beatitudine,Pro,Pro,O,INTJ,beatitudine,2,case
539,beatitudine,Pro,ac,bea,ine,O,NOUN,beatitudine,2,ROOT
539,ac,beatitudine,felicitate,ac,ac,O,CCONJ,felicitate,4,cc
539,felicitate,ac,temporum,fel,ate,O,NOUN,beatitudine,2,conj
539,temporum,felicitate,ddominorum,tem,rum,O,NOUN,beatitudine,2,nmod
539,ddominorum,temporum,nnostrorum,ddo,rum,O,NOUN,temporum,5,nmod
539,nnostrorum,ddominorum,Valentiniani,nno,rum,O,DET,ddominorum,6,det
539,Valentiniani,nnostrorum,et,Val,ani,B-PERS,PROPN,beatitudine,2,nmod
539,et,Valentiniani,Valentis,et,et,O,CCONJ,Valentis,10,cc
539,Valentis,et,semper,Val,tis,B-PERS,VERB,Valentiniani,8,conj
539,semper,Valentis,Auggustorum,sem,per,O,ADV,egestis,17,advmod:tmod
539,Auggustorum,semper,basilicam,Aug,rum,B-TITLE,NOUN,basilicam,13,nmod
539,basilicam,Auggustorum,dignam,bas,cam,O,NOUN,egestis,17,nsubj
539,dignam,basilicam,coloniae,dig,nam,O,ADJ,basilicam,13,amod
539,coloniae,dignam,Cuiculitanae,col,iae,B-LOC,NOUN,dignam,14,obl:arg
539,Cuiculitanae,coloniae,egestis,Cui,nae,I-LOC,ADJ,coloniae,15,amod
539,egestis,Cuiculitanae,ruderibus,ege,tis,O,NOUN,beatitudine,2,advcl:abs
539,ruderibus,egestis,quae,rud,bus,O,NOUN,egestis,17,nsubj
539,quae,ruderibus,ipsis,qua,uae,O,PRON,egestis,17,nsubj
539,ipsis,quae,iam,ips,sis,O,DET,quae,19,det
539,iam,ipsis,<END>,iam,iam,O,ADV,quae,19,advmod:tmod
25,Titus,<START>,Annius,Tit,tus,B-PERS:PRAE,PROPN,dedit,14,nsubj
25,Annius,Titus,Lucullus,Ann,ius,B-PERS:NOMEN,PROPN,Titus,1,flat:name
25,Lucullus,Annius,VIvir,Luc,lus,B-PERS:COG,PROPN,Titus,1,flat:name
25,VIvir,Lucullus,Augustalis,VIv,vir,O,NUM,Titus,1,flat:name
25,Augustalis,VIvir,idem,Aug,lis,O,ADJ,Titus,1,amod
25,idem,Augustalis,quinquennalis,ide,dem,O,DET,honoratus,8,det
25,quinquennalis,idem,honoratus,qui,lis,O,ADJ,honoratus,8,nmod
25,honoratus,quinquennalis,signum,hon,tus,O,VERB,dedit,14,advcl
25,signum,honoratus,Martis,sig,num,O,NOUN,honoratus,8,conj
25,Martis,signum,dendrophorum,Mar,tis,O,PROPN,signum,9,nmod
25,dendrophorum,Martis,Ostiensium,den,rum,O,NOUN,signum,9,appos
25,Ostiensium,dendrophorum,donum,Ost,ium,O,PROPN,donum,13,amod
25,donum,Ostiensium,dedit,don,num,O,NOUN,dedit,14,obj
25,dedit,donum,dedicavit,ded,dit,O,VERB,dedit,14,ROOT
25,dedicavit,dedit,Idibus,ded,vit,O,VERB,dedit,14,conj
25,Idibus,dedicavit,Maiis,Idi,bus,O,NOUN,dedicavit,15,obl:tmod
25,Maiis,Idibus,Torquato,Mai,iis,O,ADJ,Idibus,16,amod
25,Torquato,Maiis,et,Tor,ato,B-PERS,PROPN,consulibus,21,nsubj
25,et,Torquato,Herode,et,et,O,CCONJ,Herode,20,cc
25,Herode,et,consulibus,Her,ode,B-PERS,PROPN,Torquato,18,conj
25,consulibus,Herode,<END>,con,bus,O,NOUN,dedicavit,15,advcl:abs
695,Lucio,<START>,Antonio,Luc,cio,B-PERS:PRAE,PROPN,Cluniensi,11,dislocated
695,Antonio,Lucio,Paterni,Ant,nio,B-PERS:NOMEN,PROPN,Lucio,1,flat:name
695,Paterni,Antonio,filio,Pat,rni,B-PERS:FILI,PROPN,Lucio,1,nmod
695,filio,Paterni,Quirina,fil,lio,I-PERS:FILI,NOUN,Lucio,1,appos
695,Quirina,filio,Modesto,Qui,ina,B-PERS:TRIBE,PROPN,Lucio,1,flat:name
695,Modesto,Quirina,Intercatiensi,Mod,sto,B-PERS:COG,PROPN,Lucio,1,conj
695,Intercatiensi,Modesto,ex,Int,nsi,B-PERS:AG,ADJ,Modesto,6,flat:name
695,ex,Intercatiensi,gente,ex,ex,O,ADP,gente,9,case
695,gente,ex,Vaccaeorum,gen,nte,O,NOUN,Lucio,1,nmod
695,Vaccaeorum,gente,Cluniensi,Vac,rum,O,PROPN,gente,9,nmod
695,Cluniensi,Vaccaeorum,omnibus,Clu,nsi,O,ADJ,functo,18,nsubj:pass
695,omnibus,Cluniensi,honoribus,omn,bus,O,DET,honoribus,13,det
695,honoribus,omnibus,in,hon,bus,O,NOUN,functo,18,obl
695,in,honoribus,re,in,in,O,ADP,re,15,case
695,re,in,publica,re,re,O,NOUN,functo,18,obl
695,publica,re,sua,pub,ica,O,ADJ,re,15,amod
695,sua,publica,functo,sua,sua,O,DET,re,15,det
695,functo,sua,sacerdoti,fun,cto,O,VERB,functo,18,ROOT
695,sacerdoti,functo,Romae,sac,oti,O,NOUN,functo,18,nsubj:pass
695,Romae,sacerdoti,et,Rom,mae,O,PROPN,sacerdoti,19,nmod
695,et,Romae,Augustorum,et,et,O,CCONJ,Augustorum,22,cc
695,Augustorum,et,Ararum,Aug,rum,O,PROPN,Romae,20,conj
695,Ararum,Augustorum,Augustanarum,Ara,rum,O,NOUN,sacerdoti,19,nmod
695,Augustanarum,Ararum,flamini,Aug,rum,O,ADJ,flamini,25,amod
695,flamini,Augustanarum,provinciae,fla,ini,O,NOUN,sacerdoti,19,conj
695,provinciae,flamini,Hispaniae,pro,iae,O,NOUN,flamini,25,nmod
695,Hispaniae,provinciae,citerioris,His,iae,O,PROPN,flamini,25,nmod
695,citerioris,Hispaniae,provincia,cit,ris,O,ADJ,provincia,29,amod
695,provincia,citerioris,Hispania,pro,cia,B-LOC,NOUN,flamini,25,appos
695,Hispania,provincia,citerior,His,nia,I-LOC,PROPN,sacerdoti,19,conj
695,citerior,Hispania,<END>,cit,ior,I-LOC,ADJ,Hispania,30,amod
211,Marcus,<START>,Fabius,Mar,cus,B-PERS:PRAE,PROPN,dedit,11,nsubj
211,Fabius,Marcus,Fronto,Fab,ius,B-PERS:NOMEN,PROPN,Marcus,1,flat:name
211,Fronto,Fabius,augur,Fro,nto,B-PERS:COG,NOUN,praefectus,5,obl:arg
211,augur,Fronto,praefectus,aug,gur,O,VERB,Fronto,3,appos
211,praefectus,augur,iure,pra,tus,B-TITLE,NOUN,Marcus,1,appos
211,iure,praefectus,dicundo,iur,ure,O,NOUN,dedit,11,obl
211,dicundo,iure,cum,dic,ndo,O,VERB,iure,6,acl
211,cum,dicundo,ludis,cum,cum,O,ADP,ludis,9,case
211,ludis,cum,scaenicis,lud,dis,O,NOUN,dedit,11,obl
211,scaenicis,ludis,dedit,sca,cis,O,NOUN,ludis,9,amod
211,dedit,scaenicis,praeter,ded,dit,O,VERB,dedit,11,ROOT
211,praeter,dedit,denarios,pra,ter,O,ADP,denarios,13,case
211,denarios,praeter,mille,den,ios,O,NOUN,dedit,11,nmod
211,mille,denarios,ad,mil,lle,O,NUM,denarios,13,nummod
211,ad,mille,opus,ad,ad,O,ADP,opus,16,case
211,opus,ad,theatri,opu,pus,O,PUNCT,dedit,11,obl
211,theatri,opus,nomine,the,tri,O,NOUN,nomine,18,nmod
211,nomine,theatri,filii,nom,ine,O,NOUN,dedit,11,obl
211,filii,nomine,sui,fil,lii,O,NOUN,nomine,18,nmod
211,sui,filii,Senecionis,sui,sui,O,DET,filii,19,det
211,Senecionis,sui,<END>,Sen,nis,B-PERS,PROPN,filii,19,nmod
425,Hic,<START>,quiesciEt,Hic,Hic,O,ADV,quiesciEt,2,advmod:lmod
425,quiesciEt,Hic,Arcadiola,qui,iEt,O,X,quiesciEt,2,ROOT
425,Arcadiola,quiesciEt,quae,Arc,ola,B-PERS,PROPN,posuerunt,17,nsubj
425,quae,Arcadiola,vixit,qua,uae,O,PRON,vixit,5,nsubj
425,vixit,quae,annos,vix,xit,O,VERB,Arcadiola,3,acl:relcl
425,annos,vixit,plDUus,ann,nos,O,NOUN,vixit,5,obj
425,plDUus,annos,miEnus,plD,Uus,O,NOUN,Arcadiola,3,dep
425,miEnus,plDUus,XXXIIII,miE,nus,O,INTJ,plDUus,7,dep
425,XXXIIII,miEnus,sui,XXX,III,O,NUM,miEnus,8,nummod
425,sui,XXXIIII,UrsulIus,sui,sui,O,DET,miEnus,8,det
425,UrsulIus,sui,et,Urs,Ius,B-PERS,PROPN,plDUus,7,conj
425,et,UrsulIus,Maurus,et,et,O,CCONJ,Hetlea,15,cc
425,Maurus,et,et,Mau,rus,B-PERS,ADJ,UrsulIus,11,conj
425,et,Maurus,Hetlea,et,et,O,CCONJ,Hetlea,15,cc
425,Hetlea,et,tiEtulum,Het,lea,B-PERS,X,UrsulIus,11,conj
425,tiEtulum,Hetlea,posuerunt,tiE,lum,O,NOUN,posuerunt,17,obj
425,posuerunt,tiEtulum,in,pos,unt,O,VERB,quiesciEt,2,ccomp
425,in,posuerunt,pace,in,in,O,ADP,pace,19,case
425,pace,in,<END>,pac,ace,O,PUNCT,posuerunt,17,obl
529,Viatorinus,<START>,protector,Via,nus,B-PERS,PROPN,militavit,3,nsubj
529,protector,Viatorinus,militavit,pro,tor,O,NOUN,Viatorinus,1,appos
529,militavit,protector,annos,mil,vit,O,VERB,militavit,3,ROOT
529,annos,militavit,triginta,ann,nos,O,NOUN,militavit,3,obl
529,triginta,annos,occisus,tri,nta,O,NUM,annos,4,nummod
529,occisus,triginta,in,occ,sus,O,VERB,militavit,3,advcl
529,in,occisus,barbarico,in,in,O,ADP,barbarico,8,case
529,barbarico,in,iuxta,bar,ico,O,NOUN,occisus,6,obl
529,iuxta,barbarico,Divitiam,iux,xta,O,ADP,Divitiam,10,case
529,Divitiam,iuxta,a,Div,iam,B-LOC,NOUN,occisus,6,obl
529,a,Divitiam,Franco,a,a,O,ADP,Franco,12,case
529,Franco,a,vicarius,Fra,nco,O,VERB,occisus,6,obl:agent
529,vicarius,Franco,Divitensium,vic,ius,O,NOUN,Viatorinus,1,appos
529,Divitensium,vicarius,<END>,Div,ium,B-PERS,PROPN,vicarius,13,nmod
35,XX,<START>,Valeriae,XX,XX,O,NUM,Valeriae,2,nummod
35,Valeriae,XX,vir,Val,iae,B-PERS:NOMEN,ADJ,Valeriae,2,ROOT
35,vir,Valeriae,gloriosissimus,vir,vir,O,VERB,Valeriae,2,appos
35,gloriosissimus,vir,Narses,glo,mus,O,ADJ,vir,3,amod
35,Narses,gloriosissimus,ex,Nar,ses,O,NOUN,vir,3,nsubj
35,ex,Narses,praeposito,ex,ex,O,ADP,consulibus,11,case
35,praeposito,ex,sacri,pra,ito,B-TITLE,VERB,patricius,12,obl
35,sacri,praeposito,Palatii,sac,cri,O,ADJ,Palatii,9,amod
35,Palatii,sacri,ex,Pal,tii,O,PROPN,praeposito,7,nmod
35,ex,Palatii,consulibus,ex,ex,O,ADP,consulibus,11,case
35,consulibus,ex,patricius,con,bus,O,NOUN,patricius,12,nmod
35,patricius,consulibus,<END>,pat,ius,O,NOUN,vir,3,amod
929,votum,<START>,fecerunt,vot,tum,O,NOUN,fecerunt,2,obj
929,fecerunt,votum,Iunianus,fec,unt,O,VERB,fecerunt,2,ROOT
929,Iunianus,fecerunt,filius,Iun,nus,B-PERS,PROPN,fecerunt,2,nsubj
929,filius,Iunianus,et,fil,ius,B-PERS:FILI,NOUN,Iunianus,3,appos
929,et,filius,Flavius,et,et,O,CCONJ,Flavius,6,cc
929,Flavius,et,Felicio,Fla,ius,B-PERS:NOMEN,PROPN,Iunianus,3,conj
929,Felicio,Flavius,deo,Fel,cio,B-PERS:COG,ADV,Flavius,6,flat:name
929,deo,Felicio,Magno,deo,deo,O,NOUN,Flavius,6,appos
929,Magno,deo,<END>,Mag,gno,O,NOUN,deo,8,amod
399,Res,<START>,publica,Res,Res,O,NOUN,Res,1,ROOT
399,publica,Res,Glevensium,pub,ica,O,ADJ,Res,1,amod
399,Glevensium,publica,IIvirorum,Gle,ium,B-LOC,PROPN,Res,1,nmod
399,IIvirorum,Glevensium,et,IIv,rum,O,NUM,Glevensium,3,appos
399,et,IIvirorum,Iuli,et,et,O,CCONJ,Iuli,6,cc
399,Iuli,et,L,Iul,uli,B-PERS,PROPN,Glevensium,3,conj
399,L,Iuli,<END>,L,L,O,PUNCT,Glevensium,3,appos
608,Dianae,<START>,Augustae,Dia,nae,B-PERS:NOMEN,PROPN,salute,4,nmod
608,Augustae,Dianae,pro,Aug,tae,B-PERS:TITLE,PROPN,Dianae,1,amod
608,pro,Augustae,salute,pro,pro,O,ADP,salute,4,case
608,salute,pro,Marci,sal,ute,O,NOUN,dedit,24,obl
608,Marci,salute,Aureli,Mar,rci,B-PERS:PRAE,PROPN,salute,4,nmod
608,Aureli,Marci,Antonini,Aur,eli,B-PERS:NOMEN,PROPN,Marci,5,flat:name
608,Antonini,Aureli,Pii,Ant,ini,B-PERS:COG,PROPN,salute,4,conj
608,Pii,Antonini,Augusti,Pii,Pii,B-PERS:AG,PROPN,salute,4,nmod
608,Augusti,Pii,Arius,Aug,sti,B-PERS:TITLE,PROPN,Pii,8,flat:name
608,Arius,Augusti,Goryphus,Ari,ius,B-PERS:NOMEN,PROPN,salute,4,appos
608,Goryphus,Arius,primus,Gor,hus,B-PERS:COG,PROPN,Arius,10,flat:name
608,primus,Goryphus,pilus,pri,mus,O,ADJ,pilus,13,amod
608,pilus,primus,legionis,pil,lus,O,ADJ,Arius,10,appos
608,legionis,pilus,I,leg,nis,O,NOUN,pilus,13,nmod
608,I,legionis,Italicae,I,I,O,NUM,pilus,13,dep
608,Italicae,I,Antoninianae,Ita,cae,O,ADJ,Arius,10,amod
608,Antoninianae,Italicae,fonte,Ant,nae,O,ADJ,Arius,10,orphan
608,fonte,Antoninianae,refecto,fon,nte,O,NOUN,refecto,19,nsubj:pass
608,refecto,fonte,arboribus,ref,cto,O,VERB,dedit,24,advcl:abs
608,arboribus,refecto,institutis,arb,bus,O,NOUN,institutis,21,nsubj:pass
608,institutis,arboribus,deae,ins,tis,O,NOUN,refecto,19,conj
608,deae,institutis,donum,dea,eae,O,NOUN,donum,23,nmod
608,donum,deae,dedit,don,num,O,NOUN,dedit,24,obj
608,dedit,donum,curante,ded,dit,O,VERB,dedit,24,ROOT
608,curante,dedit,Ario,cur,nte,O,VERB,dedit,24,advcl:abs
608,Ario,curante,Diogeniano,Ari,rio,B-PERS:NOMEN,PROPN,curante,25,nsubj
608,Diogeniano,Ario,<END>,Dio,ano,B-PERS:COG,PROPN,curante,25,nsubj
299,Nero,<START>,Claudius,Ner,ero,B-PERS:PRAE,PROPN,Nero,1,ROOT
299,Claudius,Nero,Tiberi,Cla,ius,B-PERS:NOMEN,PROPN,Nero,1,flat:name
299,Tiberi,Claudius,filius,Tib,eri,B-PERS:FILI,PROPN,filius,4,nmod
299,filius,Tiberi,Drusus,fil,ius,I-PERS:FILI,NOUN,Nero,1,appos
299,Drusus,filius,Germanicus,Dru,sus,B-PERS:COG,PROPN,Nero,1,appos
299,Germanicus,Drusus,consul,Ger,cus,B-PERS:AG,PROPN,Drusus,5,amod
299,consul,Germanicus,praetor,con,sul,B-TITLE,NOUN,Drusus,5,appos
299,praetor,consul,quaestor,pra,tor,B-TITLE,NOUN,Drusus,5,appos
299,quaestor,praetor,proconsul,qua,tor,O,NOUN,Drusus,5,appos
299,proconsul,quaestor,<END>,pro,sul,O,NOUN,Drusus,5,appos
849,Imperatori,<START>,Caesari,Imp,ori,B-PERS:TITLE,NOUN,Imperatori,1,ROOT
849,Caesari,Imperatori,divi,Cae,ari,B-PERS:TITLE,PROPN,Imperatori,1,dep
849,divi,Caesari,Antonini,div,ivi,B-PERS:FILI,VERB,Antonini,4,amod
849,Antonini,divi,Pii,Ant,ini,I-PERS:FILI,PROPN,Caesari,2,conj
849,Pii,Antonini,filio,Pii,Pii,I-PERS:FILI,PROPN,Antonini,4,nmod
849,filio,Pii,divi,fil,lio,I-PERS:FILI,NOUN,Pii,5,appos
849,divi,filio,Hadriani,div,ivi,B-PERS:FILI,VERB,Antonini,4,amod
849,Hadriani,divi,nepoti,Had,ani,I-PERS:FILI,PROPN,Antonini,4,conj
849,nepoti,Hadriani,divi,nep,oti,I-PERS:FILI,NOUN,Hadriani,8,conj
849,divi,nepoti,Traiani,div,ivi,B-PERS:FILI,VERB,Antonini,4,amod
849,Traiani,divi,Parthici,Tra,ani,I-PERS:FILI,PROPN,Hadriani,8,conj
849,Parthici,Traiani,pronepoti,Par,ici,I-PERS:FILI,ADJ,Antonini,4,amod
849,pronepoti,Parthici,divi,pro,oti,I-PERS:FILI,NOUN,Antonini,4,conj
849,divi,pronepoti,Nervae,div,ivi,B-PERS:FILI,VERB,Antonini,4,amod
849,Nervae,divi,abnepoti,Ner,vae,I-PERS:FILI,PROPN,Antonini,4,nmod
849,abnepoti,Nervae,Marco,abn,oti,I-PERS:FILI,NOUN,Nervae,15,appos
849,Marco,abnepoti,Aurelio,Mar,rco,B-PERS:PRAE,PROPN,Imperatori,1,flat
849,Aurelio,Marco,Antonino,Aur,lio,B-PERS:NOMEN,PROPN,Marco,17,flat:name
849,Antonino,Aurelio,Augusto,Ant,ino,B-PERS:COG,PROPN,Imperatori,1,nsubj
849,Augusto,Antonino,<END>,Aug,sto,B-PERS:TITLE,PROPN,Antonino,19,flat:name
669,Beati,<START>,ApolliEnaris,Bea,ati,O,PROPN,ApolliEnaris,2,amod
669,ApolliEnaris,Beati,sacerdotis,Apo,ris,B-PERS,PROPN,basilica,4,nmod
669,sacerdotis,ApolliEnaris,basilica,sac,tis,O,NOUN,basilica,4,nmod
669,basilica,sacerdotis,mandante,bas,ica,O,NOUN,aedificavit,14,obj
669,mandante,basilica,viro,man,nte,O,VERB,aedificavit,14,advcl:abs
669,viro,mandante,beato,vir,iro,O,NOUN,consecrante,18,nsubj
669,beato,viro,Ursicino,bea,ato,O,ADJ,viro,6,amod
669,Ursicino,beato,episcopo,Urs,ino,B-PERS:COG,PROPN,viro,6,flat
669,episcopo,Ursicino,a,epi,opo,O,NOUN,viro,19,appos
669,a,episcopo,fundamentis,a,a,O,ADP,fundamentis,11,case
669,fundamentis,a,Iulianus,fun,tis,O,NOUN,aedificavit,14,obl
669,Iulianus,fundamentis,argentarius,Iul,nus,B-PERS,PROPN,aedificavit,14,nsubj
669,argentarius,Iulianus,aedificavit,arg,ius,O,NOUN,aedificavit,14,xcomp
669,aedificavit,argentarius,ornavit,aed,vit,O,VERB,aedificavit,14,ROOT
669,ornavit,aedificavit,atque,orn,vit,O,VERB,aedificavit,14,conj
669,atque,ornavit,dedicavit,atq,que,O,CCONJ,dedicavit,17,cc
669,dedicavit,atque,consecrante,ded,vit,O,VERB,ornavit,15,conj
669,consecrante,dedicavit,viro,con,nte,O,VERB,dedicavit,17,advcl:abs
669,viro,consecrante,bono,vir,iro,O,NOUN,consecrante,18,nsubj
669,bono,viro,Maximiano,bon,ono,O,NOUN,viro,19,amod
669,Maximiano,bono,episcopo,Max,ano,B-PERS,PROPN,viro,19,flat
669,episcopo,Maximiano,dies,epi,opo,O,NOUN,viro,19,appos
669,dies,episcopo,Maiarum,die,ies,O,X,ornavit,15,obj
669,Maiarum,dies,indictione,Mai,rum,O,NOUN,dies,23,nmod
669,indictione,Maiarum,XII,ind,one,O,NOUN,ornavit,15,obl
669,XII,indictione,octies,XII,XII,O,NUM,indictione,25,nummod
669,octies,XII,post,oct,ies,O,X,ornavit,15,obj
669,post,octies,consulatum,pos,ost,O,ADV,consulatum,29,case
669,consulatum,post,Basilii,con,tum,O,NOUN,octies,27,nmod
669,Basilii,consulatum,<END>,Bas,lii,B-PERS,PROPN,consulatum,29,nmod
283,Imperatori,<START>,Caesari,Imp,ori,B-PERS:TITLE,NOUN,Imperatori,1,ROOT
283,Caesari,Imperatori,divi,Cae,ari,B-PERS:TITLE,PROPN,Imperatori,1,dep
283,divi,Caesari,Nervae,div,ivi,B-PERS:FILI,VERB,Caesari,2,amod
283,Nervae,divi,filio,Ner,vae,I-PERS:FILI,PROPN,filio,5,nmod
283,filio,Nervae,Nervae,fil,lio,I-PERS:FILI,NOUN,Nervae,4,appos
283,Nervae,filio,Traiano,Ner,vae,B-PERS:NOMEN,PROPN,filio,5,nmod
283,Traiano,Nervae,Augusto,Tra,ano,B-PERS:COG,PROPN,Nervae,4,flat:name
283,Augusto,Traiano,Germanico,Aug,sto,B-PERS:FILI,PROPN,Imperatori,1,flat
283,Germanico,Augusto,pontifici,Ger,ico,B-PERS:AG,PROPN,pontifici,10,amod
283,pontifici,Germanico,maximo,pon,ici,B-TITLE,NOUN,Augusto,8,dep
283,maximo,pontifici,tribunicia,max,imo,I-TITLE,ADJ,potestate,13,amod
283,tribunicia,maximo,potestate,tri,cia,B-TITLE,ADJ,potestate,13,amod
283,potestate,tribunicia,patri,pot,ate,I-TITLE,NOUN,pontifici,10,obl
283,patri,potestate,patriae,pat,tri,B-TITLE,NOUN,Augusto,8,conj
283,patriae,patri,consuli,pat,iae,I-TITLE,ADJ,patri,14,nmod
283,consuli,patriae,II,con,uli,B-TITLE,NOUN,patri,14,conj
283,II,consuli,I,II,II,O,NUM,legio,19,nummod
283,I,II,legio,I,I,O,NUM,II,17,conj
283,legio,I,II,leg,gio,O,NOUN,II,17,conj
283,II,legio,Augusta,II,II,O,NUM,legio,19,nummod
283,Augusta,II,<END>,Aug,sta,O,PROPN,II,17,conj
940,Lucio,<START>,Venuleio,Luc,cio,B-PERS:PRAE,PROPN,Lucio,1,conj
940,Venuleio,Lucio,Aproniano,Ven,eio,B-PERS:NOMEN,PROPN,Lucio,1,flat:name
940,Aproniano,Venuleio,II,Apr,ano,B-PERS:COG,PROPN,Lucio,1,flat:name
940,II,Aproniano,Lucio,II,II,O,NUM,Lucio,5,flat:name
940,Lucio,II,Sergio,Luc,cio,B-PERS:PRAE,PROPN,Lucio,1,conj
940,Sergio,Lucio,Paullo,Ser,gio,B-PERS:NOMEN,PROPN,Lucio,5,flat:name
940,Paullo,Sergio,II,Pau,llo,B-PERS:COG,PROPN,Lucio,5,flat:name
940,II,Paullo,consulibus,II,II,O,NUM,Lucio,5,flat:name
940,consulibus,II,signis,con,bus,O,NOUN,fecerunt,24,advcl:abs
940,signis,consulibus,militaribus,sig,nis,O,NOUN,exstructo,14,obl
940,militaribus,signis,V,mil,bus,O,ADJ,signis,10,amod
940,V,militaribus,sedem,V,V,O,,sedem,13,nummod
940,sedem,V,exstructo,sed,dem,O,NOUN,exstructo,14,nsubj:pass
940,exstructo,sedem,tribunali,exs,cto,O,VERB,scripti,23,advcl:abs
940,tribunali,exstructo,cum,tri,ali,O,NOUN,exstructo,14,nsubj:pass
940,cum,tribunali,omnibus,cum,cum,O,ADP,ornamentis,18,case
940,omnibus,cum,ornamentis,omn,bus,O,DET,ornamentis,18,det
940,ornamentis,omnibus,et,orn,tis,O,NOUN,scripti,23,obl
940,et,ornamentis,apparitorio,et,et,O,CCONJ,apparitorio,20,cc
940,apparitorio,et,milites,app,rio,O,NOUN,ornamentis,18,conj
940,milites,apparitorio,infra,mil,tes,O,NOUN,scripti,23,nsubj
940,infra,milites,scripti,inf,fra,O,ADV,scripti,23,advmod
940,scripti,infra,fecerunt,scr,pti,O,VERB,fecerunt,24,advcl
940,fecerunt,scripti,<END>,fec,unt,O,VERB,fecerunt,24,ROOT
945,Iovi,<START>,Optimo,Iov,ovi,O,PROPN,Iovi,1,ROOT
945,Optimo,Iovi,Maximo,Opt,imo,O,ADJ,Iovi,1,amod
945,Maximo,Optimo,Iulio,Max,imo,O,PROPN,Iovi,1,conj
945,Iulio,Maximo,Sexto,Iul,lio,B-PERS:NOMEN,PROPN,Iovi,1,conj
945,Sexto,Iulio,ex,Sex,xto,B-PERS:COG,PROPN,Iovi,1,flat:name
945,ex,Sexto,voto,ex,ex,O,ADP,voto,7,case
945,voto,ex,Amandi,vot,oto,O,NOUN,Maximo,3,obl
945,Amandi,voto,et,Ama,ndi,B-PERS,PROPN,llibentes,14,dep
945,et,Amandi,Amatoris,et,et,O,CCONJ,ssolverunt,13,cc
945,Amatoris,et,Nominatoris,Ama,ris,B-PERS,PROPN,votum,12,nmod
945,Nominatoris,Amatoris,votum,Nom,ris,B-PERS,NOUN,Amatoris,10,nmod
945,votum,Nominatoris,ssolverunt,vot,tum,O,NOUN,ssolverunt,13,obj
945,ssolverunt,votum,llibentes,sso,unt,O,VERB,Amandi,8,conj
945,llibentes,ssolverunt,merito,lli,tes,O,VERB,voto,7,advcl
945,merito,llibentes,<END>,mer,ito,O,VERB,llibentes,14,advmod
607,Dis,<START>,Manibus,Dis,Dis,O,NOUN,Manibus,2,case
607,Manibus,Dis,sacrum,Man,bus,O,PROPN,have,4,dep
607,sacrum,Manibus,have,sac,rum,O,ADJ,have,4,advcl:pred
607,have,sacrum,Tedia,hav,ave,O,ADV,have,4,ROOT
607,Tedia,have,Fortunata,Ted,dia,B-PERS:NOMEN,PROPN,have,4,obj
607,Fortunata,Tedia,Quintus,For,ata,B-PERS:COG,PROPN,Tedia,5,appos
607,Quintus,Fortunata,Tedius,Qui,tus,B-PERS:PRAE,PROPN,posuit,26,nsubj
607,Tedius,Quintus,Euhemerus,Ted,ius,B-PERS:NOMEN,PROPN,Quintus,21,flat:name
607,Euhemerus,Tedius,maritae,Euh,rus,B-PERS:COG,PROPN,Quintus,7,amod
607,maritae,Euhemerus,optimae,mar,tae,O,ADJ,posuit,26,obl:arg
607,optimae,maritae,cum,opt,mae,O,ADJ,maritae,10,amod
607,cum,optimae,qua,cum,cum,O,ADP,qua,13,case
607,qua,cum,vixit,qua,qua,O,PRON,vixit,14,obl
607,vixit,qua,annos,vix,xit,O,VERB,posuit,26,acl:relcl
607,annos,vixit,XL,ann,nos,O,NOUN,vixit,14,obj
607,XL,annos,sine,XL,XL,O,NUM,annos,15,nummod
607,sine,XL,ulla,sin,ine,O,ADP,aerella,20,case
607,ulla,sine,qu,ull,lla,O,DET,aerella,20,det
607,qu,ulla,aerella,qu,qu,O,PUNCT,aerella,20,cc
607,aerella,qu,Quintus,aer,lla,O,ADJ,posuit,26,obl
607,Quintus,aerella,Tedius,Qui,tus,B-PERS:PRAE,PROPN,posuit,26,nsubj
607,Tedius,Quintus,Fortunatus,Ted,ius,B-PERS:NOMEN,PROPN,Quintus,21,flat:name
607,Fortunatus,Tedius,matri,For,tus,B-PERS:COG,ADJ,Quintus,21,amod
607,matri,Fortunatus,piissimae,mat,tri,O,NOUN,posuit,26,obl:arg
607,piissimae,matri,posuit,pii,mae,O,ADJ,matri,24,amod
607,posuit,piissimae,<END>,pos,uit,O,VERB,have,4,conj
960,DDominis,<START>,nnostris,DDo,nis,O,PROPN,Impperatoribus,3,nmod
960,nnostris,DDominis,Impperatoribus,nno,ris,O,DET,DDominis,1,amod
960,Impperatoribus,nnostris,Caessaribus,Imp,bus,B-TITLE,NOUN,Impperatoribus,3,ROOT
960,Caessaribus,Impperatoribus,Galerio,Cae,bus,B-TITLE,PROPN,Impperatoribus,3,flat
960,Galerio,Caessaribus,Valerio,Gal,rio,B-PERS:PRAE,PROPN,Impperatoribus,3,orphan
960,Valerio,Galerio,Maximiano,Val,rio,B-PERS:NOMEN,PROPN,Flavio,9,flat:name
960,Maximiano,Valerio,et,Max,ano,B-PERS:COG,PROPN,Galerio,5,conj
960,et,Maximiano,Flavio,et,et,O,CCONJ,Flavio,9,cc
960,Flavio,et,Valerio,Fla,vio,B-PERS:PRAE,PROPN,Galerio,5,conj
960,Valerio,Flavio,Constantio,Val,rio,B-PERS:NOMEN,PROPN,Flavio,9,flat:name
960,Constantio,Valerio,nobilissimis,Con,tio,B-PERS:COG,PROPN,Flavio,9,flat:name
960,nobilissimis,Constantio,Caesaribus,nob,mis,O,ADJ,Caesaribus,13,amod
960,Caesaribus,nobilissimis,Numini,Cae,bus,B-TITLE,PROPN,Galerio,5,conj
960,Numini,Caesaribus,eorum,Num,ini,O,NOUN,res,19,nmod
960,eorum,Numini,dedicatissima,eor,rum,O,PRON,Numini,14,nmod
960,dedicatissima,eorum,sua,ded,ima,O,ADJ,Numini,14,acl
960,sua,dedicatissima,pecunia,sua,sua,O,DET,pecunia,18,det
960,pecunia,sua,res,pec,nia,O,NOUN,dedicatissima,16,obl
960,res,pecunia,publica,res,res,O,NOUN,Impperatoribus,3,conj
960,publica,res,municipii,pub,ica,O,ADJ,res,19,amod
960,municipii,publica,Chidibbiensis,mun,pii,O,NOUN,res,19,nmod
960,Chidibbiensis,municipii,<END>,Chi,sis,B-LOC,PROPN,municipii,21,amod
935,Dis,<START>,Manibus,Dis,Dis,O,NOUN,Manibus,2,case
935,Manibus,Dis,Tito,Man,bus,O,PROPN,fecerunt,16,obl
935,Tito,Manibus,Flavio,Tit,ito,B-PERS:PRAE,PROPN,Manibus,2,flat
935,Flavio,Tito,Augusti,Fla,vio,B-PERS:NOMEN,PROPN,Tito,3,flat:name
935,Augusti,Flavio,liberto,Aug,sti,B-PERS:FILI,PROPN,liberto,6,nmod
935,liberto,Augusti,Tichico,lib,rto,I-PERS:FILI,NOUN,Tito,3,appos
935,Tichico,liberto,adiutori,Tic,ico,B-PERS:COG,PROPN,Tito,3,flat
935,adiutori,Tichico,a,adi,ori,O,NOUN,Tichico,7,appos
935,a,adiutori,veste,a,a,O,ADP,veste,10,case
935,veste,a,castrense,ves,ste,O,NOUN,liberti,12,nmod
935,castrense,veste,liberti,cas,nse,O,ADJ,veste,10,acl
935,liberti,castrense,patrono,lib,rti,O,NOUN,patrono,13,nmod
935,patrono,liberti,bene,pat,ono,O,NOUN,merenti,15,obl
935,bene,patrono,merenti,ben,ene,O,ADV,merenti,15,advmod
935,merenti,bene,fecerunt,mer,nti,O,ADJ,fecerunt,16,advcl
935,fecerunt,merenti,Felix,fec,unt,O,VERB,fecerunt,16,ROOT
935,Felix,fecerunt,et,Fel,lix,B-PERS,PROPN,fecerunt,16,appos
935,et,Felix,Arruntianus,et,et,O,CCONJ,libertis,26,cc
935,Arruntianus,et,et,Arr,nus,B-PERS,PROPN,Felix,17,conj
935,et,Arruntianus,Epictesis,et,et,O,CCONJ,libertis,26,cc
935,Epictesis,et,et,Epi,sis,B-PERS,PROPN,Felix,17,conj
935,et,Epictesis,sibi,et,et,O,CCONJ,libertis,26,cc
935,sibi,et,et,sib,ibi,O,PRON,libertabus,27,obl:arg
935,et,sibi,suis,et,et,O,CCONJ,libertis,26,cc
935,suis,et,libertis,sui,uis,O,DET,libertis,26,det
935,libertis,suis,libertabusque,lib,tis,O,ADJ,sibi,23,conj
935,libertabusque,libertis,posterisque,lib,que,O,VERB,,-1,
935,posterisque,libertabusque,eorum,pos,que,O,NOUN,,-1,
935,eorum,posterisque,<END>,eor,rum,O,PRON,que,30,nmod
732,Aureliae,<START>,quae,Aur,iae,B-PERS:NOMEN,ADJ,fecit,8,obl
732,quae,Aureliae,vixit,qua,uae,O,PRON,vixit,3,nsubj
732,vixit,quae,annos,vix,xit,O,VERB,fecit,8,dislocated
732,annos,vixit,Ponpeianus,ann,nos,O,NOUN,vixit,3,obj
732,Ponpeianus,annos,uxori,Pon,nus,B-PERS,PROPN,fecit,8,nsubj
732,uxori,Ponpeianus,dulcissimae,uxo,ori,O,NOUN,fecit,8,obl:arg
732,dulcissimae,uxori,fecit,dul,mae,O,ADJ,uxori,6,amod
732,fecit,dulcissimae,depositio,fec,cit,O,VERB,fecit,8,ROOT
732,depositio,fecit,eius,dep,tio,O,NOUN,fecit,8,nsubj
732,eius,depositio,Ianuarias,eiu,ius,O,ADV,depositio,9,nmod
732,Ianuarias,eius,<END>,Ian,ias,O,ADJ,depositio,9,nmod
288,Numini,<START>,Victoriae,Num,ini,O,NOUN,Numini,1,ROOT
288,Victoriae,Numini,Imperatoris,Vic,iae,O,PROPN,Numini,1,flat:name
288,Imperatoris,Victoriae,Caesaris,Imp,ris,B-PERS:TITLE,NOUN,Numini,1,appos
288,Caesaris,Imperatoris,Marci,Cae,ris,B-PERS:TITLE,PROPN,Numini,1,conj
288,Marci,Caesaris,Aureli,Mar,rci,B-PERS:NOMEN,PROPN,Numini,1,conj
288,Aureli,Marci,Antonini,Aur,eli,B-PERS:NOMEN,PROPN,Marci,5,flat:name
288,Antonini,Aureli,Augusti,Ant,ini,B-PERS:NOMEN,PROPN,Numini,1,conj
288,Augusti,Antonini,Invicti,Aug,sti,B-PERS:TITLE,PROPN,Antonini,7,flat:name
288,Invicti,Augusti,principis,Inv,cti,B-PERS:TITLE,ADJ,principis,10,amod
288,principis,Invicti,Eulalius,pri,pis,I-PERS:TITLE,PUNCT,Antonini,7,appos
288,Eulalius,principis,libertus,Eul,ius,B-PERS,PROPN,Numini,1,conj
288,libertus,Eulalius,praepositus,lib,tus,B-PERS:FILI,NOUN,Eulalius,11,appos
288,praepositus,libertus,stationis,pra,tus,B-TITLE,NOUN,Eulalius,11,xcomp
288,stationis,praepositus,huius,sta,nis,O,NOUN,praepositus,13,nmod
288,huius,stationis,provinciae,hui,ius,O,DET,provinciae,16,det
288,provinciae,huius,et,pro,iae,O,NOUN,stationis,14,nmod
288,et,provinciae,urbis,et,et,O,CCONJ,urbis,18,cc
288,urbis,et,sacrae,urb,bis,O,NOUN,stationis,14,conj
288,sacrae,urbis,<END>,sac,rae,O,ADJ,urbis,18,amod
528,Dis,<START>,Manibus,Dis,Dis,O,NOUN,Manibus,2,case
528,Manibus,Dis,Tossiae,Man,bus,O,PROPN,fecerunt,13,dep
528,Tossiae,Manibus,Felicitati,Tos,iae,B-PERS:NOMEN,PROPN,Tossia,5,dislocated
528,Felicitati,Tossiae,Tossia,Fel,ati,B-PERS:COG,NOUN,Tossiae,3,appos
528,Tossia,Felicitati,Fortunata,Tos,sia,B-PERS:NOMEN,PROPN,fecerunt,13,nsubj
528,Fortunata,Tossia,mater,For,ata,B-PERS:COG,PROPN,Tossia,5,amod
528,mater,Fortunata,et,mat,ter,O,NOUN,Fortunata,6,appos
528,et,mater,Lucius,et,et,O,CCONJ,Lucius,9,cc
528,Lucius,et,Virius,Luc,ius,B-PERS:PRAE,PROPN,Tossia,5,conj
528,Virius,Lucius,Primus,Vir,ius,B-PERS:NOMEN,ADJ,Lucius,9,appos
528,Primus,Virius,pater,Pri,mus,B-PERS:COG,ADJ,Tossia,5,amod
528,pater,Primus,fecerunt,pat,ter,O,NOUN,fecerunt,13,xcomp
528,fecerunt,pater,filiae,fec,unt,O,VERB,fecerunt,13,ROOT
528,filiae,fecerunt,dulcissimae,fil,iae,O,NOUN,fecerunt,13,nmod
528,dulcissimae,filiae,<END>,dul,mae,O,ADJ,filiae,14,amod
808,Victor,<START>,Agrippianus,Vic,tor,B-PERS:NOMEN,PROPN,Felice,28,nsubj
808,Agrippianus,Victor,eques,Agr,nus,B-PERS:COG,PROPN,Victor,1,appos
808,eques,Agrippianus,Romanus,equ,ues,O,NOUN,Victor,1,appos
808,Romanus,eques,flamen,Rom,nus,O,ADJ,sacerdos,7,amod
808,flamen,Romanus,perpetuus,fla,men,O,NOUN,Romanus,4,dep
808,perpetuus,flamen,sacerdos,per,uus,O,ADJ,sacerdos,7,amod
808,sacerdos,perpetuus,dei,sac,dos,O,NOUN,Victor,1,appos
808,dei,sacerdos,Liberi,dei,dei,O,PUNCT,sacerdos,7,nmod
808,Liberi,dei,Patris,Lib,eri,O,PROPN,Patris,10,amod
808,Patris,Liberi,patris,Pat,ris,O,NOUN,dei,8,nmod
808,patris,Patris,eeqquitum,pat,ris,O,NOUN,Patris,10,nmod
808,eeqquitum,patris,Rromanorum,eeq,tum,O,NOUN,Rromanorum,13,nmod
808,Rromanorum,eeqquitum,et,Rro,rum,O,PROPN,dei,8,conj
808,et,Rromanorum,Iuliae,et,et,O,CCONJ,Iuliae,15,cc
808,Iuliae,et,Celsinae,Iul,iae,B-PERS:NOMEN,PROPN,dei,8,conj
808,Celsinae,Iuliae,senioris,Cel,nae,B-PERS:COG,PROPN,Iuliae,15,flat:name
808,senioris,Celsinae,flaminicae,sen,ris,O,ADJ,Iuliae,15,amod
808,flaminicae,senioris,perpetuae,fla,cae,O,ADJ,viri,20,amod
808,perpetuae,flaminicae,viri,per,uae,O,ADJ,flaminicae,18,amod
808,viri,perpetuae,militaris,vir,iri,O,NOUN,sacerdos,7,conj
808,militaris,viri,nepoti,mil,ris,O,ADJ,viri,20,amod
808,nepoti,militaris,Domiti,nep,oti,O,NOUN,sacerdos,7,conj
808,Domiti,nepoti,Victoris,Dom,iti,B-PERS:NOMEN,PROPN,Victoris,24,nmod
808,Victoris,Domiti,PI,Vic,ris,B-PERS:COG,NOUN,sacerdos,7,conj
808,PI,Victoris,una,PI,PI,O,NUM,sacerdos,7,conj
808,una,PI,cum,una,una,O,NUM,Felice,28,advmod
808,cum,una,Felice,cum,cum,O,ADP,Felice,28,case
808,Felice,cum,Victoriano,Fel,ice,B-PERS:AG,PROPN,Felice,28,ROOT
808,Victoriano,Felice,Nepote,Vic,ano,B-PERS:COG,NOUN,Felice,28,conj
808,Nepote,Victoriano,pecunia,Nep,ote,B-PERS,NOUN,Felice,28,conj
808,pecunia,Nepote,sua,pec,nia,O,NOUN,Felice,28,appos
808,sua,pecunia,<END>,sua,sua,O,DET,pecunia,31,det
230,Mandulio,<START>,Luci,Man,lio,B-PERS:PRAE,PROPN,Mandulio,1,ROOT
230,Luci,Mandulio,filio,Luc,uci,B-PERS:FILI,PROPN,filio,3,nmod
230,filio,Luci,Teretina,fil,lio,I-PERS:FILI,NOUN,Mandulio,1,appos
230,Teretina,filio,Crescenti,Ter,ina,B-PERS:TRIBE,PROPN,Mandulio,1,conj
230,Crescenti,Teretina,aedili,Cre,nti,B-PERS:COG,PROPN,Mandulio,1,conj
230,aedili,Crescenti,IIviro,aed,ili,B-TITLE,NOUN,Crescenti,5,appos
230,IIviro,aedili,flamini,IIv,iro,O,PROPN,Mandulio,1,conj
230,flamini,IIviro,Romae,fla,ini,O,NOUN,Mandulio,1,appos
230,Romae,flamini,et,Rom,mae,O,PROPN,flamini,8,nmod
230,et,Romae,Augustorum,et,et,O,CCONJ,Augustorum,11,cc
230,Augustorum,et,praefecto,Aug,rum,O,PROPN,Romae,9,conj
230,praefecto,Augustorum,fabrum,pra,cto,B-TITLE,NOUN,flamini,8,appos
230,fabrum,praefecto,<END>,fab,rum,O,NOUN,Mandulio,1,conj
437,provocatori,<START>,spathario,pro,ori,O,NOUN,fecit,16,obl:arg
437,spathario,provocatori,ludi,spa,rio,O,NOUN,vixit,5,obl
437,ludi,spathario,magni,lud,udi,O,NOUN,fecit,16,obl:arg
437,magni,ludi,vixit,mag,gni,O,ADJ,ludi,11,amod
437,vixit,magni,annos,vix,xit,O,VERB,provocatori,1,acl:relcl
437,annos,vixit,XIIX,ann,nos,O,NOUN,vixit,5,obj
437,XIIX,annos,inus,XII,IIX,O,NUM,annos,6,nummod
437,inus,XIIX,provocator,inu,nus,O,ADJ,fecit,16,discourse
437,provocator,inus,spatharius,pro,tor,O,NOUN,fecit,16,xcomp
437,spatharius,provocator,ludi,spa,ius,O,NOUN,fecit,16,appos
437,ludi,spatharius,magni,lud,udi,O,NOUN,fecit,16,obl:arg
437,magni,ludi,sodali,mag,gni,O,ADJ,ludi,11,amod
437,sodali,magni,bene,sod,ali,O,NOUN,ludi,11,amod
437,bene,sodali,merenti,ben,ene,O,ADV,merenti,15,advmod
437,merenti,bene,fecit,mer,nti,O,ADJ,ludi,11,acl
437,fecit,merenti,<END>,fec,cit,O,VERB,fecit,16,ROOT
29,Hic,<START>,requiescit,Hic,Hic,O,ADV,requiescit,2,advmod:lmod
29,requiescit,Hic,in,req,cit,O,VERB,requiescit,2,ROOT
29,in,requiescit,pace,in,in,O,ADP,pace,4,case
29,pace,in,bonememorius,pac,ace,O,PUNCT,requiescit,2,obl
29,bonememorius,pace,edus,bon,ius,O,NOUN,diaconus,7,amod
29,edus,bonememorius,diaconus,edu,dus,O,NOUN,diaconus,7,amod
29,diaconus,edus,qui,dia,nus,O,NOUN,requiescit,2,nsubj
29,qui,diaconus,vixit,qui,qui,O,PUNCT,vixit,9,nsubj
29,vixit,qui,annoUs,vix,xit,O,VERB,pace,4,acl:relcl
29,annoUs,vixit,obiit,ann,oUs,O,NOUN,obiit,11,nsubj
29,obiit,annoUs,Idus,obi,iit,O,VERB,requiescit,2,conj
29,Idus,obiit,Decembres,Idu,dus,O,NOUN,obiit,11,nmod
29,Decembres,Idus,Agapito,Dec,res,O,NOUN,Idus,12,amod
29,Agapito,Decembres,viro,Aga,ito,B-PERS,PROPN,obiit,11,nsubj
29,viro,Agapito,clarissimo,vir,iro,O,NOUN,Agapito,14,appos
29,clarissimo,viro,consule,cla,imo,O,ADJ,viro,15,amod
29,consule,clarissimo,<END>,con,ule,O,NOUN,viro,15,nmod
375,Dis,<START>,Manibus,Dis,Dis,O,NOUN,Manibus,2,case
375,Manibus,Dis,Tiberius,Man,bus,O,PROPN,vixit,7,dep
375,Tiberius,Manibus,Claudius,Tib,ius,B-PERS:PRAE,PROPN,annos,6,nsubj
375,Claudius,Tiberius,Augustalis,Cla,ius,B-PERS:NOMEN,PROPN,Tiberius,3,flat:name
375,Augustalis,Claudius,annos,Aug,lis,B-PERS:TITLE,ADJ,Tiberius,3,amod
375,annos,Augustalis,vixit,ann,nos,O,NOUN,vixit,7,obl
375,vixit,annos,VIIII,vix,xit,O,VERB,vixit,7,ROOT
375,VIIII,vixit,<END>,VII,III,O,NUM,vixit,7,nummod
820,Imperatori,<START>,Caesari,Imp,ori,B-PERS:TITLE,NOUN,Imperatori,1,ROOT
820,Caesari,Imperatori,divi,Cae,ari,B-PERS:TITLE,PROPN,Imperatori,1,dep
820,divi,Caesari,Nervae,div,ivi,B-PERS:FILI,VERB,Caesari,2,amod
820,Nervae,divi,filio,Ner,vae,I-PERS:FILI,PROPN,filio,5,nmod
820,filio,Nervae,Nervae,fil,lio,I-PERS:FILI,NOUN,Nervae,4,appos
820,Nervae,filio,Traiano,Ner,vae,B-PERS:NOMEN,PROPN,filio,5,nmod
820,Traiano,Nervae,Augusto,Tra,ano,B-PERS:COG,PROPN,Nervae,4,flat:name
820,Augusto,Traiano,Germanico,Aug,sto,B-PERS:FILI,PROPN,Imperatori,1,flat
820,Germanico,Augusto,Dacico,Ger,ico,B-PERS:AG,PROPN,Imperatori,1,dep
820,Dacico,Germanico,pontifici,Dac,ico,B-PERS:AG,ADJ,Germanico,9,flat:name
820,pontifici,Dacico,maximo,pon,ici,B-TITLE,NOUN,Imperatori,1,appos
820,maximo,pontifici,tribunicia,max,imo,I-TITLE,ADJ,potestate,14,amod
820,tribunicia,maximo,potestate,tri,cia,B-TITLE,ADJ,potestate,14,amod
820,potestate,tribunicia,XIII,pot,ate,I-TITLE,NOUN,pontifici,11,obl
820,XIII,potestate,imperatori,XII,III,O,NUM,imperatori,16,nummod
820,imperatori,XIII,VI,imp,ori,B-TITLE,NOUN,Imperatori,1,conj
820,VI,imperatori,consuli,VI,VI,O,NUM,imperatori,16,conj
820,consuli,VI,VI,con,uli,O,NOUN,imperatori,16,conj
820,VI,consuli,patri,VI,VI,O,NUM,imperatori,16,conj
820,patri,VI,patriae,pat,tri,B-TITLE,NOUN,imperatori,16,conj
820,patriae,patri,OptiUmo,pat,iae,I-TITLE,ADJ,patri,20,nmod
820,OptiUmo,patriae,Max,Opt,Umo,O,VERB,imperatori,16,conj
820,Max,OptiUmo,simoque,Max,Max,O,PROPN,OptiUmo,22,dep
820,simoque,Max,principi,sim,que,O,ADV,,-1,
820,principi,simoque,Nescanienses,pri,ipi,O,PUNCT,imperatori,16,conj
820,Nescanienses,principi,decreto,Nes,ses,O,PROPN,imperatori,16,conj
820,decreto,Nescanienses,decurionum,dec,eto,O,NOUN,imperatori,16,conj
820,decurionum,decreto,<END>,dec,num,O,NOUN,decreto,28,nmod
317,Herculi,<START>,Lucius,Her,uli,O,PROPN,Lucius,2,nmod
317,Lucius,Herculi,Sertorius,Luc,ius,B-PERS:PRAE,PROPN,Lucius,2,ROOT
317,Sertorius,Lucius,L,Ser,ius,B-PERS:NOMEN,PROPN,Lucius,2,flat:name
317,L,Sertorius,et,L,L,O,PUNCT,Lucius,2,obl
317,et,L,Pyrallis,et,et,O,CCONJ,Pyrallis,6,cc
317,Pyrallis,et,<END>,Pyr,lis,B-PERS,PROPN,L,4,conj
561,Marco,<START>,Cosinio,Mar,rco,B-PERS:PRAE,PROPN,fecit,10,obl:arg
561,Cosinio,Marco,Gorgiati,Cos,nio,B-PERS:NOMEN,PROPN,Marco,1,flat:name
561,Gorgiati,Cosinio,Marcus,Gor,ati,B-PERS:COG,PROPN,Marco,1,flat:name
561,Marcus,Gorgiati,Cosinius,Mar,cus,B-PERS:PRAE,PROPN,fecit,10,nsubj
561,Cosinius,Marcus,Gorgianus,Cos,ius,B-PERS:NOMEN,PROPN,Marcus,4,flat:name
561,Gorgianus,Cosinius,patri,Gor,nus,B-PERS:COG,PROPN,Marcus,4,amod
561,patri,Gorgianus,bene,pat,tri,O,NOUN,fecit,10,obl:arg
561,bene,patri,merenti,ben,ene,O,ADV,merenti,9,advmod
561,merenti,bene,fecit,mer,nti,O,ADJ,patri,7,acl
561,fecit,merenti,in,fec,cit,O,VERB,fecit,10,ROOT
561,in,fecit,fronte,in,in,O,ADP,agro,16,case
561,fronte,in,pedes,fro,nte,O,NOUN,fecit,10,obl
561,pedes,fronte,XII,ped,des,O,X,fecit,10,obj
561,XII,pedes,in,XII,XII,O,NUM,pedes,17,nummod
561,in,XII,agro,in,in,O,ADP,agro,16,case
561,agro,in,pedes,agr,gro,O,NOUN,fecit,10,obl
561,pedes,agro,XII,ped,des,O,X,fecit,10,obj
561,XII,pedes,<END>,XII,XII,O,NUM,pedes,17,nummod
242,Lollia,<START>,hic,Lol,lia,B-PERS:NOMEN,PROPN,sita,3,nsubj:pass
242,hic,Lollia,sita,hic,hic,O,ADV,sita,3,advmod:lmod
242,sita,hic,est,sit,ita,O,ADJ,sita,3,ROOT
242,est,sita,noli,est,est,O,AUX,sita,3,aux:pass
242,noli,est,dolere,nol,oli,O,VERB,sita,3,acl
242,dolere,noli,mater,dol,ere,O,VERB,noli,5,xcomp
242,mater,dolere,eventum,mat,ter,O,NOUN,noli,5,nsubj
242,eventum,mater,meum,eve,tum,O,NOUN,properavi,10,obj
242,meum,eventum,properavi,meu,eum,O,DET,eventum,8,det
242,properavi,meum,aetas,pro,avi,O,VERB,sita,3,conj
242,aetas,properavi,hoc,aet,tas,O,NOUN,properavi,10,nsubj
242,hoc,aetas,voluit,hoc,hoc,O,PROPN,voluit,13,obj
242,voluit,hoc,fatus,vol,uit,O,VERB,sita,3,parataxis
242,fatus,voluit,meus,fat,tus,O,VERB,voluit,13,nsubj
242,meus,fatus,<END>,meu,eus,O,DET,fatus,14,det
150,Dis,<START>,Manibus,Dis,Dis,O,NOUN,Manibus,2,case
150,Manibus,Dis,Publiciae,Man,bus,O,PROPN,Manibus,2,ROOT
150,Publiciae,Manibus,Corinthiae,Pub,iae,B-PERS:NOMEN,NOUN,Manibus,2,amod
150,Corinthiae,Publiciae,Caius,Cor,iae,I-PERS,PROPN,Publiciae,3,flat:name
150,Caius,Corinthiae,Bassius,Cai,ius,B-PERS:PRAE,PROPN,Manibus,2,orphan
150,Bassius,Caius,Corinthianus,Bas,ius,B-PERS:NOMEN,PROPN,Caius,5,flat:name
150,Corinthianus,Bassius,centurio,Cor,nus,B-PERS:COG,ADJ,Caius,5,amod
150,centurio,Corinthianus,cohortis,cen,rio,O,NOUN,Caius,5,appos
150,cohortis,centurio,XIII,coh,tis,O,NOUN,centurio,8,nmod
150,XIII,cohortis,urbanae,XII,III,O,NUM,cohortis,9,nummod
150,urbanae,XIII,matri,urb,nae,O,ADJ,cohortis,9,amod
150,matri,urbanae,pientissimae,mat,tri,O,NOUN,locus,14,nmod
150,pientissimae,matri,locus,pie,mae,O,ADJ,matri,12,amod
150,locus,pientissimae,datus,loc,cus,O,NOUN,datus,15,xcomp
150,datus,locus,a,dat,tus,O,VERB,Caius,5,acl
150,a,datus,Tullio,a,a,O,ADP,Tullio,17,case
150,Tullio,a,Posidonio,Tul,lio,B-PERS:NOMEN,PROPN,datus,15,obl:agent
150,Posidonio,Tullio,<END>,Pos,nio,B-PERS:COG,PROPN,Tullio,17,flat:name
517,Albini,<START>,per,Alb,ini,B-PERS,PROPN,perduxit,7,obl:arg
517,per,Albini,milia,per,per,O,ADP,milia,3,case
517,milia,per,passuum,mil,lia,O,NUM,perduxit,7,obl
517,passuum,milia,XV,pas,uum,O,NOUN,milia,3,nmod
517,XV,passuum,Casinatibus,XV,XV,O,NUM,milia,3,nummod
517,Casinatibus,XV,perduxit,Cas,bus,B-LOC,PROPN,perduxit,7,obl:arg
517,perduxit,Casinatibus,<END>,per,xit,O,VERB,perduxit,7,ROOT
418,Imperatori,<START>,Caesari,Imp,ori,B-PERS:TITLE,NOUN,fecerunt,27,advcl:abs
418,Caesari,Imperatori,Lucio,Cae,ari,B-PERS:TITLE,PROPN,fecerunt,27,obl:arg
418,Lucio,Caesari,Septimio,Luc,cio,B-PERS:PRAE,PROPN,Caesari,2,conj
418,Septimio,Lucio,Severo,Sep,mio,B-PERS:NOMEN,PROPN,Lucio,3,flat:name
418,Severo,Septimio,Pertinaci,Sev,ero,B-PERS:COG,PROPN,Lucio,3,flat:name
418,Pertinaci,Severo,Augusto,Per,aci,B-PERS:TITLE,PROPN,Lucio,3,flat:name
418,Augusto,Pertinaci,Arabico,Aug,sto,I-PERS:TITLE,PROPN,Lucio,3,conj
418,Arabico,Augusto,Adab,Ara,ico,B-PERS:AG,ADJ,Augusto,7,amod
418,Adab,Arabico,ienico,Ada,dab,B-PERS:AG,PROPN,Caesari,2,conj
418,ienico,Adab,pontifici,ien,ico,I-PERS:AG,ADJ,pontifici,11,amod
418,pontifici,ienico,maximo,pon,ici,B-TITLE,NOUN,potestate,14,nmod
418,maximo,pontifici,tribunicia,max,imo,I-TITLE,ADJ,potestate,14,amod
418,tribunicia,maximo,potestate,tri,cia,B-TITLE,ADJ,potestate,14,amod
418,potestate,tribunicia,III,pot,ate,I-TITLE,NOUN,fecerunt,27,obl
418,III,potestate,imperatori,III,III,O,NUM,imperatori,16,nummod
418,imperatori,III,V,imp,ori,B-TITLE,NOUN,fecerunt,27,obl:arg
418,V,imperatori,consuli,V,V,O,,imperatori,16,dep
418,consuli,V,II,con,uli,B-TITLE,NOUN,imperatori,16,dep
418,II,consuli,patri,II,II,O,NUM,consuli,18,nummod
418,patri,II,patriae,pat,tri,B-TITLE,NOUN,imperatori,16,nmod
418,patriae,patri,ex,pat,iae,I-TITLE,ADJ,patri,20,nmod
418,ex,patriae,HS,ex,ex,O,ADP,HS,23,case
418,HS,ex,Cmilibus,HS,HS,O,ADV,fecerunt,27,obl
418,Cmilibus,HS,nummum,Cmi,bus,O,PROPN,HS,23,obl
418,nummum,Cmilibus,Gibbenses,num,mum,O,NOUN,fecerunt,27,obj
418,Gibbenses,nummum,fecerunt,Gib,ses,O,PROPN,fecerunt,27,nsubj
418,fecerunt,Gibbenses,<END>,fec,unt,O,VERB,fecerunt,27,ROOT
661,nisi,<START>,iram,nis,isi,O,SCONJ,rogat,3,mark
661,iram,nisi,rogat,ira,ram,O,NOUN,rogat,3,obj
661,rogat,iram,marmorum,rog,gat,O,VERB,pliandum,10,advcl
661,marmorum,rogat,columnarum,mar,rum,O,NOUN,columnarum,5,nmod
661,columnarum,marmorum,nius,col,rum,O,NOUN,iram,2,nmod
661,nius,columnarum,Felix,niu,ius,O,X,pliandum,10,nsubj:pass
661,Felix,nius,ad,Fel,lix,B-PERS,PROPN,nius,6,amod
661,ad,Felix,ampliandum,ad,ad,O,ADP,ampliandum,9,mark
661,ampliandum,ad,pliandum,amp,dum,O,VERB,pliandum,10,advcl
661,pliandum,ampliandum,Kalend,pli,dum,O,VERB,pliandum,10,ROOT
661,Kalend,pliandum,<END>,Kal,end,O,NOUN,pliandum,10,nmod
199,Pro,<START>,salute,Pro,Pro,O,INTJ,salute,2,case
199,salute,Pro,Imperatoris,sal,ute,O,NOUN,salute,2,ROOT
199,Imperatoris,salute,Caesaris,Imp,ris,B-PERS:TITLE,NOUN,salute,2,nmod
199,Caesaris,Imperatoris,Antonini,Cae,ris,B-PERS:TITLE,PROPN,Imperatoris,3,nmod
199,Antonini,Caesaris,Parthici,Ant,ini,B-PERS:NOMEN,PROPN,salute,2,nmod
199,Parthici,Antonini,<END>,Par,ici,B-PERS:COG,ADJ,Antonini,5,amod
586,Caecina,<START>,filius,Cae,ina,B-PERS:NOMEN,PROPN,vixit,4,nsubj
586,filius,Caecina,Tlaboni,fil,ius,B-PERS:FILI,NOUN,Caecina,1,appos
586,Tlaboni,filius,vixit,Tla,oni,I-PERS:FILI,PROPN,filius,2,nmod
586,vixit,Tlaboni,annos,vix,xit,O,VERB,vixit,4,ROOT
586,annos,vixit,XX,ann,nos,O,NOUN,vixit,4,obj
586,XX,annos,<END>,XX,XX,O,NUM,annos,5,nummod
326,Aulo,<START>,Pisidio,Aul,ulo,B-PERS:PRAE,PROPN,fecerunt,21,obl:arg
326,Pisidio,Aulo,Phileroti,Pis,dio,B-PERS:NOMEN,PROPN,Aulo,1,flat:name
326,Phileroti,Pisidio,IIIIIIviro,Phi,oti,B-PERS:COG,PROPN,Aulo,1,nmod
326,IIIIIIviro,Phileroti,Aulus,III,iro,O,NUM,Aulo,1,amod
326,Aulus,IIIIIIviro,Pisidius,Aul,lus,B-PERS:PRAE,PROPN,Aulo,1,conj
326,Pisidius,Aulus,Alexander,Pis,ius,B-PERS:NOMEN,PROPN,Aulus,16,flat:name
326,Alexander,Pisidius,Aulus,Ale,der,B-PERS:COG,PROPN,Aulus,5,conj
326,Aulus,Alexander,Pisidius,Aul,lus,B-PERS:PRAE,PROPN,Aulo,1,conj
326,Pisidius,Aulus,Felix,Pis,ius,B-PERS:NOMEN,PROPN,Aulus,16,flat:name
326,Felix,Pisidius,libertus,Fel,lix,B-PERS:FILI,PROPN,Aulus,5,conj
326,libertus,Felix,Aulus,lib,tus,I-PERS:FILI,NOUN,Adiutor,18,appos
326,Aulus,libertus,Pisidius,Aul,lus,B-PERS:PRAE,PROPN,Aulo,1,conj
326,Pisidius,Aulus,Faustus,Pis,ius,B-PERS:NOMEN,PROPN,Aulus,16,flat:name
326,Faustus,Pisidius,libertus,Fau,tus,B-PERS:FILI,PROPN,Aulo,1,conj
326,libertus,Faustus,Aulus,lib,tus,I-PERS:FILI,NOUN,Adiutor,18,appos
326,Aulus,libertus,Pisidius,Aul,lus,B-PERS:PRAE,PROPN,Aulo,1,conj
326,Pisidius,Aulus,Adiutor,Pis,ius,B-PERS:NOMEN,PROPN,Aulus,16,flat:name
326,Adiutor,Pisidius,libertus,Adi,tor,B-PERS:FILI,NOUN,Aulo,1,conj
326,libertus,Adiutor,vivi,lib,tus,I-PERS:FILI,NOUN,Adiutor,18,appos
326,vivi,libertus,fecerunt,viv,ivi,O,ADV,Aulo,1,amod
326,fecerunt,vivi,<END>,fec,unt,O,VERB,fecerunt,21,ROOT
824,Caius,<START>,Plaetorius,Cai,ius,B-PERS:PRAE,PROPN,Caius,1,nsubj
824,Plaetorius,Caius,Cai,Pla,ius,B-PERS:NOMEN,PROPN,Caius,12,flat:name
824,Cai,Plaetorius,libertus,Cai,Cai,B-PERS:FILI,PROPN,libertus,15,nmod
824,libertus,Cai,Cnidus,lib,tus,I-PERS:FILI,NOUN,Caius,12,appos
824,Cnidus,libertus,sibi,Cni,dus,B-PERS:COG,PROPN,Caius,1,appos
824,sibi,Cnidus,et,sib,ibi,O,PRON,Caius,1,obl:arg
824,et,sibi,Plaetoriae,et,et,O,CCONJ,Cai,9,cc
824,Plaetoriae,et,Cai,Pla,iae,B-PERS:NOMEN,PROPN,Cai,9,amod
824,Cai,Plaetoriae,libertae,Cai,Cai,B-PERS:FILI,PROPN,libertus,15,nmod
824,libertae,Cai,Secundae,lib,tae,I-PERS:FILI,NOUN,Cai,9,appos
824,Secundae,libertae,Caius,Sec,dae,B-PERS:COG,ADJ,libertae,10,nmod
824,Caius,Secundae,Plaetorius,Cai,ius,B-PERS:PRAE,PROPN,Caius,1,nsubj
824,Plaetorius,Caius,Cai,Pla,ius,B-PERS:NOMEN,PROPN,Caius,12,flat:name
824,Cai,Plaetorius,libertus,Cai,Cai,B-PERS:FILI,PROPN,libertus,15,nmod
824,libertus,Cai,Acratus,lib,tus,I-PERS:FILI,NOUN,Caius,12,appos
824,Acratus,libertus,<END>,Acr,tus,B-PERS:COG,PROPN,Caius,12,appos
703,Impperatoribus,<START>,Caessaribus,Imp,bus,B-TITLE,NOUN,patribus,12,nmod
703,Caessaribus,Impperatoribus,Caio,Cae,bus,B-TITLE,PROPN,Impperatoribus,1,obl
703,Caio,Caessaribus,Aurelio,Cai,aio,B-PERS:PRAE,PROPN,Impperatoribus,1,nsubj
703,Aurelio,Caio,Valerio,Aur,lio,B-PERS:NOMEN,PROPN,Marco,8,flat:name
703,Valerio,Aurelio,Diocletiano,Val,rio,B-PERS:COG,PROPN,Galerio,27,flat:name
703,Diocletiano,Valerio,et,Dio,ano,B-PERS:AG,PROPN,Caio,3,flat:name
703,et,Diocletiano,Marco,et,et,O,CCONJ,Imperatori,25,cc
703,Marco,et,Aurelio,Mar,rco,B-PERS:PRAE,PROPN,Caio,3,conj
703,Aurelio,Marco,Valerio,Aur,lio,B-PERS:NOMEN,PROPN,Marco,8,flat:name
703,Valerio,Aurelio,Maximiano,Val,rio,B-PERS:COG,PROPN,Galerio,27,flat:name
703,Maximiano,Valerio,patribus,Max,ano,B-PERS:AG,PROPN,Caesari,16,conj
703,patribus,Maximiano,Auggustorum,pat,bus,B-PERS:TITLE,NOUN,patribus,12,ROOT
703,Auggustorum,patribus,et,Aug,rum,I-PERS:TITLE,NOUN,patribus,12,nmod
703,et,Auggustorum,Imperatori,et,et,O,CCONJ,Imperatori,25,cc
703,Imperatori,et,Caesari,Imp,ori,B-PERS:TITLE,NOUN,Caesari,16,conj
703,Caesari,Imperatori,Flavio,Cae,ari,B-PERS:TITLE,PROPN,Caesari,16,conj
703,Flavio,Caesari,Valerio,Fla,vio,B-PERS:PRAE,PROPN,Caesari,16,flat
703,Valerio,Flavio,Constantio,Val,rio,B-PERS:NOMEN,PROPN,Galerio,27,flat:name
703,Constantio,Valerio,Pio,Con,tio,B-PERS:COG,PROPN,Caesari,16,conj
703,Pio,Constantio,Felici,Pio,Pio,B-PERS:AG,PROPN,Caesari,16,conj
703,Felici,Pio,Invicto,Fel,ici,B-PERS:AG,PROPN,Pio,30,flat:name
703,Invicto,Felici,Augusto,Inv,cto,B-PERS:AG,ADJ,Augusto,33,amod
703,Augusto,Invicto,et,Aug,sto,B-PERS:TITLE,PROPN,Caesari,16,conj
703,et,Augusto,Imperatori,et,et,O,CCONJ,Imperatori,25,cc
703,Imperatori,et,Caesari,Imp,ori,B-PERS:TITLE,NOUN,Caesari,16,conj
703,Caesari,Imperatori,Galerio,Cae,ari,B-PERS:TITLE,PROPN,Caesari,16,conj
703,Galerio,Caesari,Valerio,Gal,rio,B-PERS:NOMEN,PROPN,Caesari,16,conj
703,Valerio,Galerio,Maximiano,Val,rio,B-PERS:COG,PROPN,Galerio,27,flat:name
703,Maximiano,Valerio,Pio,Max,ano,B-PERS:AG,PROPN,Caesari,16,conj
703,Pio,Maximiano,Felici,Pio,Pio,B-PERS:AG,PROPN,Caesari,16,conj
703,Felici,Pio,Invicto,Fel,ici,B-PERS:AG,PROPN,Pio,30,flat:name
703,Invicto,Felici,Augusto,Inv,cto,B-PERS:AG,ADJ,Augusto,33,amod
703,Augusto,Invicto,<END>,Aug,sto,B-PERS:TITLE,PROPN,Caesari,16,conj
950,Aulo,<START>,Annio,Aul,ulo,B-PERS:PRAE,PROPN,sequitur,15,nsubj
950,Annio,Aulo,Masculi,Ann,nio,B-PERS:NOMEN,PROPN,Aulo,1,flat:name
950,Masculi,Annio,liberto,Mas,uli,B-PERS:FILI,ADJ,Annio,2,nmod
950,liberto,Masculi,Pyladi,lib,rto,I-PERS:FILI,NOUN,Annio,2,appos
950,Pyladi,liberto,ex,Pyl,adi,B-PERS:COG,PROPN,liberto,4,nmod
950,ex,Pyladi,testamento,ex,ex,O,ADP,testamento,7,case
950,testamento,ex,hoc,tes,nto,O,NOUN,heredem,13,obl
950,hoc,testamento,monuImentum,hoc,hoc,O,PROPN,monuImentum,9,det
950,monuImentum,hoc,seu,mon,tum,O,NOUN,testamento,7,nsubj
950,seu,monuImentum,sepulcrum,seu,seu,O,CCONJ,sepulcrum,11,cc
950,sepulcrum,seu,est,sep,rum,O,NOUN,monuImentum,9,conj
950,est,sepulcrum,heredem,est,est,O,AUX,monuImentum,9,cop
950,heredem,est,non,her,dem,O,NOUN,sequitur,15,xcomp
950,non,heredem,sequitur,non,non,O,PART,sequitur,15,advmod:neg
950,sequitur,non,<END>,seq,tur,O,VERB,sequitur,15,ROOT
516,Dis,<START>,Manibus,Dis,Dis,O,NOUN,Manibus,2,case
516,Manibus,Dis,sacrum,Man,bus,O,PROPN,Manibus,2,ROOT
516,sacrum,Manibus,Pinnia,sac,rum,O,ADJ,Manibus,2,amod
516,Pinnia,sacrum,Helpis,Pin,nia,B-PERS:NOMEN,PROPN,sacrum,3,conj
516,Helpis,Pinnia,pia,Hel,pis,B-PERS:COG,VERB,sacrum,3,conj
516,pia,Helpis,in,pia,pia,O,NOUN,sacrum,3,amod
516,in,pia,suis,in,in,O,ADP,suis,8,case
516,suis,in,<END>,sui,uis,O,DET,sacrum,3,det
865,Dis,<START>,Manibus,Dis,Dis,O,NOUN,Manibus,2,case
865,Manibus,Dis,Severus,Man,bus,O,PROPN,posuit,7,obl
865,Severus,Manibus,Sexti,Sev,rus,B-PERS,PROPN,posuit,7,nsubj
865,Sexti,Severus,filius,Sex,xti,B-PERS:FILI,PROPN,filius,5,nmod
865,filius,Sexti,uxori,fil,ius,I-PERS:FILI,NOUN,Severus,3,appos
865,uxori,filius,posuit,uxo,ori,O,NOUN,posuit,7,obl:arg
865,posuit,uxori,<END>,pos,uit,O,VERB,posuit,7,ROOT
837,Iuliae,<START>,Uraniae,Iul,iae,B-PERS:NOMEN,PROPN,dies,6,nmod
837,Uraniae,Iuliae,obitae,Ura,iae,B-PERS:COG,PROPN,Iuliae,1,flat:name
837,obitae,Uraniae,annorum,obi,tae,O,VERB,Iuliae,1,appos
837,annorum,obitae,XXII,ann,rum,O,NOUN,Iuliae,1,nmod
837,XXII,annorum,dies,XXI,XII,O,NUM,dies,6,nummod
837,dies,XXII,XXII,die,ies,O,X,dies,6,ROOT
837,XXII,dies,Publius,XXI,XII,O,NUM,dies,6,nummod
837,Publius,XXII,Aelius,Pub,ius,B-PERS:PRAE,PROPN,dies,6,appos
837,Aelius,Publius,Protus,Ael,ius,B-PERS:NOMEN,PROPN,Publius,8,flat:name
837,Protus,Aelius,nepti,Pro,tus,B-PERS:COG,ADV,Publius,8,flat:name
837,nepti,Protus,piissimae,nep,pti,O,NOUN,Publius,8,appos
837,piissimae,nepti,et,pii,mae,O,ADJ,nepti,11,amod
837,et,piissimae,Titus,et,et,O,CCONJ,Titus,14,cc
837,Titus,et,Flavius,Tit,tus,B-PERS:PRAE,PROPN,Publius,8,conj
837,Flavius,Titus,Achilleus,Fla,ius,B-PERS:NOMEN,PROPN,Titus,14,flat:name
837,Achilleus,Flavius,coniugi,Ach,eus,B-PERS:COG,PROPN,Titus,14,flat:name
837,coniugi,Achilleus,incomparabili,con,ugi,O,NOUN,Publius,8,obl:arg
837,incomparabili,coniugi,<END>,inc,ili,O,ADJ,coniugi,17,amod
878,Dis,<START>,Manibus,Dis,Dis,O,NOUN,Manibus,2,case
878,Manibus,Dis,Publi,Man,bus,O,PROPN,Manibus,2,ROOT
878,Publi,Manibus,Longeni,Pub,bli,B-PERS:PRAE,PROPN,Manibus,2,nmod
878,Longeni,Publi,Agathonis,Lon,eni,B-PERS:NOMEN,ADJ,Publi,3,amod
878,Agathonis,Longeni,Octania,Aga,nis,B-PERS:COG,PROPN,Publi,3,flat:name
878,Octania,Agathonis,Ias,Oct,nia,B-PERS:NOMEN,ADJ,Publi,3,flat:name
878,Ias,Octania,coniugi,Ias,Ias,B-PERS:COG,ADV,Publi,3,flat:name
878,coniugi,Ias,bene,con,ugi,O,NOUN,Manibus,2,nmod
878,bene,coniugi,merenti,ben,ene,O,ADV,merenti,10,advmod
878,merenti,bene,<END>,mer,nti,O,ADJ,coniugi,8,acl
360,Iovi,<START>,Optimo,Iov,ovi,O,PROPN,posuerunt,18,obl:arg
360,Optimo,Iovi,Maximo,Opt,imo,O,ADJ,Iovi,1,amod
360,Maximo,Optimo,Dolicheno,Max,imo,O,PROPN,Iovi,1,conj
360,Dolicheno,Maximo,et,Dol,eno,O,PROPN,Iovi,1,flat
360,et,Dolicheno,deo,et,et,O,CCONJ,Oceanus,14,cc
360,deo,et,Commagenorum,deo,deo,O,NOUN,Iovi,1,conj
360,Commagenorum,deo,Aurelius,Com,rum,O,PROPN,deo,6,nmod
360,Aurelius,Commagenorum,Marinus,Aur,ius,B-PERS:NOMEN,PROPN,sacerdotes,16,amod
360,Marinus,Aurelius,et,Mar,nus,B-PERS:COG,PROPN,Aurelius,8,amod
360,et,Marinus,Adde,et,et,O,CCONJ,Oceanus,14,cc
360,Adde,et,Barsemei,Add,dde,B-PERS:NOMEN,VERB,Aurelius,8,conj
360,Barsemei,Adde,et,Bar,mei,B-PERS:COG,PROPN,Adde,11,appos
360,et,Barsemei,Oceanus,et,et,O,CCONJ,Oceanus,14,cc
360,Oceanus,et,Socratis,Oce,nus,B-PERS:NOMEN,NOUN,Aurelius,8,conj
360,Socratis,Oceanus,sacerdotes,Soc,tis,B-PERS:COG,PROPN,Oceanus,14,nmod
360,sacerdotes,Socratis,libentes,sac,tes,O,NOUN,posuerunt,18,obj
360,libentes,sacerdotes,posuerunt,lib,tes,O,ADJ,posuerunt,18,xcomp
360,posuerunt,libentes,<END>,pos,unt,O,VERB,posuerunt,18,ROOT
595,III,<START>,TILETONDON,III,III,O,NUM,III,1,ROOT
595,TILETONDON,III,annorum,TIL,DON,O,X,III,1,nsubj
595,annorum,TILETONDON,II,ann,rum,O,NOUN,III,1,nmod
595,II,annorum,hic,II,II,O,NUM,annorum,3,nummod
595,hic,II,siti,hic,hic,O,ADV,siti,6,advmod:lmod
595,siti,hic,sunt,sit,iti,O,PUNCT,ri,8,acl:relcl
595,sunt,siti,ri,sun,unt,O,PUNCT,siti,6,cop
595,ri,sunt,posuerunt,ri,ri,O,PUNCT,posuerunt,9,xcomp
595,posuerunt,ri,<END>,pos,unt,O,VERB,III,1,conj
789,Titus,<START>,Annius,Tit,tus,B-PERS:PRAE,PROPN,dedit,10,nsubj
789,Annius,Titus,Titi,Ann,ius,B-PERS:NOMEN,PROPN,Titus,1,flat:name
789,Titi,Annius,filius,Tit,iti,B-PERS:FILI,PROPN,filius,4,nmod
789,filius,Titi,triumvir,fil,ius,I-PERS:FILI,NOUN,Titus,1,appos
789,triumvir,filius,is,tri,vir,O,NOUN,Titus,1,appos
789,is,triumvir,hance,is,is,O,PUNCT,Titus,1,appos
789,hance,is,aedem,han,nce,O,DET,dedit,10,nsubj
789,aedem,hance,faciundam,aed,dem,O,NOUN,faciundam,9,nsubj:pass
789,faciundam,aedem,dedit,fac,dam,O,VERB,dedit,10,advcl
789,dedit,faciundam,dedicavitque,ded,dit,O,VERB,dedit,10,conj
789,dedicavitque,dedit,legesque,ded,que,O,ADJ,,-1,
789,legesque,dedicavitque,composivit,leg,que,O,DET,,-1,
789,composivit,legesque,deditque,com,vit,O,VERB,que,12,conj
789,deditque,composivit,senatum,ded,que,O,ADV,,-1,
789,senatum,deditque,ter,sen,tum,O,NOUN,cooptavit,20,obj
789,ter,senatum,cooptavit,ter,ter,O,PUNCT,cooptavit,20,advmod
789,cooptavit,ter,<END>,coo,vit,O,VERB,dedit,10,conj
189,Crito,<START>,Caesaris,Cri,ito,B-PERS,PROPN,vixit,5,nsubj
189,Caesaris,Crito,servus,Cae,ris,B-PERS:FILI,PROPN,Crito,1,flat:name
189,servus,Caesaris,pius,ser,vus,I-PERS:FILI,NOUN,Crito,1,appos
189,pius,servus,vixit,piu,ius,O,ADJ,servus,3,amod
189,vixit,pius,annos,vix,xit,O,VERB,fecerunt,13,advcl
189,annos,vixit,XL,ann,nos,O,NOUN,vixit,5,obj
189,XL,annos,hic,XL,XL,O,NUM,annos,6,nummod
189,hic,XL,situs,hic,hic,O,ADV,situs,9,advmod:lmod
189,situs,hic,est,sit,tus,O,NOUN,vixit,5,conj
189,est,situs,filii,est,est,O,AUX,situs,9,aux:pass
189,filii,est,pii,fil,lii,O,NOUN,fecerunt,13,nsubj
189,pii,filii,fecerunt,pii,pii,O,ADJ,filii,11,amod
189,fecerunt,pii,<END>,fec,unt,O,VERB,fecerunt,13,ROOT
67,Seiae,<START>,Potitiae,Sei,iae,B-PERS:PRAE,PROPN,memoriae,5,nmod
67,Potitiae,Seiae,Consortianae,Pot,iae,B-PERS:NOMEN,NOUN,Seiae,1,conj
67,Consortianae,Potitiae,clarissimae,Con,nae,B-PERS:COG,ADJ,Seiae,1,amod
67,clarissimae,Consortianae,memoriae,cla,mae,O,ADJ,memoriae,5,amod
67,memoriae,clarissimae,feminae,mem,iae,O,NOUN,liberalitatem,18,nmod
67,feminae,memoriae,matri,fem,nae,O,NOUN,memoriae,5,conj
67,matri,feminae,Rosci,mat,tri,O,NOUN,feminae,6,appos
67,Rosci,matri,Potiti,Ros,sci,B-PERS:PRAE,PROPN,matri,7,nmod
67,Potiti,Rosci,Memmiani,Pot,iti,B-PERS:NOMEN,PROPN,Rosci,8,nmod
67,Memmiani,Potiti,clarissimi,Mem,ani,B-PERS:COG,PROPN,memoriae,5,amod
67,clarissimi,Memmiani,viri,cla,imi,O,ADJ,viri,12,amod
67,viri,clarissimi,ob,vir,iri,O,NOUN,memoriae,5,nmod
67,ob,viri,insignem,ob,ob,O,ADP,insignem,14,case
67,insignem,ob,eius,ins,nem,O,ADJ,liberalitatem,18,amod
67,eius,insignem,et,eiu,ius,O,ADV,insignem,14,nmod
67,et,eius,innumerabilem,et,et,O,CCONJ,patriam,22,cc
67,innumerabilem,et,liberalitatem,inn,lem,O,ADJ,liberalitatem,18,amod
67,liberalitatem,innumerabilem,qua,lib,tem,O,NOUN,liberalitatem,18,ROOT
67,qua,liberalitatem,ordinem,qua,qua,O,PRON,amplificavit,25,obl
67,ordinem,qua,et,ord,nem,O,NOUN,amplificavit,25,obj
67,et,ordinem,patriam,et,et,O,CCONJ,patriam,22,cc
67,patriam,et,donatione,pat,iam,O,NOUN,ordinem,20,conj
67,donatione,patriam,sua,don,one,O,NOUN,amplificavit,25,obl
67,sua,donatione,amplificavit,sua,sua,O,DET,donatione,23,det
67,amplificavit,sua,patronae,amp,vit,O,VERB,liberalitatem,18,acl:relcl
67,patronae,amplificavit,dicernente,pat,nae,O,NOUN,liberalitatem,18,nmod
67,dicernente,patronae,ordine,dic,nte,O,VERB,posuit,34,advcl:abs
67,ordine,dicernente,res,ord,ine,O,NOUN,dicernente,27,nsubj
67,res,ordine,publica,res,res,O,NOUN,posuit,34,nsubj
67,publica,res,Thibaritanorum,pub,ica,O,ADJ,pecunia,32,amod
67,Thibaritanorum,publica,pecunia,Thi,rum,O,PROPN,posuit,34,obl:arg
67,pecunia,Thibaritanorum,publica,pec,nia,O,NOUN,posuit,34,obj
67,publica,pecunia,posuit,pub,ica,O,ADJ,pecunia,32,amod
67,posuit,publica,<END>,pos,uit,O,VERB,liberalitatem,18,acl:relcl
356,Dis,<START>,Manibus,Dis,Dis,O,NOUN,Manibus,2,case
356,Manibus,Dis,Obelliae,Man,bus,O,PROPN,vixit,5,obl
356,Obelliae,Manibus,Ianuariae,Obe,iae,B-PERS:NOMEN,PROPN,Manibus,2,nmod
356,Ianuariae,Obelliae,vixit,Ian,iae,B-PERS:COG,ADJ,Obelliae,3,amod
356,vixit,Ianuariae,annos,vix,xit,O,VERB,vixit,5,ROOT
356,annos,vixit,XXI,ann,nos,O,NOUN,vixit,5,obj
356,XXI,annos,Obellia,XXI,XXI,O,NUM,annos,6,nummod
356,Obellia,XXI,Cleopatra,Obe,lia,B-PERS:NOMEN,PROPN,fecit,14,nsubj
356,Cleopatra,Obellia,mamma,Cle,tra,B-PERS:COG,PROPN,Obellia,8,flat:name
356,mamma,Cleopatra,eius,mam,mma,O,NOUN,Obellia,8,appos
356,eius,mamma,bene,eiu,ius,O,ADV,mamma,10,nmod
356,bene,eius,merenti,ben,ene,O,ADV,merenti,13,advmod
356,merenti,bene,fecit,mer,nti,O,ADJ,fecit,14,dep
356,fecit,merenti,in,fec,cit,O,VERB,vixit,5,conj
356,in,fecit,fronte,in,in,O,ADP,agro,20,case
356,fronte,in,pedes,fro,nte,O,NOUN,fecit,14,obl
356,pedes,fronte,VI,ped,des,O,X,vixit,5,obj
356,VI,pedes,in,VI,VI,O,NUM,pedes,17,nummod
356,in,VI,agro,in,in,O,ADP,agro,20,case
356,agro,in,pedes,agr,gro,O,NOUN,fecit,14,obl
356,pedes,agro,IIII,ped,des,O,X,vixit,5,obj
356,IIII,pedes,<END>,III,III,O,NUM,pedes,21,nummod
800,Dis,<START>,Manibus,Dis,Dis,O,NOUN,Manibus,2,case
800,Manibus,Dis,Antoniae,Man,bus,O,PROPN,posuit,31,obl
800,Antoniae,Manibus,Falernae,Ant,iae,B-PERS:NOMEN,PROPN,Antoniae,3,conj
800,Falernae,Antoniae,nepotae,Fal,nae,B-PERS:COG,ADJ,Antoniae,3,amod
800,nepotae,Falernae,et,nep,tae,O,NOUN,Antoniae,3,appos
800,et,nepotae,Claudio,et,et,O,CCONJ,Octavio,19,cc
800,Claudio,et,Proculo,Cla,dio,B-PERS:NOMEN,PROPN,Antoniae,3,conj
800,Proculo,Claudio,filio,Pro,ulo,B-PERS:COG,PROPN,Claudio,7,flat:name
800,filio,Proculo,eius,fil,lio,O,NOUN,Claudio,7,appos
800,eius,filio,defuncto,eiu,ius,O,ADV,filio,9,det
800,defuncto,eius,annorum,def,cto,O,VERB,posuit,31,advcl:abs
800,annorum,defuncto,VIII,ann,rum,O,NOUN,defuncto,22,obl
800,VIII,annorum,et,VII,III,O,NUM,annorum,12,nummod
800,et,VIII,Antoniae,et,et,O,CCONJ,Octavio,19,cc
800,Antoniae,et,GClucerae,Ant,iae,B-PERS:NOMEN,PROPN,Antoniae,3,conj
800,GClucerae,Antoniae,filiae,GCl,rae,B-PERS:COG,NOUN,Antoniae,15,amod
800,filiae,GClucerae,et,fil,iae,O,NOUN,Antoniae,15,appos
800,et,filiae,Octavio,et,et,O,CCONJ,Octavio,19,cc
800,Octavio,et,Papiriano,Oct,vio,B-PERS:NOMEN,PROPN,defuncto,22,nsubj
800,Papiriano,Octavio,nepoti,Pap,ano,B-PERS:FILI,ADJ,Octavio,19,flat:name
800,nepoti,Papiriano,defuncto,nep,oti,I-PERS:FILI,NOUN,Octavio,19,appos
800,defuncto,nepoti,annorum,def,cto,O,VERB,posuit,31,advcl:abs
800,annorum,defuncto,VII,ann,rum,O,NOUN,defuncto,22,obl
800,VII,annorum,Antonia,VII,VII,O,NUM,annorum,23,nummod
800,Antonia,VII,Fencis,Ant,nia,B-PERS:NOMEN,PROPN,posuit,31,nsubj
800,Fencis,Antonia,mater,Fen,cis,B-PERS:COG,PROPN,Antonia,25,flat:name
800,mater,Fencis,infelicissima,mat,ter,O,NOUN,Antonia,25,appos
800,infelicissima,mater,ob,inf,ima,O,ADJ,posuit,31,xcomp
800,ob,infelicissima,pietatem,ob,ob,O,ADP,pietatem,30,case
800,pietatem,ob,posuit,pie,tem,O,NOUN,posuit,31,obl
800,posuit,pietatem,<END>,pos,uit,O,VERB,posuit,31,ROOT
903,Dis,<START>,Manibus,Dis,Dis,O,NOUN,Manibus,2,case
903,Manibus,Dis,sacrum,Man,bus,O,PROPN,Contubernius,17,obl
903,sacrum,Manibus,Primo,sac,rum,O,ADJ,Manibus,2,amod
903,Primo,sacrum,filio,Pri,imo,B-PERS,ADV,Manibus,2,flat
903,filio,Primo,dulcissimo,fil,lio,O,NOUN,Primo,4,appos
903,dulcissimo,filio,et,dul,imo,O,ADJ,filio,5,amod
903,et,dulcissimo,karissimo,et,et,O,CCONJ,Kalliope,19,cc
903,karissimo,et,qui,kar,imo,O,ADJ,dulcissimo,6,conj
903,qui,karissimo,vixit,qui,qui,O,PUNCT,vixit,10,nsubj
903,vixit,qui,annum,vix,xit,O,VERB,Primo,4,acl:relcl
903,annum,vixit,et,ann,num,O,NOUN,vixit,10,obl
903,et,annum,menses,et,et,O,CCONJ,Kalliope,19,cc
903,menses,et,duos,men,ses,O,NOUN,vixit,10,conj
903,duos,menses,dies,duo,uos,O,NUM,menses,13,nummod
903,dies,duos,XVIIII,die,ies,O,X,vixit,10,obl
903,XVIIII,dies,Contubernius,XVI,III,O,NUM,vixit,10,obl
903,Contubernius,XVIIII,et,Con,ius,B-PERS,PROPN,Contubernius,17,ROOT
903,et,Contubernius,Kalliope,et,et,O,CCONJ,Kalliope,19,cc
903,Kalliope,et,parentes,Kal,ope,B-PERS,PROPN,Contubernius,17,conj
903,parentes,Kalliope,Mantani,par,tes,O,NOUN,Contubernius,17,appos
903,Mantani,parentes,sit,Man,ani,O,PROPN,parentes,20,nmod
903,sit,Mantani,tibi,sit,sit,O,AUX,Contubernius,17,cop
903,tibi,sit,terra,tib,ibi,O,PRON,Contubernius,17,obl
903,terra,tibi,levis,ter,rra,O,NOUN,Contubernius,17,nsubj
903,levis,terra,<END>,lev,vis,O,ADJ,terra,24,amod
921,Dis,<START>,Magnis,Dis,Dis,O,NOUN,suscipit,47,dep
921,Magnis,Dis,Ulpius,Mag,nis,O,ADJ,Dis,1,amod
921,Ulpius,Magnis,Egnatius,Ulp,ius,B-PERS:PRAE,PROPN,Dis,1,flat
921,Egnatius,Ulpius,Faventinus,Egn,ius,B-PERS:NOMEN,PROPN,Ulpius,3,appos
921,Faventinus,Egnatius,vir,Fav,nus,B-PERS:COG,PROPN,suscipit,47,nsubj
921,vir,Faventinus,clarissimus,vir,vir,O,VERB,Ulpius,3,appos
921,clarissimus,vir,augur,cla,mus,O,ADJ,vir,6,amod
921,augur,clarissimus,publicus,aug,gur,O,VERB,Ulpius,3,appos
921,publicus,augur,populi,pub,cus,O,ADV,augur,8,amod
921,populi,publicus,Romani,pop,uli,O,NOUN,augur,8,nmod
921,Romani,populi,Quiritium,Rom,ani,O,ADJ,populi,10,amod
921,Quiritium,Romani,pater,Qui,ium,O,PROPN,pater,13,nmod
921,pater,Quiritium,et,pat,ter,O,NOUN,Ulpius,3,appos
921,et,pater,hieroceryx,et,et,O,CCONJ,Valentiniano,39,cc
921,hieroceryx,et,dei,hie,ryx,O,ADJ,pater,13,conj
921,dei,hieroceryx,Solis,dei,dei,O,PUNCT,hierofanta,23,nmod
921,Solis,dei,Invicti,Sol,lis,O,NOUN,dei,16,nmod
921,Invicti,Solis,Mithrae,Inv,cti,O,ADJ,Mithrae,19,amod
921,Mithrae,Invicti,archibucolus,Mit,rae,O,PROPN,archibucolus,20,nmod
921,archibucolus,Mithrae,dei,arc,lus,O,NOUN,pater,13,conj
921,dei,archibucolus,Liberi,dei,dei,O,PUNCT,hierofanta,23,nmod
921,Liberi,dei,hierofanta,Lib,eri,O,PROPN,dei,21,amod
921,hierofanta,Liberi,Hecatae,hie,nta,O,NOUN,pater,13,conj
921,Hecatae,hierofanta,sacerdos,Hec,tae,O,PROPN,hierofanta,23,nmod
921,sacerdos,Hecatae,Isidis,sac,dos,O,NOUN,hierofanta,23,conj
921,Isidis,sacerdos,percepto,Isi,dis,O,PROPN,sacerdos,25,nmod
921,percepto,Isidis,taurobolio,per,pto,O,VERB,suscipit,47,advcl:abs
921,taurobolio,percepto,criobolioque,tau,lio,O,NOUN,percepto,27,nsubj:pass
921,criobolioque,taurobolio,Idibus,cri,que,O,NOUN,,-1,
921,Idibus,criobolioque,Augustis,Idi,bus,O,NOUN,percepto,27,conj
921,Augustis,Idibus,ddominis,Aug,tis,O,PROPN,Idibus,31,amod
921,ddominis,Augustis,nnostris,ddo,nis,O,NOUN,percepto,27,nsubj:pass
921,nnostris,ddominis,Valente,nno,ris,O,DET,percepto,27,conj
921,Valente,nnostris,Augusto,Val,nte,B-PERS:NOMEN,VERB,percepto,27,conj
921,Augusto,Valente,V,Aug,sto,B-PERS:TITLE,PROPN,Valentiniano,39,flat:name
921,V,Augusto,et,V,V,O,,Augusto,36,flat
921,et,V,Valentiniano,et,et,O,CCONJ,Valentiniano,39,cc
921,Valentiniano,et,Augusto,Val,ano,B-PERS:NOMEN,PROPN,Valente,35,conj
921,Augusto,Valentiniano,conssulibus,Aug,sto,B-PERS:TITLE,PROPN,Valentiniano,39,flat:name
921,conssulibus,Augusto,feliciter,con,bus,O,ADJ,Valente,35,conj
921,feliciter,conssulibus,vota,fel,ter,O,ADV,suscipit,47,advmod
921,vota,feliciter,Faventinus,vot,ota,O,NOUN,suscipit,47,obj
921,Faventinus,vota,bis,Fav,nus,B-PERS,PROPN,suscipit,47,nsubj
921,bis,Faventinus,deni,bis,bis,O,ADV,suscipit,47,advmod
921,deni,bis,suscipit,den,eni,O,ADV,bis,45,obl:arg
921,suscipit,deni,orbis,sus,pit,O,VERB,suscipit,47,ROOT
921,orbis,suscipit,ut,orb,bis,O,NOUN,suscipit,47,obj
921,ut,orbis,mactet,ut,ut,O,SCONJ,mactet,50,mark
921,mactet,ut,repetens,mac,tet,O,VERB,suscipit,47,advcl
921,repetens,mactet,aurata,rep,ens,O,VERB,mactet,50,advcl
921,aurata,repetens,fronte,aur,ata,O,ADJ,fronte,53,amod
921,fronte,aurata,bicornes,fro,nte,O,NOUN,mactet,50,obl
921,bicornes,fronte,<END>,bic,nes,O,ADJ,fronte,53,amod
943,Sexto,<START>,Gavilio,Sex,xto,B-PERS:PRAE,PROPN,fecit,14,nsubj
943,Gavilio,Sexto,Sexti,Gav,lio,B-PERS:NOMEN,PROPN,Sexto,1,flat:name
943,Sexti,Gavilio,filio,Sex,xti,B-PERS:FILI,PROPN,filia,11,nmod
943,filio,Sexti,Claudia,fil,lio,I-PERS:FILI,NOUN,Sexto,1,appos
943,Claudia,filio,Germo,Cla,dia,B-PERS:COG,PROPN,Sexto,1,conj
943,Germo,Claudia,aedili,Ger,rmo,B-PERS:AG,PROPN,Claudia,5,flat:name
943,aedili,Germo,IIviro,aed,ili,O,NOUN,Sexto,1,appos
943,IIviro,aedili,Gavilia,IIv,iro,O,PROPN,Sexto,1,conj
943,Gavilia,IIviro,Sexti,Gav,lia,B-PERS:NOMEN,PROPN,Sexto,1,conj
943,Sexti,Gavilia,filia,Sex,xti,B-PERS:FILI,PROPN,filia,11,nmod
943,filia,Sexti,Maxima,fil,lia,I-PERS:FILI,NOUN,Maxima,12,appos
943,Maxima,filia,filia,Max,ima,B-PERS:COG,ADJ,Sexto,1,conj
943,filia,Maxima,fecit,fil,lia,O,NOUN,Maxima,12,appos
943,fecit,filia,huic,fec,cit,O,VERB,dat,20,advcl
943,huic,fecit,ob,hui,uic,O,DET,fecit,14,obl:arg
943,ob,huic,merita,ob,ob,O,ADP,merita,17,case
943,merita,ob,locum,mer,ita,O,NOUN,dat,20,obl
943,locum,merita,sepulturae,loc,cum,O,NOUN,dat,20,obj
943,sepulturae,locum,dat,sep,rae,O,NOUN,locum,18,nmod
943,dat,sepulturae,decreto,dat,dat,O,ADV,dat,20,ROOT
943,decreto,dat,decurionum,dec,eto,O,NOUN,dat,20,obl
943,decurionum,decreto,<END>,dec,num,O,NOUN,decreto,21,nmod
331,Domitianus,<START>,censor,Dom,nus,B-PERS:NOMEN,PROPN,Domitianus,1,ROOT
331,censor,Domitianus,perpetuus,cen,sor,B-TITLE,NOUN,Domitianus,1,appos
331,perpetuus,censor,pater,per,uus,I-TITLE,ADJ,censor,2,amod
331,pater,perpetuus,patriae,pat,ter,B-TITLE,NOUN,censor,2,appos
331,patriae,pater,<END>,pat,iae,I-TITLE,ADJ,pater,4,nmod
728,Vivus,<START>,fecit,Viv,vus,O,ADJ,fecit,2,xcomp
728,fecit,Vivus,Dis,fec,cit,O,VERB,fecit,2,ROOT
728,Dis,fecit,Manibus,Dis,Dis,O,NOUN,Manibus,4,case
728,Manibus,Dis,Quinti,Man,bus,O,PROPN,fecit,2,obl
728,Quinti,Manibus,Constantis,Qui,nti,B-PERS:PRAE,PROPN,Manibus,4,nmod
728,Constantis,Quinti,Felicis,Con,tis,B-PERS:NOMEN,PROPN,Quinti,5,flat:name
728,Felicis,Constantis,Oufentina,Fel,cis,B-PERS:COG,ADJ,Quinti,5,conj
728,Oufentina,Felicis,VIviri,Ouf,ina,B-PERS:TRIBE,PROPN,Quinti,5,conj
728,VIviri,Oufentina,iunioris,VIv,iri,O,NUM,fecit,2,appos
728,iunioris,VIviri,Quintius,iun,ris,O,ADJ,VIviri,9,amod
728,Quintius,iunioris,Quintianus,Qui,ius,B-PERS:PRAE,PROPN,Quintius,11,conj
728,Quintianus,Quintius,Servandus,Qui,nus,B-PERS:NOMEN,PROPN,Quintius,15,appos
728,Servandus,Quintianus,et,Ser,dus,B-PERS:COG,VERB,Quintius,11,appos
728,et,Servandus,Quintius,et,et,O,CCONJ,Quintius,15,cc
728,Quintius,et,Quintianus,Qui,ius,B-PERS:PRAE,PROPN,Quintius,11,conj
728,Quintianus,Quintius,Constans,Qui,nus,B-PERS:NOMEN,PROPN,Quintius,15,appos
728,Constans,Quintianus,patri,Con,ans,B-PERS:COG,PROPN,Quintius,15,flat:name
728,patri,Constans,et,pat,tri,O,NOUN,Quintius,15,appos
728,et,patri,patrono,et,et,O,CCONJ,Quintius,15,cc
728,patrono,et,pientissimo,pat,ono,O,NOUN,patri,18,conj
728,pientissimo,patrono,et,pie,imo,O,ADJ,patrono,20,amod
728,et,pientissimo,Quintia,et,et,O,CCONJ,Quintius,15,cc
728,Quintia,et,Saturnina,Qui,tia,B-PERS:NOMEN,PROPN,et,22,cop
728,Saturnina,Quintia,liberta,Sat,ina,B-PERS:COG,PROPN,Quintia,23,flat:name
728,liberta,Saturnina,<END>,lib,rta,B-PERS:FILI,NOUN,Quintia,23,appos
397,Apollini,<START>,Augusto,Apo,ini,O,PROPN,Apollini,1,ROOT
397,Augusto,Apollini,sacrum,Aug,sto,O,PROPN,Apollini,1,flat:name
397,sacrum,Augusto,Nattia,sac,rum,O,ADJ,Apollini,1,amod
397,Nattia,sacrum,Soilli,Nat,tia,B-PERS:NOMEN,PROPN,Apollini,1,nsubj
397,Soilli,Nattia,filia,Soi,lli,B-PERS:COG,PROPN,filia,6,nmod
397,filia,Soilli,Severa,fil,lia,O,NOUN,Nattia,4,appos
397,Severa,filia,ex,Sev,era,O,PROPN,Nattia,4,appos
397,ex,Severa,voto,ex,ex,O,ADP,voto,9,case
397,voto,ex,<END>,vot,oto,O,NOUN,Nattia,4,nmod
464,Dis,<START>,Manibus,Dis,Dis,O,NOUN,Manibus,2,case
464,Manibus,Dis,Antonio,Man,bus,O,PROPN,Manibus,2,ROOT
464,Antonio,Manibus,oro,Ant,nio,B-PERS:NOMEN,PROPN,Manibus,2,flat:name
464,oro,Antonio,marito,oro,oro,B-PERS:COG,VERB,Manibus,2,dep
464,marito,oro,incomparabili,mar,ito,O,NOUN,Manibus,2,appos
464,incomparabili,marito,coniugi,inc,ili,O,ADJ,coniugi,7,amod
464,coniugi,incomparabili,bene,con,ugi,O,NOUN,Manibus,2,nmod
464,bene,coniugi,merenti,ben,ene,O,ADV,merenti,9,advmod
464,merenti,bene,cum,mer,nti,O,ADJ,coniugi,7,acl
464,cum,merenti,quo,cum,cum,O,ADP,quo,11,case
464,quo,cum,vixit,quo,quo,O,ADV,vixit,12,obl
464,vixit,quo,qui,vix,xit,O,VERB,coniugi,7,acl:relcl
464,qui,vixit,vixit,qui,qui,O,PUNCT,vixit,14,nsubj
464,vixit,qui,annos,vix,xit,O,VERB,coniugi,7,acl:relcl
464,annos,vixit,XLV,ann,nos,O,NOUN,vixit,14,obl
464,XLV,annos,et,XLV,XLV,O,NUM,annos,15,nummod
464,et,XLV,Antonii,et,et,O,CCONJ,libertis,27,cc
464,Antonii,et,Crescens,Ant,nii,B-PERS:NOMEN,PROPN,vixit,14,conj
464,Crescens,Antonii,et,Cre,ens,B-PERS:COG,PROPN,Antonii,18,flat:name
464,et,Crescens,filii,et,et,O,CCONJ,libertis,27,cc
464,filii,et,patri,fil,lii,O,NOUN,Antonii,18,conj
464,patri,filii,piissimo,pat,tri,O,NOUN,filii,21,nmod
464,piissimo,patri,et,pii,imo,O,ADJ,patri,22,amod
464,et,piissimo,sibi,et,et,O,CCONJ,libertis,27,cc
464,sibi,et,et,sib,ibi,O,PRON,libertabus,28,obl:arg
464,et,sibi,libertis,et,et,O,CCONJ,libertis,27,cc
464,libertis,et,libertabus,lib,tis,O,ADJ,sibi,25,conj
464,libertabus,libertis,posterisque,lib,bus,O,VERB,Manibus,2,conj
464,posterisque,libertabus,eorum,pos,que,O,NOUN,,-1,
464,eorum,posterisque,ita,eor,rum,O,PRON,cuiquam,35,nmod
464,ita,eorum,ne,ita,ita,O,ADV,liceat,34,advmod
464,ne,ita,liceat,ne,ne,O,PART,liceat,34,mark
464,liceat,ne,cuiquam,lic,eat,O,VERB,libertabus,28,advcl
464,cuiquam,liceat,eorum,cui,uam,O,PRON,vendere,39,obl:arg
464,eorum,cuiquam,ius,eor,rum,O,PRON,cuiquam,35,nmod
464,ius,eorum,suum,ius,ius,O,NOUN,vendere,39,obj
464,suum,ius,vendere,suu,uum,O,DET,ius,37,det
464,vendere,suum,vel,ven,ere,O,VERB,liceat,34,xcomp
464,vel,vendere,donare,vel,vel,O,CCONJ,donare,41,cc
464,donare,vel,hoc,don,are,O,VERB,vendere,39,conj
464,hoc,donare,monumentum,hoc,hoc,O,PROPN,monumentum,43,det
464,monumentum,hoc,heredem,mon,tum,O,NOUN,donare,41,obj
464,heredem,monumentum,non,her,dem,O,NOUN,sequetur,46,xcomp
464,non,heredem,sequetur,non,non,O,PART,sequetur,46,advmod:neg
464,sequetur,non,<END>,seq,tur,O,VERB,vendere,39,conj
394,Ben,<START>,quae,Ben,Ben,B-PERS,PUNCT,Ben,1,ROOT
394,quae,Ben,vBixit,qua,uae,O,PRON,vBixit,3,nsubj
394,vBixit,quae,annis,vBi,xit,O,NUM,Ben,1,acl:relcl
394,annis,vBixit,V,ann,nis,O,NOUN,vBixit,3,obl
394,V,annis,mensibus,V,V,O,,annis,4,nummod
394,mensibus,V,et,men,bus,O,NOUN,annis,4,appos
394,et,mensibus,diebus,et,et,O,CCONJ,diebus,8,cc
394,diebus,et,XVI,die,bus,O,NOUN,mensibus,6,conj
394,XVI,diebus,in,XVI,XVI,O,NUM,diebus,8,nummod
394,in,XVI,pace,in,in,O,ADP,pace,11,case
394,pace,in,III,pac,ace,O,PUNCT,Ben,1,nmod
394,III,pace,Kalendas,III,III,O,NUM,pace,11,nummod
394,Kalendas,III,I,Kal,das,O,NOUN,pace,11,nmod
394,I,Kalendas,<END>,I,I,O,NUM,Kalendas,13,amod
312,Imperatori,<START>,Caesari,Imp,ori,B-PERS:TITLE,NOUN,Imperatori,1,ROOT
312,Caesari,Imperatori,Marco,Cae,ari,B-PERS:TITLE,PROPN,Imperatori,1,acl:relcl
312,Marco,Caesari,Antonio,Mar,rco,B-PERS:PRAE,PROPN,Caesari,2,obl:arg
312,Antonio,Marco,Gordiano,Ant,nio,B-PERS:NOMEN,PROPN,Marco,3,flat:name
312,Gordiano,Antonio,Pio,Gor,ano,B-PERS:COG,ADJ,Marco,3,flat:name
312,Pio,Gordiano,Felici,Pio,Pio,B-PERS:AG,PROPN,Marco,3,flat:name
312,Felici,Pio,Invicto,Fel,ici,B-PERS:AG,PROPN,Pio,6,flat:name
312,Invicto,Felici,Augusto,Inv,cto,B-PERS:AG,ADJ,Augusto,9,amod
312,Augusto,Invicto,pontifici,Aug,sto,B-PERS:TITLE,PROPN,Marco,3,flat:name
312,pontifici,Augusto,maximo,pon,ici,B-TITLE,NOUN,Marco,3,conj
312,maximo,pontifici,tribunicia,max,imo,I-TITLE,ADJ,potestate,13,amod
312,tribunicia,maximo,potestate,tri,cia,B-TITLE,ADJ,potestate,13,amod
312,potestate,tribunicia,IIII,pot,ate,I-TITLE,NOUN,pontifici,10,obl
312,IIII,potestate,imperatori,III,III,O,NUM,imperatori,15,nummod
312,imperatori,IIII,III,imp,ori,B-TITLE,NOUN,Marco,3,conj
312,III,imperatori,consuli,III,III,O,NUM,consuli,17,nummod
312,consuli,III,II,con,uli,B-TITLE,NOUN,imperatori,15,conj
312,II,consuli,patri,II,II,O,NUM,Marco,3,conj
312,patri,II,patriae,pat,tri,B-TITLE,NOUN,Marco,3,conj
312,patriae,patri,proconsuli,pat,iae,I-TITLE,ADJ,patri,19,nmod
312,proconsuli,patriae,res,pro,uli,B-TITLE,NOUN,patri,19,nmod
312,res,proconsuli,publica,res,res,O,NOUN,Marco,3,conj
312,publica,res,Silensium,pub,ica,O,ADJ,pecunia,27,amod
312,Silensium,publica,decreto,Sil,ium,B-LOC,PROPN,decreto,25,nmod
312,decreto,Silensium,decurionum,dec,eto,O,NOUN,Marco,3,conj
312,decurionum,decreto,pecunia,dec,num,O,NOUN,pecunia,27,nmod
312,pecunia,decurionum,publica,pec,nia,O,NOUN,decreto,25,acl:relcl
312,publica,pecunia,<END>,pub,ica,O,ADJ,pecunia,27,amod
681,Invicto,<START>,deo,Inv,cto,O,ADJ,deo,2,amod
681,deo,Invicto,sacrum,deo,deo,O,NOUN,restituerunt,17,obl
681,sacrum,deo,pro,sac,rum,O,ADJ,restituerunt,17,obj
681,pro,sacrum,salute,pro,pro,O,ADP,salute,5,case
681,salute,pro,Imperatoris,sal,ute,O,NOUN,restituerunt,17,obl
681,Imperatoris,salute,Luci,Imp,ris,B-PERS:TITLE,NOUN,salute,5,nmod
681,Luci,Imperatoris,Septimi,Luc,uci,B-PERS:PRAE,PROPN,Imperatoris,6,flat
681,Septimi,Luci,Valerius,Sep,imi,B-PERS:NOMEN,PROPN,Luci,7,flat:name
681,Valerius,Septimi,et,Val,ius,B-PERS:COG,PROPN,Luci,7,flat:name
681,et,Valerius,Valerianus,et,et,O,CCONJ,Valerianus,11,cc
681,Valerianus,et,templum,Val,nus,B-PERS,PROPN,salute,5,conj
681,templum,Valerianus,vetustate,tem,lum,O,NOUN,restituerunt,17,obj
681,vetustate,templum,conlapsum,vet,ate,O,NOUN,conlapsum,14,obl
681,conlapsum,vetustate,imNpendio,con,sum,O,VERB,restituerunt,17,advcl:abs
681,imNpendio,conlapsum,suo,imN,dio,O,PROPN,restituerunt,17,obl
681,suo,imNpendio,restituerunt,suo,suo,O,PUNCT,imNpendio,15,det
681,restituerunt,suo,<END>,res,unt,O,VERB,restituerunt,17,ROOT
745,Marcus,<START>,Valerius,Mar,cus,B-PERS:PRAE,PROPN,sequetur,20,nsubj
745,Valerius,Marcus,Maximus,Val,ius,B-PERS:NOMEN,PROPN,Marcus,1,flat:name
745,Maximus,Valerius,sacerdos,Max,mus,B-PERS:COG,PROPN,Marcus,1,flat:name
745,sacerdos,Maximus,dei,sac,dos,O,NOUN,Marcus,1,appos
745,dei,sacerdos,Solis,dei,dei,O,PUNCT,sacerdos,4,nmod
745,Solis,dei,Invicti,Sol,lis,O,NOUN,dei,5,amod
745,Invicti,Solis,Mithrae,Inv,cti,O,ADJ,Mithrae,8,amod
745,Mithrae,Invicti,studiosus,Mit,rae,O,PROPN,dei,5,appos
745,studiosus,Mithrae,astrologiae,stu,sus,O,ADJ,dei,5,amod
745,astrologiae,studiosus,sibi,ast,iae,O,NOUN,studiosus,9,obl:arg
745,sibi,astrologiae,et,sib,ibi,O,PRON,Apr,14,obl:arg
745,et,sibi,Severiae,et,et,O,CCONJ,Severiae,13,cc
745,Severiae,et,Apr,Sev,iae,B-PERS:NOMEN,NOUN,Apr,14,dep
745,Apr,Severiae,uxori,Apr,Apr,B-PERS:COG,PUNCT,sequetur,20,parataxis
745,uxori,Apr,hoc,uxo,ori,O,NOUN,Apr,14,obl:arg
745,hoc,uxori,monumentum,hoc,hoc,O,PROPN,monumentum,17,det
745,monumentum,hoc,heredem,mon,tum,O,NOUN,sequetur,20,nsubj
745,heredem,monumentum,non,her,dem,O,NOUN,sequetur,20,xcomp
745,non,heredem,sequetur,non,non,O,PART,sequetur,20,advmod:neg
745,sequetur,non,<END>,seq,tur,O,VERB,sequetur,20,ROOT
922,hoc,<START>,loco,hoc,hoc,O,PROPN,loco,2,det
922,loco,hoc,seIpultus,loc,oco,O,NOUN,seIpultus,3,obl
922,seIpultus,loco,est,seI,tus,O,NOUN,aera,8,nsubj
922,est,seIpultus,Tellius,est,est,O,AUX,seIpultus,3,aux:pass
922,Tellius,est,MartCias,Tel,ius,B-PERS:NOMEN,PROPN,seIpultus,3,nsubj
922,MartCias,Tellius,in,Mar,ias,B-PERS:COG,PROPN,Tellius,5,flat:name
922,in,MartCias,aera,in,in,O,ADP,aera,8,case
922,aera,in,DCLXXXI,aer,era,O,NOUN,aera,8,ROOT
922,DCLXXXI,aera,<END>,DCL,XXI,O,NUM,aera,8,nummod
462,Dis,<START>,Manibus,Dis,Dis,O,NOUN,Manibus,2,case
462,Manibus,Dis,Inferis,Man,bus,O,PROPN,monumentum,4,dep
462,Inferis,Manibus,monumentum,Inf,ris,O,NOUN,Manibus,2,nmod
462,monumentum,Inferis,hoc,mon,tum,O,NOUN,monumentum,4,ROOT
462,hoc,monumentum,Decii,hoc,hoc,O,PROPN,monumentum,4,det
462,Decii,hoc,ossa,Dec,cii,B-PERS,NUM,ossa,7,nmod
462,ossa,Decii,vetera,oss,ssa,O,NOUN,comitantur,10,nsubj
462,vetera,ossa,Quirini,vet,era,O,ADJ,ossa,7,amod
462,Quirini,vetera,comitantur,Qui,ini,B-PERS,PROPN,comitantur,10,nsubj
462,comitantur,Quirini,qui,com,tur,O,VERB,monumentum,4,conj
462,qui,comitantur,vidit,qui,qui,O,PUNCT,vidit,12,nsubj
462,vidit,qui,in,vid,dit,O,VERB,ossa,7,acl:relcl
462,in,vidit,vita,in,in,O,ADP,fronte,36,case
462,vita,in,CVI,vit,ita,O,NOUN,vidit,12,obl
462,CVI,vita,circulos,CVI,CVI,O,NUM,vidit,12,obj
462,circulos,CVI,solares,cir,los,O,NOUN,vidit,12,obj
462,solares,circulos,a,sol,res,O,ADJ,circulos,16,amod
462,a,solares,matrimonio,a,a,O,ADP,matrimonio,19,case
462,matrimonio,a,filii,mat,nio,O,NOUN,filii,20,orphan
462,filii,matrimonio,XI,fil,lii,O,NOUN,dici,28,nsubj:pass
462,XI,filii,nepotes,XI,XI,O,NUM,filii,20,nummod
462,nepotes,XI,XL,nep,tes,O,NOUN,filii,20,conj
462,XL,nepotes,pronepotes,XL,XL,O,NUM,nepotes,22,nummod
462,pronepotes,XL,XC,pro,tes,O,NOUN,filii,20,conj
462,XC,pronepotes,exeuntes,XC,XC,O,NUM,pronepotes,24,nummod
462,exeuntes,XC,peto,exe,tes,O,VERB,filii,20,acl
462,peto,exeuntes,dici,pet,eto,O,VERB,monumentum,4,conj
462,dici,peto,sit,dic,ici,O,VERB,peto,27,ccomp
462,sit,dici,tibi,sit,sit,O,AUX,dici,28,aux:pass
462,tibi,sit,terra,tib,ibi,O,PRON,dici,28,obl:arg
462,terra,tibi,levis,ter,rra,O,NOUN,locus,33,nsubj
462,levis,terra,locus,lev,vis,O,ADJ,locus,33,amod
462,locus,levis,funeralis,loc,cus,O,NOUN,dici,28,nsubj:pass
462,funeralis,locus,in,fun,lis,O,NOUN,terra,31,amod
462,in,funeralis,fronte,in,in,O,ADP,fronte,36,case
462,fronte,in,itineris,fro,nte,O,NOUN,peto,27,dep
462,itineris,fronte,pedes,iti,ris,O,NOUN,fronte,36,nmod
462,pedes,itineris,XIIII,ped,des,O,X,pedes,38,conj
462,XIIII,pedes,agri,XII,III,O,NUM,pedes,38,nummod
462,agri,XIIII,pedes,agr,gri,O,NOUN,pedes,38,conj
462,pedes,agri,XVI,ped,des,O,X,pedes,38,conj
462,XVI,pedes,<END>,XVI,XVI,O,NUM,pedes,41,nummod
523,Lucius,<START>,Septimius,Luc,ius,B-PERS:PRAE,PROPN,Lucius,1,conj
523,Septimius,Lucius,Severus,Sep,ius,B-PERS:NOMEN,PROPN,Lucius,7,flat:name
523,Severus,Septimius,Marcus,Sev,rus,B-PERS:COG,PROPN,Lucius,1,flat:name
523,Marcus,Severus,Aurelius,Mar,cus,B-PERS:PRAE,PROPN,Lucius,1,conj
523,Aurelius,Marcus,Antoninus,Aur,ius,B-PERS:NOMEN,PROPN,Marcus,4,flat:name
523,Antoninus,Aurelius,Lucius,Ant,nus,B-PERS:COG,PROPN,Marcus,4,flat:name
523,Lucius,Antoninus,Septimius,Luc,ius,B-PERS:PRAE,PROPN,Lucius,1,conj
523,Septimius,Lucius,Geta,Sep,ius,B-PERS:NOMEN,PROPN,Lucius,7,flat:name
523,Geta,Septimius,Caesar,Get,eta,B-PERS:COG,PROPN,Lucius,7,flat:name
523,Caesar,Geta,<END>,Cae,sar,B-PERS:TITLE,PROPN,Lucius,1,conj
632,Dis,<START>,Manibus,Dis,Dis,O,NOUN,Manibus,2,case
632,Manibus,Dis,Iuniae,Man,bus,O,PROPN,vixit,5,obl
632,Iuniae,Manibus,Severae,Iun,iae,B-PERS:NOMEN,ADJ,vixit,5,nsubj
632,Severae,Iuniae,vixit,Sev,rae,B-PERS:COG,PROPN,Iuniae,3,flat
632,vixit,Severae,annis,vix,xit,O,VERB,vixit,5,ROOT
632,annis,vixit,XXX,ann,nis,O,NOUN,vixit,5,obl
632,XXX,annis,mensibus,XXX,XXX,O,NUM,annis,6,nummod
632,mensibus,XXX,VII,men,bus,O,NOUN,vixit,5,obl
632,VII,mensibus,diebus,VII,VII,O,NUM,mensibus,8,nummod
632,diebus,VII,XX,die,bus,O,NOUN,vixit,5,obl:tmod
632,XX,diebus,Iunia,XX,XX,O,NUM,diebus,10,nummod
632,Iunia,XX,Venusta,Iun,nia,B-PERS:NOMEN,PROPN,vixit,5,advcl:pred
632,Venusta,Iunia,sorori,Ven,sta,B-PERS:COG,PROPN,Iunia,12,flat
632,sorori,Venusta,pientissimae,sor,ori,O,NOUN,Iunia,12,appos
632,pientissimae,sorori,<END>,pie,mae,O,ADJ,sorori,14,nmod
491,Imperatori,<START>,Caesari,Imp,ori,B-PERS:TITLE,NOUN,Lucius,22,obl:arg
491,Caesari,Imperatori,divi,Cae,ari,B-PERS:TITLE,PROPN,Imperatori,1,dep
491,divi,Caesari,Nervae,div,ivi,B-PERS:FILI,VERB,Caesari,2,amod
491,Nervae,divi,filio,Ner,vae,I-PERS:FILI,PROPN,filio,5,nmod
491,filio,Nervae,Nervae,fil,lio,I-PERS:FILI,NOUN,Nervae,4,appos
491,Nervae,filio,Traiano,Ner,vae,B-PERS:NOMEN,PROPN,filio,5,nmod
491,Traiano,Nervae,Augusto,Tra,ano,B-PERS:COG,PROPN,Caesari,2,flat
491,Augusto,Traiano,Germanico,Aug,sto,B-PERS:TITLE,PROPN,Imperatori,1,nsubj
491,Germanico,Augusto,Dacico,Ger,ico,B-PERS:AG,PROPN,pontifici,11,amod
491,Dacico,Germanico,pontifici,Dac,ico,B-PERS:AG,ADJ,Germanico,9,flat:name
491,pontifici,Dacico,maximo,pon,ici,B-TITLE,NOUN,Augusto,8,appos
491,maximo,pontifici,tribunicia,max,imo,I-TITLE,ADJ,potestate,14,amod
491,tribunicia,maximo,potestate,tri,cia,B-TITLE,ADJ,potestate,14,amod
491,potestate,tribunicia,XVI,pot,ate,I-TITLE,NOUN,Augusto,8,conj
491,XVI,potestate,imperatori,XVI,XVI,O,NUM,imperatori,16,nummod
491,imperatori,XVI,VI,imp,ori,B-TITLE,NOUN,Augusto,8,conj
491,VI,imperatori,consuli,VI,VI,O,NUM,imperatori,16,dep
491,consuli,VI,VI,con,uli,B-TITLE,NOUN,imperatori,16,conj
491,VI,consuli,patri,VI,VI,O,NUM,imperatori,16,dep
491,patri,VI,patriae,pat,tri,B-TITLE,NOUN,imperatori,16,conj
491,patriae,patri,Lucius,pat,iae,I-TITLE,ADJ,patri,20,nmod
491,Lucius,patriae,Kaninius,Luc,ius,B-PERS:PRAE,PROPN,Lucius,22,conj
491,Kaninius,Lucius,Hermes,Kan,ius,B-PERS:NOMEN,PROPN,Lucius,36,flat:name
491,Hermes,Kaninius,Lucius,Her,mes,B-PERS:COG,PROPN,Lucius,36,flat:name
491,Lucius,Hermes,Kaninius,Luc,ius,B-PERS:PRAE,PROPN,Lucius,22,conj
491,Kaninius,Lucius,Luci,Kan,ius,B-PERS:NOMEN,PROPN,Lucius,36,flat:name
491,Luci,Kaninius,filius,Luc,uci,B-PERS:FILI,PROPN,filius,28,nmod
491,filius,Luci,Claudia,fil,ius,I-PERS:FILI,NOUN,Philippus,30,appos
491,Claudia,filius,Philippus,Cla,dia,B-PERS:NOMEN,PROPN,Lucius,22,conj
491,Philippus,Claudia,filius,Phi,pus,B-PERS:FILI,PROPN,Lucius,22,conj
491,filius,Philippus,adlectus,fil,ius,I-PERS:FILI,NOUN,Philippus,30,appos
491,adlectus,filius,in,adl,tus,O,NOUN,Philippus,30,acl
491,in,adlectus,ordinem,in,in,O,ADP,ordinem,34,case
491,ordinem,in,decurionum,ord,nem,O,NOUN,adlectus,32,obl
491,decurionum,ordinem,Lucius,dec,num,O,NOUN,ordinem,34,nmod
491,Lucius,decurionum,Kaninius,Luc,ius,B-PERS:PRAE,PROPN,Lucius,22,conj
491,Kaninius,Lucius,Hermes,Kan,ius,B-PERS:NOMEN,PROPN,Lucius,36,flat:name
491,Hermes,Kaninius,iunior,Her,mes,B-PERS:COG,PROPN,Lucius,36,flat:name
491,iunior,Hermes,Augustalibus,iun,ior,O,ADJ,Lucius,36,amod
491,Augustalibus,iunior,pecQunia,Aug,bus,B-TITLE,ADJ,pecQunia,41,amod
491,pecQunia,Augustalibus,sua,pec,nia,O,NOUN,Lucius,36,conj
491,sua,pecQunia,<END>,sua,sua,O,DET,pecQunia,41,det
196,In,<START>,honorem,In,In,O,ADP,honorem,2,case
196,honorem,In,Luci,hon,rem,O,NOUN,defensa,31,obl
196,Luci,honorem,Septimi,Luc,uci,B-PERS:PRAE,PROPN,legioni,16,nmod
196,Septimi,Luci,Severi,Sep,imi,B-PERS:NOMEN,PROPN,Luci,3,flat:name
196,Severi,Septimi,Pii,Sev,eri,B-PERS:COG,PROPN,Luci,3,flat:name
196,Pii,Severi,Pertinacis,Pii,Pii,B-PERS:AG,PROPN,Luci,3,conj
196,Pertinacis,Pii,Augusti,Per,cis,B-PERS:AG,PROPN,Pii,6,amod
196,Augusti,Pertinacis,Invicti,Aug,sti,B-PERS:TITLE,PROPN,Pii,6,nmod
196,Invicti,Augusti,Imperatoris,Inv,cti,B-PERS:AG,ADJ,Imperatoris,10,amod
196,Imperatoris,Invicti,et,Imp,ris,B-PERS:TITLE,NOUN,Pii,6,nmod
196,et,Imperatoris,Marci,et,et,O,CCONJ,Marci,12,cc
196,Marci,et,Aureli,Mar,rci,B-PERS:PRAE,PROPN,Pii,6,conj
196,Aureli,Marci,Antonini,Aur,eli,B-PERS:NOMEN,PROPN,Marci,12,flat:name
196,Antonini,Aureli,Caesaris,Ant,ini,B-PERS:COG,PROPN,Pii,6,conj
196,Caesaris,Antonini,legioni,Cae,ris,B-PERS:TITLE,PROPN,Pii,6,amod
196,legioni,Caesaris,XXII,leg,oni,O,NOUN,defensa,31,obl
196,XXII,legioni,Primigeniae,XXI,XII,O,NUM,legioni,16,nummod
196,Primigeniae,XXII,Piae,Pri,iae,O,PROPN,defensa,31,obl:arg
196,Piae,Primigeniae,Fideli,Pia,iae,O,PROPN,Primigeniae,18,flat:name
196,Fideli,Piae,honoris,Fid,eli,O,PROPN,Piae,19,amod
196,honoris,Fideli,virtutisque,hon,ris,O,PUNCT,Piae,19,appos
196,virtutisque,honoris,causa,vir,que,O,NOUN,,-1,
196,causa,virtutisque,civitas,cau,usa,O,NOUN,defensa,31,obl
196,civitas,causa,Treverorum,civ,tas,O,NOUN,defensa,31,appos
196,Treverorum,civitas,in,Tre,rum,O,PROPN,civitas,25,nmod
196,in,Treverorum,obsidione,in,in,O,ADP,obsidione,28,case
196,obsidione,in,ab,obs,one,O,NOUN,defensa,31,obl
196,ab,obsidione,ea,ab,ab,O,ADP,ea,30,case
196,ea,ab,defensa,ea,ea,O,PUNCT,defensa,31,obl
196,defensa,ea,<END>,def,nsa,O,VERB,defensa,31,ROOT
257,Deo,<START>,Lari,Deo,Deo,O,NOUN,posui,6,obl:arg
257,Lari,Deo,Bero,Lar,ari,O,PROPN,Deo,1,flat
257,Bero,Lari,Breo,Ber,ero,O,PROPN,Deo,1,conj
257,Breo,Bero,aram,Bre,reo,O,PROPN,posui,6,obl
257,aram,Breo,posui,ara,ram,O,NOUN,posui,6,obj
257,posui,aram,SAL,pos,sui,O,VERB,posui,6,ROOT
257,SAL,posui,<END>,SAL,SAL,O,ADP,posui,6,advmod
694,Lucio,<START>,Memmio,Luc,cio,B-PERS:PRAE,PROPN,vixit,4,nsubj
694,Memmio,Lucio,Maryllo,Mem,mio,B-PERS:NOMEN,PROPN,Lucio,1,flat:name
694,Maryllo,Memmio,vixit,Mar,llo,B-PERS:COG,PROPN,Lucio,1,flat:name
694,vixit,Maryllo,annos,vix,xit,O,VERB,vixit,4,ROOT
694,annos,vixit,XXV,ann,nos,O,NOUN,vixit,4,obj
694,XXV,annos,Memmia,XXV,XXV,O,NUM,annos,5,nummod
694,Memmia,XXV,Maryllina,Mem,mia,B-PERS:NOMEN,PROPN,fecit,11,nsubj
694,Maryllina,Memmia,filio,Mar,ina,B-PERS:COG,PROPN,Memmia,7,appos
694,filio,Maryllina,pientissimo,fil,lio,O,NOUN,Maryllina,8,appos
694,pientissimo,filio,fecit,pie,imo,O,ADJ,filio,9,nmod
694,fecit,pientissimo,<END>,fec,cit,O,VERB,vixit,4,conj
741,Iovi,<START>,Optimo,Iov,ovi,O,PROPN,Iovi,1,ROOT
741,Optimo,Iovi,Maximo,Opt,imo,O,ADJ,Iovi,1,amod
741,Maximo,Optimo,Fortunae,Max,imo,O,PROPN,Iovi,1,conj
741,Fortunae,Maximo,Reduci,For,nae,O,PROPN,Iovi,1,conj
741,Reduci,Fortunae,Signis,Red,uci,O,ADJ,Iovi,1,conj
741,Signis,Reduci,cohortis,Sig,nis,O,NOUN,Iovi,1,conj
741,cohortis,Signis,I,coh,tis,O,NOUN,Signis,6,nmod
741,I,cohortis,Germanorum,I,I,O,NUM,cohortis,7,nummod
741,Germanorum,I,Lucius,Ger,rum,O,PROPN,I,8,nmod
741,Lucius,Germanorum,Atilius,Luc,ius,B-PERS:PRAE,PROPN,Iovi,1,conj
741,Atilius,Lucius,Luci,Ati,ius,B-PERS:NOMEN,PROPN,Lucius,10,flat:name
741,Luci,Atilius,filius,Luc,uci,B-PERS:FILI,PROPN,filius,13,nmod
741,filius,Luci,Quirina,fil,ius,I-PERS:FILI,NOUN,Lucius,10,appos
741,Quirina,filius,<END>,Qui,ina,B-PERS:TRIBE,PROPN,Lucius,10,nmod
578,Aulo,<START>,Larcio,Aul,ulo,B-PERS:PRAE,PROPN,Aulo,1,ROOT
578,Larcio,Aulo,Auli,Lar,cio,B-PERS:NOMEN,PROPN,Aulo,1,flat:name
578,Auli,Larcio,filio,Aul,uli,B-PERS:FILI,PROPN,filio,4,nmod
578,filio,Auli,Quirina,fil,lio,I-PERS:FILI,NOUN,Aulo,1,appos
578,Quirina,filio,Prisco,Qui,ina,B-PERS:TRIBE,PROPN,Aulo,1,flat:name
578,Prisco,Quirina,VIviro,Pri,sco,B-PERS:COG,VERB,Aulo,1,flat:name
578,VIviro,Prisco,equitum,VIv,iro,O,PROPN,Aulo,1,appos
578,equitum,VIviro,Romanorum,equ,tum,O,NOUN,VIviro,7,nmod
578,Romanorum,equitum,Xviro,Rom,rum,O,PROPN,equitum,8,amod
578,Xviro,Romanorum,stlitibus,Xvi,iro,O,PROPN,Aulo,1,appos
578,stlitibus,Xviro,iudicandis,stl,bus,O,NOUN,iudicandis,12,nsubj:pass
578,iudicandis,stlitibus,quaestori,iud,dis,O,VERB,Aulo,1,conj
578,quaestori,iudicandis,provinciae,qua,ori,B-TITLE,NOUN,Aulo,1,appos
578,provinciae,quaestori,Asiae,pro,iae,B-LOC,NOUN,exercitus,53,nmod
578,Asiae,provinciae,legato,Asi,iae,I-LOC,PROPN,quaestori,13,nmod
578,legato,Asiae,Augusti,leg,ato,B-TITLE,NOUN,Aulo,1,appos
578,Augusti,legato,legato,Aug,sti,I-TITLE,PROPN,legato,49,nmod
578,legato,Augusti,legionis,leg,ato,O,NOUN,Aulo,1,appos
578,legionis,legato,IIII,leg,nis,O,NOUN,legato,44,nmod
578,IIII,legionis,Scythicae,III,III,O,NUM,legionis,19,nummod
578,Scythicae,IIII,pro,Scy,cae,O,ADJ,legato,18,amod
578,pro,Scythicae,legato,pro,pro,B-TITLE,ADP,praetore,52,case
578,legato,pro,consulare,leg,ato,I-TITLE,NOUN,Aulo,1,appos
578,consulare,legato,provinciae,con,are,I-TITLE,NOUN,legato,23,amod
578,provinciae,consulare,Syriae,pro,iae,B-LOC,NOUN,exercitus,53,nmod
578,Syriae,provinciae,tribuno,Syr,iae,I-LOC,PROPN,legato,23,nmod
578,tribuno,Syriae,plebis,tri,uno,B-TITLE,NOUN,legato,23,conj
578,plebis,tribuno,praetori,ple,bis,I-TITLE,NOUN,tribuno,27,nmod
578,praetori,plebis,praefecto,pra,ori,B-TITLE,NOUN,tribuno,27,nmod
578,praefecto,praetori,frumenti,pra,cto,B-TITLE,NOUN,Aulo,1,appos
578,frumenti,praefecto,dandi,fru,nti,O,NOUN,praefecto,30,nmod
578,dandi,frumenti,ex,dan,ndi,O,VERB,Aulo,1,conj
578,ex,dandi,senatus,ex,ex,O,ADP,consulto,35,case
578,senatus,ex,consulto,sen,tus,O,NOUN,consulto,35,nmod
578,consulto,senatus,legato,con,lto,O,NOUN,Aulo,1,appos
578,legato,consulto,provinciae,leg,ato,B-TITLE,NOUN,Aulo,1,appos
578,provinciae,legato,Baeticae,pro,iae,B-LOC,NOUN,exercitus,53,nmod
578,Baeticae,provinciae,Hispaniae,Bae,cae,I-LOC,NOUN,Hispaniae,39,amod
578,Hispaniae,Baeticae,proconsuli,His,iae,B-PERS:NOMEN,PROPN,provinciae,37,flat
578,proconsuli,Hispaniae,provinciae,pro,uli,B-TITLE,NOUN,legato,36,nmod
578,provinciae,proconsuli,Galliae,pro,iae,B-LOC,NOUN,exercitus,53,nmod
578,Galliae,provinciae,Narbonensis,Gal,iae,I-LOC,PROPN,proconsuli,40,nmod
578,Narbonensis,Galliae,legato,Nar,sis,I-LOC,ADJ,Galliae,42,amod
578,legato,Narbonensis,Augusti,leg,ato,B-TITLE,NOUN,Aulo,1,appos
578,Augusti,legato,legionis,Aug,sti,I-TITLE,PROPN,legato,49,nmod
578,legionis,Augusti,II,leg,nis,O,NOUN,legato,44,nmod
578,II,legionis,Augustae,II,II,O,NUM,legionis,46,nummod
578,Augustae,II,legato,Aug,tae,O,PROPN,legionis,46,amod
578,legato,Augustae,Augusti,leg,ato,B-TITLE,NOUN,Aulo,1,appos
578,Augusti,legato,pro,Aug,sti,I-TITLE,PROPN,legato,49,nmod
578,pro,Augusti,praetore,pro,pro,I-TITLE,ADP,praetore,52,case
578,praetore,pro,exercitus,pra,ore,I-TITLE,NOUN,Aulo,1,appos
578,exercitus,praetore,provinciae,exe,tus,O,NOUN,praetore,52,nmod
578,provinciae,exercitus,Africae,pro,iae,B-LOC,NOUN,exercitus,53,nmod
578,Africae,provinciae,VIIviro,Afr,cae,I-LOC,PROPN,provinciae,54,nmod
578,VIIviro,Africae,epulonum,VII,iro,O,NUM,consuli,58,nsubj
578,epulonum,VIIviro,consuli,epu,num,O,NOUN,VIIviro,56,nmod
578,consuli,epulonum,designato,con,uli,B-TITLE,NOUN,Aulo,1,appos
578,designato,consuli,patrono,des,ato,O,VERB,patrono,60,acl
578,patrono,designato,coloniae,pat,ono,O,NOUN,Aulo,1,conj
578,coloniae,patrono,decreto,col,iae,O,NOUN,patrono,60,nmod
578,decreto,coloniae,decurionum,dec,eto,O,NOUN,Aulo,1,conj
578,decurionum,decreto,pecunia,dec,num,O,NOUN,pecunia,64,nmod
578,pecunia,decurionum,publica,pec,nia,O,NOUN,decreto,62,nmod
578,publica,pecunia,<END>,pub,ica,O,ADJ,pecunia,64,amod
158,Ampalus,<START>,Camali,Amp,lus,B-PERS:NOMEN,PROPN,curavit,14,nsubj
158,Camali,Ampalus,filius,Cam,ali,B-PERS:FILI,PROPN,filius,3,nmod
158,filius,Camali,eques,fil,ius,I-PERS:FILI,NOUN,Ampalus,1,appos
158,eques,filius,alae,equ,ues,O,NOUN,Ampalus,1,appos
158,alae,eques,eiusdem,ala,lae,O,NOUN,eques,4,nmod
158,eiusdem,alae,turma,eiu,dem,O,DET,alae,5,det
158,turma,eiusdem,Placidi,tur,rma,O,NOUN,Ampalus,1,appos
158,Placidi,turma,heres,Pla,idi,B-PERS,ADJ,heres,9,amod
158,heres,Placidi,ex,her,res,O,NOUN,curavit,14,dep
158,ex,heres,s,ex,ex,O,ADP,s,11,case
158,s,ex,testamento,s,s,O,PUNCT,curavit,14,dep
158,testamento,s,faciendum,tes,nto,O,NOUN,faciendum,13,obl
158,faciendum,testamento,curavit,fac,dum,O,VERB,curavit,14,advcl
158,curavit,faciendum,Titus,cur,vit,O,VERB,curavit,14,ROOT
158,Titus,curavit,T,Tit,tus,B-PERS:PRAE,PROPN,Ampalus,1,conj
158,T,Titus,P,T,T,O,PUNCT,curavit,14,obl
158,P,T,sit,P,P,O,PUNCT,T,16,flat:name
158,sit,P,tibi,sit,sit,O,AUX,terra,20,cop
158,tibi,sit,terra,tib,ibi,O,PRON,terra,20,obl:arg
158,terra,tibi,levis,ter,rra,O,NOUN,curavit,14,parataxis
158,levis,terra,<END>,lev,vis,O,ADJ,terra,20,amod
613,vivit,<START>,Marcus,viv,vit,O,VERB,vivit,1,ROOT
613,Marcus,vivit,Valerius,Mar,cus,B-PERS:PRAE,PROPN,vivit,1,nsubj
613,Valerius,Marcus,Marci,Val,ius,B-PERS:NOMEN,PROPN,Marcus,2,flat:name
613,Marci,Valerius,libertus,Mar,rci,B-PERS:FILI,PROPN,libertus,5,nmod
613,libertus,Marci,Antiochus,lib,tus,I-PERS:FILI,NOUN,Marcus,2,appos
613,Antiochus,libertus,Marco,Ant,hus,I-PERS,PROPN,vivit,1,nsubj
613,Marco,Antiochus,Valerio,Mar,rco,B-PERS:NOMEN,PROPN,vivit,1,obl
613,Valerio,Marco,patrono,Val,rio,B-PERS:COG,PROPN,Marco,7,flat:name
613,patrono,Valerio,et,pat,ono,O,NOUN,Marco,7,appos
613,et,patrono,sibi,et,et,O,CCONJ,pedes,14,cc
613,sibi,et,in,sib,ibi,O,PRON,et,10,obl:arg
613,in,sibi,fronte,in,in,O,ADP,agro,17,case
613,fronte,in,pedes,fro,nte,O,NOUN,et,10,cop
613,pedes,fronte,XIIX,ped,des,O,X,vivit,1,nsubj
613,XIIX,pedes,in,XII,IIX,O,NUM,pedes,14,nummod
613,in,XIIX,agro,in,in,O,ADP,agro,17,case
613,agro,in,pedes,agr,gro,O,NOUN,vivit,1,obl
613,pedes,agro,XII,ped,des,O,X,vivit,1,nsubj
613,XII,pedes,<END>,XII,XII,O,NUM,pedes,18,nummod
393,Memoria,<START>,Laurenti,Mem,ria,O,NOUN,Memoria,1,ROOT
393,Laurenti,Memoria,medici,Lau,nti,B-PERS,NOUN,Prosdocia,7,nmod
393,medici,Laurenti,et,med,ici,O,NOUN,Laurenti,2,nmod
393,et,medici,uxSSoris,et,et,O,CCONJ,uxSSoris,5,cc
393,uxSSoris,et,eius,uxS,ris,O,X,medici,3,conj
393,eius,uxSSoris,Prosdocia,eiu,ius,O,ADV,uxSSoris,5,det
393,Prosdocia,eius,<END>,Pro,cia,B-PERS,NOUN,Memoria,1,appos
970,Dis,<START>,Manibus,Dis,Dis,O,NOUN,Manibus,2,case
970,Manibus,Dis,O,Man,bus,O,PROPN,Manibus,2,ROOT
970,O,Manibus,Publius,O,O,O,PUNCT,Publius,4,advmod:emph
970,Publius,O,Fabius,Pub,ius,B-PERS:PRAE,PROPN,Manibus,2,nsubj
970,Fabius,Publius,Iarinus,Fab,ius,B-PERS:NOMEN,PROPN,Publius,4,flat:name
970,Iarinus,Fabius,Euantheni,Iar,nus,B-PERS:COG,PROPN,Publius,4,flat:name
970,Euantheni,Iarinus,filio,Eua,eni,B-PERS:FILI,PROPN,filio,8,nmod
970,filio,Euantheni,qui,fil,lio,I-PERS:FILI,NOUN,Publius,4,appos
970,qui,filio,vixit,qui,qui,O,PUNCT,vixit,10,nsubj
970,vixit,qui,annos,vix,xit,O,VERB,Euantheni,7,acl:relcl
970,annos,vixit,VI,ann,nos,O,NOUN,vixit,10,obj
970,VI,annos,menses,VI,VI,O,NUM,annos,11,nummod
970,menses,VI,VII,men,ses,O,NOUN,vixit,10,obl
970,VII,menses,<END>,VII,VII,O,NUM,menses,13,amod
689,Usiimui,<START>,civis,Usi,mui,B-PERS,VERB,vixit,4,mark
689,civis,Usiimui,Alamanna,civ,vis,O,NOUN,vixit,4,nsubj
689,Alamanna,civis,vixit,Ala,nna,B-LOC,NOUN,civis,2,amod
689,vixit,Alamanna,annis,vix,xit,O,VERB,recessit,7,csubj
689,annis,vixit,XXXIIII,ann,nis,O,NOUN,recessit,7,obl
689,XXXIIII,annis,recessit,XXX,III,O,NUM,annis,5,nummod
689,recessit,XXXIIII,in,rec,sit,O,VERB,recessit,7,ROOT
689,in,recessit,pace,in,in,O,ADP,pace,9,case
689,pace,in,die,pac,ace,O,PUNCT,recessit,7,obl
689,die,pace,II,die,die,O,PUNCT,recessit,7,obl
689,II,die,Nonas,II,II,O,NUM,die,10,nummod
689,Nonas,II,Decembres,Non,nas,O,NOUN,die,10,nmod
689,Decembres,Nonas,Mariniano,Dec,res,O,NOUN,Nonas,12,amod
689,Mariniano,Decembres,et,Mar,ano,B-PERS,PROPN,conssulibus,17,nsubj
689,et,Mariniano,Asclipiodoto,et,et,O,CCONJ,Asclipiodoto,16,cc
689,Asclipiodoto,et,conssulibus,Asc,oto,B-PERS,PROPN,Mariniano,14,conj
689,conssulibus,Asclipiodoto,Flavius,con,bus,O,ADJ,recessit,7,advcl:abs
689,Flavius,conssulibus,Faustinianus,Fla,ius,B-PERS:NOMEN,PROPN,fecit,30,nsubj
689,Faustinianus,Flavius,vir,Fau,nus,B-PERS:COG,PROPN,Flavius,18,flat:name
689,vir,Faustinianus,devotissimus,vir,vir,O,VERB,Flavius,18,appos
689,devotissimus,vir,domesticus,dev,mus,O,ADJ,vir,20,amod
689,domesticus,devotissimus,comNpar,dom,cus,B-TITLE,ADJ,vir,20,amod
689,comNpar,domesticus,eius,com,par,O,PROPN,fecit,30,obl
689,eius,comNpar,hunc,eiu,ius,O,ADV,comNpar,23,nmod
689,hunc,eius,titulum,hun,unc,O,DET,titulum,26,det
689,titulum,hunc,amantissimae,tit,lum,O,NOUN,fieri,29,nsubj:pass
689,amantissimae,titulum,coniugCi,ama,mae,O,ADJ,coniugCi,28,amod
689,coniugCi,amantissimae,fieri,con,gCi,O,X,fieri,29,xcomp
689,fieri,coniugCi,fecit,fie,eri,O,VERB,fecit,30,ccomp
689,fecit,fieri,<END>,fec,cit,O,VERB,recessit,7,conj
362,Divo,<START>,Claudio,Div,ivo,O,VERB,Divo,1,ROOT
362,Claudio,Divo,Volubilitani,Cla,dio,B-PERS:NOMEN,PROPN,Divo,1,flat
362,Volubilitani,Claudio,civitate,Vol,ani,B-PERS:COG,ADJ,Divo,1,nsubj
362,civitate,Volubilitani,Romana,civ,ate,O,NOUN,donati,8,obl:arg
362,Romana,civitate,ab,Rom,ana,O,ADJ,civitate,4,amod
362,ab,Romana,eo,ab,ab,O,ADP,eo,7,case
362,eo,ab,donati,eo,eo,O,ADV,donati,8,obl:arg
362,donati,eo,<END>,don,ati,O,VERB,Divo,1,advcl
817,Dis,<START>,Manibus,Dis,Dis,O,NOUN,Manibus,2,case
817,Manibus,Dis,Aelio,Man,bus,O,PROPN,curaverunt,42,obl
817,Aelio,Manibus,Proculo,Ael,lio,B-PERS:NOMEN,PROPN,pater,23,conj
817,Proculo,Aelio,signifero,Pro,ulo,B-PERS:COG,PROPN,sibi,36,conj
817,signifero,Proculo,legionis,sig,ero,O,NOUN,Aelio,3,appos
817,legionis,signifero,II,leg,nis,O,NOUN,veteranus,19,nmod
817,II,legionis,Adiutricis,II,II,O,NUM,legionis,6,nummod
817,Adiutricis,II,Piae,Adi,cis,O,ADJ,Aelius,17,orphan
817,Piae,Adiutricis,Fidelis,Pia,iae,O,PROPN,Adiutricis,8,nmod
817,Fidelis,Piae,annorum,Fid,lis,O,ADJ,Piae,9,amod
817,annorum,Fidelis,et,ann,rum,O,NOUN,Adiutricis,8,nmod
817,et,annorum,Iuliae,et,et,O,CCONJ,Proculo,38,cc
817,Iuliae,et,Optatae,Iul,iae,B-PERS:NOMEN,PROPN,Adiutricis,8,conj
817,Optatae,Iuliae,eius,Opt,tae,B-PERS:COG,VERB,Iuliae,13,conj
817,eius,Optatae,vivae,eiu,ius,O,ADV,Iuliae,13,det
817,vivae,eius,Aelius,viv,vae,O,ADJ,Iuliae,13,amod
817,Aelius,vivae,s,Ael,ius,B-PERS:NOMEN,PROPN,curaverunt,42,nsubj
817,s,Aelius,veteranus,s,s,I-PERS,PUNCT,Aelius,17,appos
817,veteranus,s,legionis,vet,nus,O,ADJ,Aelius,17,amod
817,legionis,veteranus,supra,leg,nis,O,NOUN,veteranus,19,nmod
817,supra,legionis,scriptae,sup,pra,O,ADV,scripto,40,advmod
817,scriptae,supra,pater,scr,tae,O,VERB,legionis,20,acl
817,pater,scriptae,et,pat,ter,O,NOUN,curaverunt,42,nsubj
817,et,pater,Aelia,et,et,O,CCONJ,Proculo,38,cc
817,Aelia,et,M,Ael,lia,B-PERS:NOMEN,ADJ,M,26,dep
817,M,Aelia,mater,M,M,O,PUNCT,parentes,28,nmod
817,mater,M,parentes,mat,ter,O,NOUN,M,26,appos
817,parentes,mater,filio,par,tes,O,NOUN,pater,23,conj
817,filio,parentes,karissimo,fil,lio,O,NOUN,pater,23,conj
817,karissimo,filio,et,kar,imo,O,ADJ,filio,29,amod
817,et,karissimo,Aelio,et,et,O,CCONJ,Proculo,38,cc
817,Aelio,et,Procul,Ael,lio,B-PERS:NOMEN,PROPN,pater,23,conj
817,Procul,Aelio,nepoti,Pro,cul,B-PERS:COG,ADV,Aelio,32,flat
817,nepoti,Procul,vivi,nep,oti,O,NOUN,Aelio,32,appos
817,vivi,nepoti,sibi,viv,ivi,O,ADV,curaverunt,42,dep
817,sibi,vivi,et,sib,ibi,O,PRON,curaverunt,42,obl:arg
817,et,sibi,Proculo,et,et,O,CCONJ,Proculo,38,cc
817,Proculo,et,supra,Pro,ulo,B-PERS,PROPN,sibi,36,conj
817,supra,Proculo,scripto,sup,pra,O,ADV,scripto,40,advmod
817,scripto,supra,faciendum,scr,pto,O,VERB,curaverunt,42,xcomp
817,faciendum,scripto,curaverunt,fac,dum,O,VERB,curaverunt,42,ccomp
817,curaverunt,faciendum,<END>,cur,unt,O,VERB,curaverunt,42,ROOT
402,Vivit,<START>,Quintus,Viv,vit,O,VERB,Vivit,1,ROOT
402,Quintus,Vivit,Numisius,Qui,tus,B-PERS:PRAE,PROPN,Vivit,1,nsubj
402,Numisius,Quintus,Quinti,Num,ius,B-PERS:NOMEN,PROPN,Quintus,2,flat:name
402,Quinti,Numisius,filius,Qui,nti,B-PERS:FILI,PROPN,filius,5,nmod
402,filius,Quinti,Proculus,fil,ius,I-PERS:FILI,NOUN,Quintus,2,appos
402,Proculus,filius,iumentarius,Pro,lus,B-PERS:COG,PROPN,Quintus,2,appos
402,iumentarius,Proculus,sibi,ium,ius,O,ADJ,Quintus,2,amod
402,sibi,iumentarius,et,sib,ibi,O,PRON,Vivit,1,obl
402,et,sibi,Quinto,et,et,O,CCONJ,matri,17,cc
402,Quinto,et,Onumisio,Qui,nto,B-PERS:PRAE,ADV,sibi,8,conj
402,Onumisio,Quinto,Eroni,Onu,sio,B-PERS:NOMEN,NOUN,Quinto,10,flat:name
402,Eroni,Onumisio,patri,Ero,oni,B-PERS:COG,PROPN,Quinto,10,flat:name
402,patri,Eroni,et,pat,tri,O,NOUN,Eroni,12,nmod
402,et,patri,Caeliae,et,et,O,CCONJ,matri,17,cc
402,Caeliae,et,Silvanae,Cae,iae,B-PERS:NOMEN,PROPN,Silvanae,16,amod
402,Silvanae,Caeliae,matri,Sil,nae,B-PERS:COG,ADJ,matri,17,nmod
402,matri,Silvanae,<END>,mat,tri,O,NOUN,Eroni,12,conj
93,DEM,<START>,statuam,DEM,DEM,O,PUNCT,DEM,1,ROOT
93,statuam,DEM,co,sta,uam,O,NOUN,DEM,1,obj
93,co,statuam,curante,co,co,O,PUNCT,DEM,1,reparandum
93,curante,co,Calpurnio,cur,nte,O,VERB,praeside,8,advcl:abs
93,Calpurnio,curante,viro,Cal,nio,B-PERS,PROPN,curante,4,nsubj
93,viro,Calpurnio,perfectissimo,vir,iro,O,NOUN,Calpurnio,5,appos
93,perfectissimo,viro,praeside,per,imo,O,ADJ,praeside,8,amod
93,praeside,perfectissimo,provinciae,pra,ide,O,NOUN,DEM,1,conj
93,provinciae,praeside,Tripolitanae,pro,iae,B-LOC,NOUN,praeside,8,nmod
93,Tripolitanae,provinciae,<END>,Tri,nae,I-LOC,PROPN,provinciae,9,amod
918,Valeria,<START>,Decimi,Val,ria,B-PERS:NOMEN,PROPN,fecit,6,nsubj
918,Decimi,Valeria,liberta,Dec,imi,B-PERS:FILI,PROPN,liberta,3,nmod
918,liberta,Decimi,Psychario,lib,rta,I-PERS:FILI,NOUN,Valeria,1,appos
918,Psychario,liberta,monumentum,Psy,rio,B-PERS:COG,PROPN,Valeria,1,appos
918,monumentum,Psychario,fecit,mon,tum,O,NOUN,fecit,6,obj
918,fecit,monumentum,sibi,fec,cit,O,VERB,fecit,6,ROOT
918,sibi,fecit,et,sib,ibi,O,PRON,fecit,6,obl:arg
918,et,sibi,viro,et,et,O,CCONJ,viro,9,cc
918,viro,et,suo,vir,iro,O,NOUN,sibi,7,conj
918,suo,viro,Lucio,suo,suo,O,PUNCT,se,18,det
918,Lucio,suo,Quintio,Luc,cio,B-PERS:PRAE,PROPN,viro,9,flat
918,Quintio,Lucio,Luci,Qui,tio,B-PERS:NOMEN,PROPN,Lucio,11,flat:name
918,Luci,Quintio,liberto,Luc,uci,B-PERS:FILI,PROPN,liberto,14,nmod
918,liberto,Luci,Philodamo,lib,rto,I-PERS:FILI,NOUN,viro,9,appos
918,Philodamo,liberto,de,Phi,amo,B-PERS:COG,PROPN,sibi,7,conj
918,de,Philodamo,suo,de,de,O,ADP,se,18,case
918,suo,de,se,suo,suo,O,PUNCT,se,18,det
918,se,suo,viva,se,se,O,PRON,viva,19,obl
918,viva,se,<END>,viv,iva,O,ADJ,fecit,6,advcl:pred
490,Dis,<START>,Manibus,Dis,Dis,O,NOUN,Manibus,2,case
490,Manibus,Dis,Claudiae,Man,bus,O,PROPN,fecerunt,16,obl
490,Claudiae,Manibus,Actes,Cla,iae,B-PERS:NOMEN,PROPN,Manibus,2,nmod
490,Actes,Claudiae,libertae,Act,tes,B-PERS:FILI,NOUN,Manibus,2,conj
490,libertae,Actes,Eurydices,lib,tae,I-PERS:FILI,NOUN,Actes,4,appos
490,Eurydices,libertae,Claudius,Eur,ces,B-PERS:COG,PROPN,Actes,4,conj
490,Claudius,Eurydices,Phoebus,Cla,ius,B-PERS:NOMEN,PROPN,Actes,4,conj
490,Phoebus,Claudius,coniugi,Pho,bus,B-PERS:COG,PROPN,Claudius,7,flat:name
490,coniugi,Phoebus,bene,con,ugi,O,NOUN,fecerunt,16,vocative
490,bene,coniugi,merenti,ben,ene,O,ADV,merenti,11,advmod
490,merenti,bene,et,mer,nti,O,ADJ,coniugi,9,acl
490,et,merenti,Pensata,et,et,O,CCONJ,Pensata,13,cc
490,Pensata,et,sorori,Pen,ata,O,VERB,merenti,11,conj
490,sorori,Pensata,piissimae,sor,ori,O,NOUN,piissimae,15,obl:arg
490,piissimae,sorori,fecerunt,pii,mae,O,ADJ,fecerunt,16,xcomp
490,fecerunt,piissimae,<END>,fec,unt,O,VERB,fecerunt,16,ROOT
452,Caius,<START>,Flavius,Cai,ius,B-PERS:PRAE,PROPN,fecit,21,nsubj
452,Flavius,Caius,Hostilius,Fla,ius,B-PERS:NOMEN,PROPN,Caius,1,flat:name
452,Hostilius,Flavius,Papiria,Hos,ius,B-PERS:COG,PROPN,Caius,1,flat:name
452,Papiria,Hostilius,Sertorianus,Pap,ria,B-PERS:AG,PROPN,Sertorianus,5,obl
452,Sertorianus,Papiria,Laurens,Ser,nus,B-PERS:AG,PROPN,Caius,1,conj
452,Laurens,Sertorianus,Lavinas,Lau,ens,B-PERS:AG,ADJ,Sertorianus,5,flat:name
452,Lavinas,Laurens,pontifex,Lav,nas,I-PERS:AG,ADJ,Sertorianus,5,amod
452,pontifex,Lavinas,eques,pon,fex,O,NOUN,Sertorianus,5,appos
452,eques,pontifex,Romanus,equ,ues,O,NOUN,Sertorianus,5,appos
452,Romanus,eques,memoriam,Rom,nus,O,ADJ,eques,9,amod
452,memoriam,Romanus,sibi,mem,iam,O,NOUN,fecit,21,obj
452,sibi,memoriam,et,sib,ibi,O,PRON,fecit,21,obl:arg
452,et,sibi,Domitiae,et,et,O,CCONJ,Domitiae,14,cc
452,Domitiae,et,Titi,Dom,iae,B-PERS:NOMEN,PROPN,memoriam,11,conj
452,Titi,Domitiae,filiae,Tit,iti,B-PERS:FILI,PROPN,Domitiae,14,appos
452,filiae,Titi,Severae,fil,iae,I-PERS:FILI,NOUN,Titi,15,appos
452,Severae,filiae,coniugi,Sev,rae,B-PERS:COG,PROPN,filiae,16,amod
452,coniugi,Severae,incomparabili,con,ugi,O,NOUN,Titi,15,appos
452,incomparabili,coniugi,vivus,inc,ili,O,ADJ,coniugi,18,amod
452,vivus,incomparabili,fecit,viv,vus,O,ADJ,fecit,21,xcomp
452,fecit,vivus,<END>,fec,cit,O,VERB,fecit,21,ROOT
252,Privatus,<START>,Octavius,Pri,tus,O,ADJ,Privatus,1,ROOT
252,Octavius,Privatus,Novianus,Oct,ius,B-PERS:PRAE,PROPN,Privatus,1,dep
252,Novianus,Octavius,optio,Nov,nus,B-PERS:NOMEN,PROPN,Octavius,2,amod
252,optio,Novianus,Quintus,opt,tio,B-TITLE,NOUN,Privatus,1,obl
252,Quintus,optio,Aelius,Qui,tus,B-PERS:PRAE,PROPN,Privatus,1,conj
252,Aelius,Quintus,Titus,Ael,ius,B-PERS:NOMEN,PROPN,Lucius,13,flat:name
252,Titus,Aelius,Flavius,Tit,tus,B-PERS:PRAE,PROPN,Quintus,5,conj
252,Flavius,Titus,Decimus,Fla,ius,B-PERS:NOMEN,PROPN,Titus,7,flat:name
252,Decimus,Flavius,Postumius,Dec,mus,B-PERS:PRAE,ADJ,Quintus,5,conj
252,Postumius,Decimus,Lucius,Pos,ius,B-PERS:NOMEN,PROPN,Quintus,5,conj
252,Lucius,Postumius,Pontius,Luc,ius,B-PERS:PRAE,PROPN,Quintus,5,conj
252,Pontius,Lucius,Lucius,Pon,ius,B-PERS:NOMEN,PROPN,Lucius,11,flat:name
252,Lucius,Pontius,Aelius,Luc,ius,B-PERS:PRAE,PROPN,Quintus,5,conj
252,Aelius,Lucius,Lucius,Ael,ius,B-PERS:NOMEN,PROPN,Lucius,13,flat:name
252,Lucius,Aelius,Avenius,Luc,ius,B-PERS:PRAE,PROPN,Quintus,5,conj
252,Avenius,Lucius,Caius,Ave,ius,B-PERS:NOMEN,PROPN,Lucius,15,flat:name
252,Caius,Avenius,Gavius,Cai,ius,B-PERS:PRAE,PROPN,Quintus,5,conj
252,Gavius,Caius,<END>,Gav,ius,B-PERS:NOMEN,PROPN,Caius,17,flat:name
654,Dianae,<START>,Augustae,Dia,nae,O,PROPN,collegii,3,nmod
654,Augustae,Dianae,collegii,Aug,tae,O,PROPN,Dianae,1,amod
654,collegii,Augustae,lotorum,col,gii,O,NOUN,Primigenius,6,obl:arg
654,lotorum,collegii,sacrum,lot,rum,O,NOUN,collegii,3,nmod
654,sacrum,lotorum,Primigenius,sac,rum,O,ADJ,collegii,3,conj
654,Primigenius,sacrum,rei,Pri,ius,B-PERS,PROPN,Primigenius,6,ROOT
654,rei,Primigenius,publicae,rei,rei,B-LOC,NOUN,Primigenius,6,obl:arg
654,publicae,rei,Arcinorum,pub,cae,I-LOC,ADJ,rei,7,amod
654,Arcinorum,publicae,servus,Arc,rum,I-LOC,PROPN,servus,10,nmod
654,servus,Arcinorum,arcarius,ser,vus,O,NOUN,dedit,21,nsubj
654,arcarius,servus,curator,arc,ius,O,ADJ,servus,10,amod
654,curator,arcarius,II,cur,tor,O,NOUN,servus,10,appos
654,II,curator,cum,II,II,O,NUM,curator,12,nummod
654,cum,II,Marco,cum,cum,O,ADP,Marco,15,case
654,Marco,cum,Arrecino,Mar,rco,B-PERS:PRAE,PROPN,dedit,21,obl
654,Arrecino,Marco,Gelliano,Arr,ino,B-PERS:NOMEN,PROPN,Marco,15,flat:name
654,Gelliano,Arrecino,filio,Gel,ano,B-PERS:COG,PROPN,Marco,15,flat:name
654,filio,Gelliano,curatore,fil,lio,O,NOUN,Marco,15,appos
654,curatore,filio,I,cur,ore,O,NOUN,Marco,15,appos
654,I,curatore,dedit,I,I,O,NUM,curatore,19,nummod
654,dedit,I,dedicavit,ded,dit,O,VERB,dedicavit,22,parataxis
654,dedicavit,dedit,<END>,ded,vit,O,VERB,Primigenius,6,acl:relcl
770,Dis,<START>,Manibus,Dis,Dis,O,NOUN,Manibus,2,case
770,Manibus,Dis,Ceriali,Man,bus,O,PROPN,posuerunt,17,obl
770,Ceriali,Manibus,defuncto,Cer,ali,B-PERS,NOUN,Manibus,2,nmod
770,defuncto,Ceriali,annorum,def,cto,O,VERB,posuerunt,17,advcl:abs
770,annorum,defuncto,XVIII,ann,rum,O,NOUN,defuncto,4,nsubj
770,XVIII,annorum,mensium,XVI,III,O,NUM,annorum,5,nummod
770,mensium,XVIII,VI,men,ium,O,NOUN,defuncto,4,obl:tmod
770,VI,mensium,dierum,VI,VI,O,NUM,mensium,7,nummod
770,dierum,VI,XVII,die,rum,O,NOUN,mensium,7,nmod
770,XVII,dierum,Genialis,XVI,VII,O,NUM,dierum,9,amod
770,Genialis,XVII,filius,Gen,lis,B-PERS,ADJ,filius,12,amod
770,filius,Genialis,et,fil,ius,O,NOUN,posuerunt,17,nsubj
770,et,filius,Deut,et,et,O,CCONJ,Deut,14,cc
770,Deut,et,aer,Deu,eut,B-PERS,ADP,filius,12,conj
770,aer,Deut,mater,aer,aer,O,NOUN,Deut,14,appos
770,mater,aer,posuerunt,mat,ter,O,NOUN,Deut,14,appos
770,posuerunt,mater,<END>,pos,unt,O,VERB,posuerunt,17,ROOT
671,Fausto,<START>,Cornelio,Fau,sto,B-PERS:PRAE,PROPN,consulibus,9,nsubj
671,Cornelio,Fausto,Sulla,Cor,lio,B-PERS:NOMEN,PROPN,Fausto,1,flat:name
671,Sulla,Cornelio,Felice,Sul,lla,B-PERS:COG,PROPN,Fausto,1,conj
671,Felice,Sulla,Lucio,Fel,ice,B-PERS:AG,PROPN,Fausto,1,conj
671,Lucio,Felice,Salvio,Luc,cio,B-PERS:PRAE,PROPN,accepisse,18,obl
671,Salvio,Lucio,Othone,Sal,vio,B-PERS:NOMEN,PROPN,Lucio,5,flat:name
671,Othone,Salvio,Titiano,Oth,one,B-PERS:COG,PROPN,Lucio,5,conj
671,Titiano,Othone,consulibus,Tit,ano,B-PERS:AG,PROPN,Lucio,5,flat:name
671,consulibus,Titiano,VIII,con,bus,O,NOUN,scripsi,16,advcl:abs
671,VIII,consulibus,Idus,VII,III,O,NUM,consulibus,9,nummod
671,Idus,VIII,Martias,Idu,dus,O,NOUN,VIII,10,nmod
671,Martias,Idus,Marcus,Mar,ias,O,ADJ,Idus,11,amod
671,Marcus,Martias,Volusius,Mar,cus,B-PERS:PRAE,PROPN,scripsi,16,nsubj
671,Volusius,Marcus,Crescens,Vol,ius,B-PERS:NOMEN,PROPN,Marcus,13,flat:name
671,Crescens,Volusius,scripsi,Cre,ens,B-PERS:COG,PROPN,Marcus,13,flat:name
671,scripsi,Crescens,me,scr,psi,O,VERB,scripsi,16,ROOT
671,me,scripsi,accepisse,me,me,O,PRON,accepisse,18,nsubj
671,accepisse,me,ab,acc,sse,O,VERB,scripsi,16,ccomp
671,ab,accepisse,Lucio,ab,ab,O,ADP,Lucio,20,case
671,Lucio,ab,Venidio,Luc,cio,B-PERS:PRAE,PROPN,accepisse,18,obl
671,Venidio,Lucio,Ennycho,Ven,dio,B-PERS:NOMEN,PROPN,Lucio,20,flat:name
671,Ennycho,Venidio,<END>,Enn,cho,B-PERS:COG,PROPN,Lucio,20,flat:name
130,Ad,<START>,promoVntoVrium,Ad,Ad,O,ADP,promoVntoVrium,2,case
130,promoVntoVrium,Ad,Veneris,pro,ium,O,PROPN,promoVntoVrium,2,ROOT
130,Veneris,promoVntoVrium,publicum,Ven,ris,O,NOUN,promoVntoVrium,2,nmod
130,publicum,Veneris,Circeiensium,pub,cum,O,ADJ,Circeiensium,5,amod
130,Circeiensium,publicum,usque,Cir,ium,O,ADJ,promoVntoVrium,2,nsubj
130,usque,Circeiensium,ad,usq,que,O,ADV,marem,8,case
130,ad,usque,marem,ad,ad,O,ADP,marem,8,case
130,marem,ad,termino,mar,rem,O,NOUN,promoVntoVrium,2,obl
130,termino,marem,LXXX,ter,ino,O,VERB,promoVntoVrium,2,obl
130,LXXX,termino,longum,LXX,XXX,O,NUM,termino,9,nummod
130,longum,LXXX,pedes,lon,gum,O,ADJ,promoVntoVrium,2,conj
130,pedes,longum,pe,ped,des,O,X,longum,11,obl
130,pe,pedes,CCXXV,pe,pe,O,CCONJ,longum,11,obl:tmod
130,CCXXV,pe,<END>,CCX,XXV,O,NUM,pe,13,nummod
638,Iovi,<START>,Optimo,Iov,ovi,O,PROPN,statuit,20,obl:arg
638,Optimo,Iovi,Maximo,Opt,imo,O,ADJ,Iovi,1,amod
638,Maximo,Optimo,Iunoni,Max,imo,O,PROPN,Iovi,1,conj
638,Iunoni,Maximo,Reginae,Iun,oni,O,PROPN,Iovi,1,conj
638,Reginae,Iunoni,Minervae,Reg,nae,O,NOUN,Iovi,1,conj
638,Minervae,Reginae,Victoriae,Min,vae,O,PROPN,Reginae,5,nmod
638,Victoriae,Minervae,Genioque,Vic,iae,O,PROPN,Reginae,5,appos
638,Genioque,Victoriae,castrorum,Gen,que,O,PROPN,,-1,
638,castrorum,Genioque,Aelius,cas,rum,O,NOUN,que,9,nmod
638,Aelius,castrorum,ITARI,Ael,ius,B-PERS:NOMEN,PROPN,statuit,20,nsubj
638,ITARI,Aelius,tribunus,ITA,ARI,B-PERS:COG,ADV,tribunus,13,dep
638,tribunus,ITARI,cohortis,tri,nus,O,NOUN,Aelius,11,appos
638,cohortis,tribunus,equites,coh,tis,O,NOUN,equites,15,nmod
638,equites,cohortis,cohortis,equ,tes,O,NOUN,voverat,19,obj
638,cohortis,equites,Surorum,coh,tis,O,NOUN,equites,15,nmod
638,Surorum,cohortis,CASC,Sur,rum,O,PROPN,cohortis,16,nmod
638,CASC,Surorum,voverat,CAS,ASC,O,ADJ,voverat,19,obj
638,voverat,CASC,statuit,vov,rat,O,VERB,Aelius,11,acl:relcl
638,statuit,voverat,<END>,sta,uit,O,VERB,statuit,20,ROOT
992,Caius,<START>,Blassius,Cai,ius,B-PERS:PRAE,PROPN,situs,7,nsubj
992,Blassius,Caius,Cai,Bla,ius,B-PERS:NOMEN,PROPN,Publius,9,flat:name
992,Cai,Blassius,filius,Cai,Cai,B-PERS:FILI,PROPN,filius,12,nmod
992,filius,Cai,Galeria,fil,ius,I-PERS:FILI,NOUN,Publius,9,appos
992,Galeria,filius,hic,Gal,ria,B-PERS:COG,PROPN,Caius,1,flat:name
992,hic,Galeria,situs,hic,hic,O,ADV,situs,7,det
992,situs,hic,est,sit,tus,O,NOUN,vivis,18,parataxis
992,est,situs,Publius,est,est,O,AUX,situs,7,cop
992,Publius,est,Blassius,Pub,ius,B-PERS:PRAE,PROPN,vivis,18,nsubj
992,Blassius,Publius,Cai,Bla,ius,B-PERS:NOMEN,PROPN,Publius,9,flat:name
992,Cai,Blassius,filius,Cai,Cai,B-PERS:FILI,PROPN,filius,12,nmod
992,filius,Cai,Caio,fil,ius,I-PERS:FILI,NOUN,Publius,9,appos
992,Caio,filius,Marco,Cai,aio,B-PERS:COG,PROPN,Publius,9,flat:name
992,Marco,Caio,Quinto,Mar,rco,B-PERS:PRAE,PROPN,Caio,13,flat:name
992,Quinto,Marco,Numerio,Qui,nto,B-PERS:NOMEN,ADV,Caio,13,conj
992,Numerio,Quinto,Blassiis,Num,rio,B-PERS:COG,PROPN,Quinto,15,flat:name
992,Blassiis,Numerio,vivis,Bla,iis,B-PERS:AG,PROPN,vivis,18,obl:arg
992,vivis,Blassiis,sibi,viv,vis,O,VERB,vivis,18,ROOT
992,sibi,vivis,et,sib,ibi,O,PRON,vivis,18,obl
992,et,sibi,su,et,et,O,CCONJ,fecit,23,cc
992,su,et,eis,su,su,O,PUNCT,eis,22,case
992,eis,su,fecit,eis,eis,O,PRON,fecit,23,obl
992,fecit,eis,<END>,fec,cit,O,VERB,vivis,18,conj
343,Dis,<START>,Manibus,Dis,Dis,O,NOUN,Manibus,2,case
343,Manibus,Dis,Eutycheti,Man,bus,O,PROPN,fecit,13,obl
343,Eutycheti,Manibus,filio,Eut,eti,B-PERS,PROPN,Manibus,2,nmod
343,filio,Eutycheti,dulcissimo,fil,lio,O,NOUN,Eutycheti,3,appos
343,dulcissimo,filio,qui,dul,imo,O,ADJ,filio,4,amod
343,qui,dulcissimo,vixit,qui,qui,O,PUNCT,vixit,7,nsubj
343,vixit,qui,anno,vix,xit,O,VERB,Eutycheti,3,acl:relcl
343,anno,vixit,mensiTbus,ann,nno,O,NOUN,vixit,7,obl
343,mensiTbus,anno,III,men,bus,O,NOUN,vixit,7,advmod
343,III,mensiTbus,diebus,III,III,O,NUM,mensiTbus,9,flat
343,diebus,III,VIII,die,bus,O,NOUN,vixit,7,obl
343,VIII,diebus,fecit,VII,III,O,NUM,diebus,11,nummod
343,fecit,VIII,Carpitana,fec,cit,O,VERB,fecit,13,ROOT
343,Carpitana,fecit,Myrsine,Car,ana,B-PERS:NOMEN,ADJ,fecit,13,obl
343,Myrsine,Carpitana,mater,Myr,ine,B-PERS:COG,NOUN,mater,16,nmod
343,mater,Myrsine,<END>,mat,ter,O,NOUN,Carpitana,14,appos
309,Q,<START>,T,Q,Q,O,PUNCT,F,7,dep
309,T,Q,M,T,T,O,PUNCT,O,13,cc
309,M,T,Titi,M,M,O,PUNCT,Q,1,dep
309,Titi,M,Plani,Tit,iti,B-PERS:PRAE,PROPN,M,3,nmod
309,Plani,Titi,Victorini,Pla,ani,B-PERS:NOMEN,PROPN,Titi,4,flat:name
309,Victorini,Plani,F,Vic,ini,B-PERS:COG,PROPN,Titi,4,flat:name
309,F,Victorini,S,F,F,O,NOUN,F,7,ROOT
309,S,F,T,S,S,O,PUNCT,T,14,cc
309,T,S,T,T,T,O,PUNCT,O,13,cc
309,T,T,P,T,T,O,PUNCT,O,13,cc
309,P,T,C,P,P,O,PUNCT,F,7,obl:tmod
309,C,P,O,C,C,O,PUNCT,F,7,obl:tmod
309,O,C,T,O,O,O,PUNCT,F,7,obl:tmod
309,T,O,S,T,T,O,PUNCT,O,13,cc
309,S,T,<END>,S,S,O,PUNCT,T,14,cc
137,Dis,<START>,Manibus,Dis,Dis,O,NOUN,Manibus,2,case
137,Manibus,Dis,Publius,Man,bus,O,PROPN,Publius,3,dep
137,Publius,Manibus,Manlius,Pub,ius,B-PERS:PRAE,PROPN,incomparabiles,16,nsubj
137,Manlius,Publius,Surus,Man,ius,B-PERS:NOMEN,PROPN,Publius,3,flat:name
137,Surus,Manlius,Publi,Sur,rus,B-PERS:COG,NOUN,Publius,3,flat:name
137,Publi,Surus,filius,Pub,bli,B-PERS:FILI,PROPN,filius,7,nmod
137,filius,Publi,IIIvir,fil,ius,I-PERS:FILI,NOUN,Publius,3,appos
137,IIIvir,filius,capitalis,III,vir,O,NUM,Publius,3,appos
137,capitalis,IIIvir,et,cap,lis,O,ADJ,IIIvir,8,amod
137,et,capitalis,Pomponia,et,et,O,CCONJ,Pomponia,11,cc
137,Pomponia,et,Cnaei,Pom,nia,B-PERS:NOMEN,PROPN,Publius,3,conj
137,Cnaei,Pomponia,filia,Cna,aei,B-PERS:FILI,PROPN,filia,13,nmod
137,filia,Cnaei,maritali,fil,lia,I-PERS:FILI,NOUN,Pomponia,11,appos
137,maritali,filia,concordia,mar,ali,O,ADJ,concordia,15,amod
137,concordia,maritali,incomparabiles,con,dia,O,NOUN,Publius,3,appos
137,incomparabiles,concordia,sponsione,inc,les,O,ADJ,incomparabiles,16,ROOT
137,sponsione,incomparabiles,utriusque,spo,one,O,NOUN,facta,21,nsubj:pass
137,utriusque,sponsione,partis,utr,que,O,DET,partis,19,det
137,partis,utriusque,hac,par,tis,O,NOUN,sponsione,17,nmod
137,hac,partis,facta,hac,hac,O,DET,partis,19,det
137,facta,hac,sine,fac,cta,O,VERB,incomparabiles,16,advcl:abs
137,sine,facta,ulla,sin,ine,O,ADP,poena,24,case
137,ulla,sine,poena,ull,lla,O,DET,poena,24,det
137,poena,ulla,ut,poe,ena,O,NOUN,incomparabiles,16,obl
137,ut,poena,superstes,ut,ut,O,SCONJ,stetit,74,mark
137,superstes,ut,rosis,sup,tes,O,ADJ,exornet,34,advcl:pred
137,rosis,superstes,sepulcrum,ros,sis,O,NOUN,exornet,34,obl:arg
137,sepulcrum,rosis,iacentis,sep,rum,O,NOUN,iacentis,29,obj
137,iacentis,sepulcrum,quot,iac,tis,O,VERB,rosis,27,acl
137,quot,iacentis,annis,quo,uot,O,DET,annis,31,det
137,annis,quot,Kalendis,ann,nis,O,NOUN,exornet,34,obl
137,Kalendis,annis,Iuniis,Kal,dis,O,NOUN,exornet,34,obl:lmod
137,Iuniis,Kalendis,exornet,Iun,iis,O,ADJ,Kalendis,32,amod
137,exornet,Iuniis,hicque,exo,net,O,VERB,ita,75,advcl
137,hicque,exornet,cum,hic,que,O,DET,,-1,
137,cum,hicque,Suris,cum,cum,O,ADP,Suris,38,case
137,Suris,cum,omnibus,Sur,ris,O,NOUN,epuletur,40,obl
137,omnibus,Suris,epuletur,omn,bus,O,DET,lege,63,det
137,epuletur,omnibus,quos,epu,tur,O,VERB,exornet,34,conj
137,quos,epuletur,moriens,quo,uos,O,PRON,damnet,43,obj
137,moriens,quos,damnet,mor,ens,O,VERB,damnet,43,advcl:pred
137,damnet,moriens,ad,dam,net,O,VERB,omnibus,39,acl:relcl
137,ad,damnet,tale,ad,ad,O,ADP,corpus,55,case
137,tale,ad,posteros,tal,ale,O,DET,comitetur,57,obl
137,posteros,tale,qui,pos,ros,O,NOUN,tale,45,amod
137,qui,posteros,supererit,qui,qui,O,PUNCT,supererit,48,nsubj
137,supererit,qui,huc,sup,rit,O,VERB,tale,45,acl:relcl
137,huc,supererit,defunctum,huc,huc,O,ADV,defunctum,50,advmod:lmod
137,defunctum,huc,nichilo,def,tum,O,VERB,supererit,48,conj
137,nichilo,defunctum,immutato,nic,ilo,O,PRON,immutato,52,nsubj:pass
137,immutato,nichilo,quod,imm,ato,O,VERB,tale,45,amod
137,quod,immutato,ad,quo,uod,O,PRON,attinet,56,nsubj
137,ad,quod,corpus,ad,ad,O,ADP,corpus,55,case
137,corpus,ad,attinet,cor,pus,O,NOUN,attinet,56,obl
137,attinet,corpus,comitetur,att,net,O,VERB,nichilo,51,acl:relcl
137,comitetur,attinet,quando,com,tur,O,VERB,exornet,34,conj
137,quando,comitetur,est,qua,ndo,O,ADV,moriendum,64,advmod:tmod
137,est,quando,omnibus,est,est,O,AUX,moriendum,64,aux
137,omnibus,est,immutabili,omn,bus,O,DET,lege,63,det
137,immutabili,omnibus,fati,imm,ili,O,ADJ,fati,62,amod
137,fati,immutabili,lege,fat,ati,O,NOUN,omnibus,60,nmod
137,lege,fati,moriendum,leg,ege,O,NOUN,moriendum,64,obl:agent
137,moriendum,lege,non,mor,dum,O,VERB,comitetur,57,dep
137,non,moriendum,sequetur,non,non,O,PART,sequetur,66,advmod:neg
137,sequetur,non,heredem,seq,tur,O,VERB,incomparabiles,16,conj
137,heredem,sequetur,monumentum,her,dem,O,NOUN,sequetur,66,obj
137,monumentum,heredem,,mon,tum,O,NOUN,heredem,67,nsubj
137,,monumentum,ut,,,O,UNK,iaceat,80,discourse
137,ut,,concors,ut,ut,O,SCONJ,stetit,74,mark
137,concors,ut,vivorum,con,ors,O,ADJ,cinis,78,amod
137,vivorum,concors,animus,viv,rum,O,ADJ,animus,73,nmod
137,animus,vivorum,stetit,ani,mus,O,NOUN,stetit,74,nsubj
137,stetit,animus,ita,ste,tit,O,VERB,iaceat,80,dislocated
137,ita,stetit,concors,ita,ita,O,ADV,iaceat,80,advmod
137,concors,ita,mortuorum,con,ors,O,ADJ,cinis,78,amod
137,mortuorum,concors,cinis,mor,rum,O,VERB,concors,76,obl:arg
137,cinis,mortuorum,hic,cin,nis,O,NOUN,iaceat,80,nsubj
137,hic,cinis,iaceat,hic,hic,O,ADV,iaceat,80,advmod:lmod
137,iaceat,hic,<END>,iac,eat,O,VERB,sequetur,66,conj
89,Dis,<START>,Manibus,Dis,Dis,O,NOUN,Manibus,2,case
89,Manibus,Dis,Caius,Man,bus,O,PROPN,vixit,6,obl
89,Caius,Manibus,Secundinius,Cai,ius,B-PERS:PRAE,PROPN,vixit,6,nsubj
89,Secundinius,Caius,Eutyches,Sec,ius,B-PERS:NOMEN,PROPN,Caius,3,flat:name
89,Eutyches,Secundinius,vixit,Eut,hes,B-PERS:COG,PROPN,Caius,3,flat:name
89,vixit,Eutyches,annos,vix,xit,O,VERB,vixit,6,ROOT
89,annos,vixit,XX,ann,nos,O,NOUN,vixit,6,obj
89,XX,annos,Vibia,XX,XX,O,NUM,annos,7,nummod
89,Vibia,XX,Annia,Vib,bia,O,NOUN,vixit,6,conj
89,Annia,Vibia,coniugi,Ann,nia,B-PERS,PROPN,Vibia,9,amod
89,coniugi,Annia,bene,con,ugi,O,NOUN,posuit,14,obl:arg
89,bene,coniugi,merenti,ben,ene,O,ADV,merenti,13,advmod
89,merenti,bene,posuit,mer,nti,O,ADJ,coniugi,11,acl
89,posuit,merenti,<END>,pos,uit,O,VERB,vixit,6,conj
328,Iovi,<START>,Optimo,Iov,ovi,O,PROPN,Marcus,4,obl:arg
328,Optimo,Iovi,Maximo,Opt,imo,O,ADJ,Iovi,1,amod
328,Maximo,Optimo,Marcus,Max,imo,O,PROPN,Iovi,1,flat:name
328,Marcus,Maximo,Ulpius,Mar,cus,B-PERS:PRAE,PROPN,Marcus,4,ROOT
328,Ulpius,Marcus,Carus,Ulp,ius,B-PERS:NOMEN,PROPN,Marcus,4,flat:name
328,Carus,Ulpius,beneficiarius,Car,rus,B-PERS:COG,PROPN,Marcus,4,flat:name
328,beneficiarius,Carus,procuratoris,ben,ius,O,NOUN,Marcus,4,appos
328,procuratoris,beneficiarius,votum,pro,ris,O,NOUN,beneficiarius,7,nmod
328,votum,procuratoris,libens,vot,tum,O,NOUN,libens,10,obj
328,libens,votum,merito,lib,ens,O,ADJ,Marcus,4,amod
328,merito,libens,<END>,mer,ito,O,VERB,libens,10,obl
476,Nonios,<START>,M,Non,ios,B-PERS:NOMEN,PROPN,filios,3,nmod
476,M,Nonios,filios,M,M,B-PERS:FILI,PUNCT,Nonios,1,nmod
476,filios,M,ex,fil,ios,I-PERS:FILI,NOUN,efuit,6,obj
476,ex,filios,Samnio,ex,ex,B-PERS:COG,ADP,Samnio,5,case
476,Samnio,ex,efuit,Sam,nio,B-PERS:COG,PROPN,efuit,6,obl
476,efuit,Samnio,Catia,efu,uit,O,VERB,efuit,6,ROOT
476,Catia,efuit,meriEeto,Cat,tia,B-LOC,PROPN,efuit,6,nsubj
476,meriEeto,Catia,votum,mer,eto,O,NOUN,efuit,6,obl
476,votum,meriEeto,siEgnuOm,vot,tum,O,NOUN,efuit,6,obj
476,siEgnuOm,votum,§,siE,uOm,O,PRON,efuit,6,parataxis
476,§,siEgnuOm,filius,§,§,O,PUNCT,siEgnuOm,10,punct
476,filius,§,<END>,fil,ius,O,NOUN,filius,12,ROOT
982,Ex,<START>,rescripto,Ex,Ex,O,ADP,rescripto,2,case
982,rescripto,Ex,dei,res,pto,O,VERB,dignatus,26,obl
982,dei,rescripto,Probi,dei,dei,O,PUNCT,rescripto,2,nmod
982,Probi,dei,postulante,Pro,obi,O,ADJ,dei,3,nmod
982,postulante,Probi,Munatio,pos,nte,O,VERB,rescripto,2,acl
982,Munatio,postulante,Flaviano,Mun,tio,B-PERS:NOMEN,PROPN,rescripto,2,nmod
982,Flaviano,Munatio,nundinas,Fla,ano,B-PERS:COG,PROPN,Munatio,6,amod
982,nundinas,Flaviano,Emadaucapenses,nun,nas,O,NOUN,rescripto,2,dep
982,Emadaucapenses,nundinas,immunes,Ema,ses,B-LOC,PROPN,nundinas,8,conj
982,immunes,Emadaucapenses,V,imm,nes,O,ADJ,nundinas,8,amod
982,V,immunes,Kalendarum,V,V,O,,celebrandas,16,obl
982,Kalendarum,V,et,Kal,rum,O,NOUN,V,11,nmod
982,et,Kalendarum,III,et,et,O,CCONJ,III,14,cc
982,III,et,Iduum,III,III,O,NUM,V,11,conj
982,Iduum,III,celebrandas,Idu,uum,O,NOUN,III,14,nmod
982,celebrandas,Iduum,vir,cel,das,O,VERB,nundinas,8,acl
982,vir,celebrandas,perfectissimus,vir,vir,O,VERB,dignatus,26,nsubj:pass
982,perfectissimus,vir,praeses,per,mus,O,ADJ,vir,17,amod
982,praeses,perfectissimus,Numidiae,pra,ses,O,NOUN,vir,17,appos
982,Numidiae,praeses,Aurelius,Num,iae,B-LOC,PROPN,praeses,19,nmod
982,Aurelius,Numidiae,Diogenes,Aur,ius,B-PERS:NOMEN,PROPN,vir,17,dislocated
982,Diogenes,Aurelius,beneficium,Dio,nes,B-PERS:COG,PROPN,Aurelius,21,flat:name
982,beneficium,Diogenes,datum,ben,ium,O,NOUN,datum,24,nsubj:pass
982,datum,beneficium,supplIere,dat,tum,O,VERB,vir,17,acl
982,supplIere,datum,dignatus,sup,ere,O,VERB,dignatus,26,dep
982,dignatus,supplIere,est,dig,tus,O,ADJ,dignatus,26,ROOT
982,est,dignatus,<END>,est,est,O,AUX,dignatus,26,aux:pass
851,Dis,<START>,Manibus,Dis,Dis,O,NOUN,Manibus,2,case
851,Manibus,Dis,sacrum,Man,bus,O,PROPN,vixit,8,obl
851,sacrum,Manibus,Titus,sac,rum,O,ADJ,vixit,8,dep
851,Titus,sacrum,Petronius,Tit,tus,B-PERS:PRAE,PROPN,vixit,8,nsubj
851,Petronius,Titus,Avitus,Pet,ius,B-PERS:NOMEN,PROPN,Titus,4,flat:name
851,Avitus,Petronius,pius,Avi,tus,B-PERS:COG,PROPN,Titus,4,appos
851,pius,Avitus,vixit,piu,ius,O,ADJ,vixit,8,xcomp
851,vixit,pius,annos,vix,xit,O,VERB,vixit,8,ROOT
851,annos,vixit,XVIII,ann,nos,O,NOUN,vixit,8,obj
851,XVIII,annos,menses,XVI,III,O,NUM,vixit,8,obl:tmod
851,menses,XVIII,X,men,ses,O,NOUN,vixit,8,obl:tmod
851,X,menses,hic,X,X,O,NUM,menses,11,nummod
851,hic,X,situs,hic,hic,O,ADV,situs,14,nsubj
851,situs,hic,est,sit,tus,O,NOUN,vixit,8,conj
851,est,situs,<END>,est,est,O,AUX,situs,14,cop
893,cavius,<START>,Us,cav,ius,O,ADJ,memoriam,9,nmod
893,Us,cavius,centurio,Us,Us,O,X,memoriam,9,dep
893,centurio,Us,I,cen,rio,B-TITLE,NOUN,Us,2,appos
893,I,centurio,Aeliae,I,I,O,NUM,Us,2,appos
893,Aeliae,I,Gaudentiae,Ael,iae,B-PERS:NOMEN,PROPN,Gaudentiae,6,amod
893,Gaudentiae,Aeliae,ae,Gau,iae,B-PERS:COG,PROPN,Us,2,appos
893,ae,Gaudentiae,coniugi,ae,ae,O,CCONJ,memoriam,9,det
893,coniugi,ae,memoriam,con,ugi,O,NOUN,memoriam,9,nmod
893,memoriam,coniugi,et,mem,iam,O,NOUN,memoriam,9,ROOT
893,et,memoriam,sibi,et,et,O,CCONJ,sibi,11,cc
893,sibi,et,<END>,sib,ibi,O,PRON,memoriam,9,dep
376,Iovi,<START>,Optimo,Iov,ovi,O,PROPN,agens,7,obl:arg
376,Optimo,Iovi,Maximo,Opt,imo,O,ADJ,Iovi,1,amod
376,Maximo,Optimo,pro,Max,imo,O,PROPN,Iovi,1,flat:name
376,pro,Maximo,salute,pro,pro,O,ADP,praetore,16,case
376,salute,pro,Auggustorum,sal,ute,O,NOUN,agens,7,obl
376,Auggustorum,salute,agens,Aug,rum,B-PERS:TITLE,NOUN,legato,13,nmod
376,agens,Auggustorum,in,age,ens,O,NOUN,solvit,26,advcl
376,in,agens,statione,in,in,O,ADP,patria,23,case
376,statione,in,sub,sta,one,O,NOUN,agens,7,obl
376,sub,statione,Baebio,sub,sub,O,ADP,Baebio,11,case
376,Baebio,sub,Caeciliano,Bae,bio,B-PERS:NOMEN,PROPN,statione,9,nmod
376,Caeciliano,Baebio,legato,Cae,ano,B-PERS:COG,PROPN,Baebio,11,flat:name
376,legato,Caeciliano,Auggustorum,leg,ato,B-TITLE,NOUN,Baebio,11,appos
376,Auggustorum,legato,pro,Aug,rum,I-TITLE,NOUN,legato,13,nmod
376,pro,Auggustorum,praetore,pro,pro,I-TITLE,ADP,praetore,16,case
376,praetore,pro,Tiberius,pra,ore,I-TITLE,NOUN,agens,7,obl
376,Tiberius,praetore,Claudius,Tib,ius,B-PERS:PRAE,PROPN,solvit,26,nsubj
376,Claudius,Tiberius,Aeternalis,Cla,ius,B-PERS:NOMEN,PROPN,Tiberius,17,flat:name
376,Aeternalis,Claudius,beneficiarius,Aet,lis,B-PERS:COG,ADJ,Tiberius,17,appos
376,beneficiarius,Aeternalis,consularis,ben,ius,B-TITLE,NOUN,solvit,26,xcomp
376,consularis,beneficiarius,in,con,ris,I-TITLE,NOUN,beneficiarius,20,amod
376,in,consularis,patria,in,in,O,ADP,patria,23,case
376,patria,in,sua,pat,ria,O,NOUN,solvit,26,obl
376,sua,patria,votum,sua,sua,O,DET,patria,23,det
376,votum,sua,solvit,vot,tum,O,NOUN,solvit,26,obj
376,solvit,votum,libens,sol,vit,O,VERB,solvit,26,ROOT
376,libens,solvit,merito,lib,ens,O,ADJ,solvit,26,advcl:pred
376,merito,libens,duobus,mer,ito,O,VERB,solvit,26,dep
376,duobus,merito,Augustis,duo,bus,O,NUM,Augustis,30,nummod
376,Augustis,duobus,consulibus,Aug,tis,B-TITLE,PROPN,consulibus,31,obl
376,consulibus,Augustis,<END>,con,bus,O,NOUN,solvit,26,advcl:abs
179,Trophimen,<START>,Zosimen,Tro,men,O,PROPN,Trophimen,1,ROOT
179,Zosimen,Trophimen,Chariten,Zos,men,O,PROPN,Trophimen,1,conj
179,Chariten,Zosimen,vindictam,Cha,ten,O,PROPN,Trophimen,1,conj
179,vindictam,Chariten,de,vin,tam,O,NOUN,Trophimen,1,conj
179,de,vindictam,illis,de,de,O,ADP,illis,6,case
179,illis,de,fas,ill,lis,O,DET,fas,7,nmod
179,fas,illis,<END>,fas,fas,O,NOUN,vindictam,4,nmod
27,Depositio,<START>,bonememorii,Dep,tio,O,NOUN,Depositio,1,ROOT
27,bonememorii,Depositio,martyUris,bon,rii,O,ADJ,Depositio,1,nmod
27,martyUris,bonememorii,dei,mar,ris,O,NOUN,bonememorii,2,conj
27,dei,martyUris,Felicis,dei,dei,O,PUNCT,martyUris,3,nmod
27,Felicis,dei,Decembribus,Fel,cis,B-PERS,ADJ,dei,4,amod
27,Decembribus,Felicis,Idibus,Dec,bus,O,ADJ,Idibus,7,amod
27,Idibus,Decembribus,aera,Idi,bus,O,NOUN,Depositio,1,dep
27,aera,Idibus,DCCIIII,aer,era,O,NOUN,Idibus,7,obj
27,DCCIIII,aera,<END>,DCC,III,O,NUM,aera,8,nummod
350,Manibus,<START>,Luci,Man,bus,O,PROPN,Manibus,1,ROOT
350,Luci,Manibus,Abucci,Luc,uci,B-PERS:PRAE,PROPN,Manibus,1,nmod
350,Abucci,Luci,Pothi,Abu,cci,B-PERS:NOMEN,PROPN,Luci,2,flat:name
350,Pothi,Abucci,vernae,Pot,thi,B-PERS:COG,PROPN,Manibus,1,nmod
350,vernae,Pothi,Abucciae,ver,nae,O,ADJ,Pothi,4,appos
350,Abucciae,vernae,Arescusae,Abu,iae,B-PERS:NOMEN,NOUN,Pothi,4,appos
350,Arescusae,Abucciae,libertae,Are,sae,B-PERS:COG,PROPN,Pothi,4,appos
350,libertae,Arescusae,<END>,lib,tae,B-PERS:FILI,NOUN,Pothi,4,appos
500,Iulia,<START>,Apronia,Iul,lia,B-PERS:NOMEN,PROPN,Iulia,1,ROOT
500,Apronia,Iulia,quae,Apr,nia,B-PERS:COG,PROPN,Iulia,1,flat:name
500,quae,Apronia,vixit,qua,uae,O,PRON,vixit,4,nsubj
500,vixit,quae,annos,vix,xit,O,VERB,Iulia,1,acl:relcl
500,annos,vixit,aetatis,ann,nos,O,NOUN,vixit,4,conj
500,aetatis,annos,XXX,aet,tis,O,NOUN,annos,5,nmod
500,XXX,aetatis,et,XXX,XXX,O,NUM,annos,5,nummod
500,et,XXX,in,et,et,O,CCONJ,annos,11,cc
500,in,et,matrimonio,in,in,O,ADP,pace,15,case
500,matrimonio,in,annos,mat,nio,O,NOUN,annos,11,orphan
500,annos,matrimonio,XVI,ann,nos,O,NOUN,vixit,4,conj
500,XVI,annos,dormit,XVI,XVI,O,NUM,annos,11,nummod
500,dormit,XVI,in,dor,mit,O,VERB,vixit,4,conj
500,in,dormit,pace,in,in,O,ADP,pace,15,case
500,pace,in,<END>,pac,ace,O,PUNCT,dormit,13,obl
475,Sornio,<START>,Secundo,Sor,nio,B-PERS:NOMEN,PROPN,dabis,10,obl:arg
475,Secundo,Sornio,centuria,Sec,ndo,B-PERS:COG,ADV,Sornio,1,amod
475,centuria,Secundo,is,cen,ria,O,NOUN,dabis,10,obl
475,is,centuria,aut,is,is,O,PUNCT,dabis,10,nsubj
475,aut,is,Sornio,aut,aut,O,CCONJ,dabis,10,cc
475,Sornio,aut,Firmo,Sor,nio,B-PERS:NOMEN,PROPN,dabis,10,obl:arg
475,Firmo,Sornio,centuria,Fir,rmo,B-PERS:COG,PROPN,Sornio,6,flat:name
475,centuria,Firmo,Proculi,cen,ria,O,NOUN,dabis,10,obl
475,Proculi,centuria,dabis,Pro,uli,O,PROPN,centuria,8,nmod
475,dabis,Proculi,<END>,dab,bis,O,VERB,dabis,10,ROOT
618,Memoria,<START>,Semproni,Mem,ria,O,NOUN,Memoria,1,ROOT
618,Semproni,Memoria,Speranti,Sem,oni,B-PERS:NOMEN,PROPN,Memoria,1,nmod
618,Speranti,Semproni,insanis,Spe,nti,B-PERS:COG,VERB,Semproni,2,amod
618,insanis,Speranti,Pelagius,ins,nis,O,VERB,Memoria,1,amod
618,Pelagius,insanis,etD,Pel,ius,B-PERS,PROPN,insanis,4,nsubj
618,etD,Pelagius,Donatus,etD,etD,O,X,Donatus,7,cc
618,Donatus,etD,provinciae,Don,tus,O,VERB,Pelagius,5,conj
618,provinciae,Donatus,CXXCV,pro,iae,O,NOUN,Pelagius,5,nmod
618,CXXCV,provinciae,<END>,CXX,XCV,O,NUM,provinciae,8,nummod
698,Vivus,<START>,Marcus,Viv,vus,O,ADJ,Marcus,2,advcl:pred
698,Marcus,Vivus,Gellius,Mar,cus,B-PERS:PRAE,PROPN,Marcus,2,ROOT
698,Gellius,Marcus,Marci,Gel,ius,B-PERS:NOMEN,PROPN,Marcus,2,flat:name
698,Marci,Gellius,libertus,Mar,rci,B-PERS:FILI,PROPN,libertus,5,nmod
698,libertus,Marci,Aristo,lib,tus,I-PERS:FILI,NOUN,Marcus,2,appos
698,Aristo,libertus,Dionysia,Ari,sto,B-PERS:COG,PROPN,Marcus,2,obl:arg
698,Dionysia,Aristo,liberta,Dio,sia,B-PERS,ADJ,liberta,8,amod
698,liberta,Dionysia,in,lib,rta,O,NOUN,Marcus,2,appos
698,in,liberta,fronte,in,in,O,ADP,agro,14,case
698,fronte,in,pedes,fro,nte,O,NOUN,liberta,8,nmod
698,pedes,fronte,XVI,ped,des,O,X,Marcus,2,conj
698,XVI,pedes,in,XVI,XVI,O,NUM,pedes,11,nummod
698,in,XVI,agro,in,in,O,ADP,agro,14,case
698,agro,in,pedes,agr,gro,O,NOUN,pedes,11,nmod
698,pedes,agro,XII,ped,des,O,X,Marcus,2,conj
698,XII,pedes,<END>,XII,XII,O,NUM,pedes,15,nummod
51,Lucio,<START>,Publicio,Luc,cio,B-PERS:PRAE,PROPN,Lucio,1,ROOT
51,Publicio,Lucio,Luci,Pub,cio,B-PERS:NOMEN,VERB,Lucio,1,flat:name
51,Luci,Publicio,filio,Luc,uci,B-PERS:FILI,PROPN,filio,4,nmod
51,filio,Luci,Velina,fil,lio,I-PERS:FILI,NOUN,Lucio,1,appos
51,Velina,filio,Consultino,Vel,ina,B-PERS:TRIBE,ADJ,Lucio,1,flat:name
51,Consultino,Velina,equo,Con,ino,B-PERS:COG,NOUN,Lucio,1,conj
51,equo,Consultino,publico,equ,quo,O,NOUN,Lucio,1,conj
51,publico,equo,iudici,pub,ico,O,ADJ,equo,7,amod
51,iudici,publico,selecto,iud,ici,O,NOUN,equo,7,nmod
51,selecto,iudici,decursi,sel,cto,O,VERB,Lucio,1,conj
51,decursi,selecto,quinque,dec,rsi,O,VERB,Lucio,1,nmod
51,quinque,decursi,Procilla,qui,que,O,NUM,decursi,11,nummod
51,Procilla,quinque,mater,Pro,lla,B-PERS,PROPN,Lucio,1,conj
51,mater,Procilla,<END>,mat,ter,O,NOUN,Procilla,13,appos
212,Lucius,<START>,Popeius,Luc,ius,B-PERS:PRAE,PROPN,pedes,9,nsubj
212,Popeius,Lucius,Sexti,Pop,ius,B-PERS:NOMEN,PROPN,Lucius,1,flat:name
212,Sexti,Popeius,filius,Sex,xti,B-PERS:FILI,PROPN,filius,4,nmod
212,filius,Sexti,Voltinia,fil,ius,I-PERS:FILI,NOUN,Lucius,1,appos
212,Voltinia,filius,Babba,Vol,nia,B-PERS:TRIBE,PROPN,Lucius,1,dislocated
212,Babba,Voltinia,in,Bab,bba,B-PERS:COG,PROPN,Voltinia,5,flat:name
212,in,Babba,fronte,in,in,O,ADP,agro,12,case
212,fronte,in,pedes,fro,nte,O,NOUN,Lucius,1,orphan
212,pedes,fronte,XX,ped,des,O,X,pedes,9,acl:relcl
212,XX,pedes,in,XX,XX,O,NUM,pedes,13,nummod
212,in,XX,agro,in,in,O,ADP,agro,12,case
212,agro,in,pedes,agr,gro,O,NOUN,pedes,9,nmod
212,pedes,agro,XX,ped,des,O,X,pedes,9,acl:relcl
212,XX,pedes,<END>,XX,XX,O,NUM,pedes,13,nummod
382,Turpilia,<START>,Cai,Tur,lia,B-PERS:NOMEN,PROPN,curavit,11,nsubj
382,Cai,Turpilia,liberta,Cai,Cai,B-PERS:FILI,PROPN,liberta,3,nmod
382,liberta,Cai,Quarta,lib,rta,I-PERS:FILI,NOUN,Volumnia,5,appos
382,Quarta,liberta,Volumnia,Qua,rta,B-PERS:COG,ADJ,Turpilia,1,conj
382,Volumnia,Quarta,Quinti,Vol,nia,B-PERS:NOMEN,NOUN,Quarta,4,flat:name
382,Quinti,Volumnia,liberta,Qui,nti,B-PERS:FILI,PROPN,liberta,7,nmod
382,liberta,Quinti,Iucunda,lib,rta,I-PERS:FILI,NOUN,Volumnia,5,appos
382,Iucunda,liberta,heres,Iuc,nda,B-PERS:COG,ADJ,curavit,11,nsubj
382,heres,Iucunda,faciendum,her,res,O,NOUN,curavit,11,xcomp
382,faciendum,heres,curavit,fac,dum,O,VERB,curavit,11,ccomp
382,curavit,faciendum,<END>,cur,vit,O,VERB,curavit,11,ROOT
884,Caio,<START>,Valerio,Cai,aio,B-PERS:PRAE,PROPN,Caio,1,ROOT
884,Valerio,Caio,FEronto,Val,rio,B-PERS:NOMEN,PROPN,Caio,1,flat:name
884,FEronto,Valerio,veterano,FEr,nto,B-PERS:COG,PROPN,Caio,1,flat:name
884,veterano,FEronto,legionis,vet,ano,O,ADJ,Caio,1,appos
884,legionis,veterano,II,leg,nis,O,NOUN,veterano,4,nmod
884,II,legionis,Adiutricis,II,II,O,NUM,legionis,5,nummod
884,Adiutricis,II,decurio,Adi,cis,O,ADJ,decurio,8,nmod
884,decurio,Adiutricis,coloniae,dec,rio,B-TITLE,NOUN,Caio,1,appos
884,coloniae,decurio,Aquincensium,col,iae,B-LOC,NOUN,decurio,8,nmod
884,Aquincensium,coloniae,<END>,Aqu,ium,I-LOC,ADJ,coloniae,9,nmod
174,Dis,<START>,Manibus,Dis,Dis,O,NOUN,Manibus,2,case
174,Manibus,Dis,Marco,Man,bus,O,PROPN,ro,7,obl
174,Marco,Manibus,Claudio,Mar,rco,B-PERS:PRAE,PROPN,Manibus,2,conj
174,Claudio,Marco,Euh,Cla,dio,B-PERS:NOMEN,PROPN,Marco,3,flat:name
174,Euh,Claudio,Flaas,Euh,Euh,B-PERS:COG,INTJ,Manibus,2,conj
174,Flaasro,Euh,coniugi,Fla,sro,B-PERS:COG,NOUN,Euh,5,flat:name
174,coniugi,Flaasro,<END>,con,ugi,O,NOUN,ro,7,obl:arg
148,Dis,<START>,Manibus,Dis,Dis,O,NOUN,Manibus,2,case
148,Manibus,Dis,sacrum,Man,bus,O,PROPN,sita,15,dep
148,sacrum,Manibus,Mummia,sac,rum,O,ADJ,Manibus,2,amod
148,Mummia,sacrum,mulieris,Mum,mia,B-PERS:PRAE,NOUN,Manibus,2,flat
148,mulieris,Mummia,liberta,mul,ris,B-PERS:FILI,NOUN,Mummia,4,nmod
148,liberta,mulieris,Fortunata,lib,rta,I-PERS:FILI,NOUN,Mummia,4,appos
148,Fortunata,liberta,Ostipponensis,For,ata,B-PERS:NOMEN,PROPN,Mummia,4,appos
148,Ostipponensis,Fortunata,annorum,Ost,sis,B-PERS:COG,ADJ,Fortunata,7,appos
148,annorum,Ostipponensis,LI,ann,rum,O,NOUN,Mummia,4,nmod
148,LI,annorum,pia,LI,LI,O,NUM,annorum,9,nummod
148,pia,LI,in,pia,pia,O,NOUN,annorum,9,amod
148,in,pia,suis,in,in,O,ADP,suis,13,case
148,suis,in,hic,sui,uis,O,DET,annorum,9,det
148,hic,suis,sita,hic,hic,O,ADV,sita,15,advmod:lmod
148,sita,hic,est,sit,ita,O,ADJ,sita,15,ROOT
148,est,sita,sit,est,est,O,AUX,sita,15,aux:pass
148,sit,est,tibi,sit,sit,O,AUX,sita,15,aux:pass
148,tibi,sit,terra,tib,ibi,O,PRON,sita,15,obl:arg
148,terra,tibi,levis,ter,rra,O,NOUN,sita,15,nsubj:pass
148,levis,terra,<END>,lev,vis,O,ADJ,terra,19,amod
420,Lucio,<START>,Sentio,Luc,cio,B-PERS:PRAE,PROPN,Lucio,1,conj
420,Sentio,Lucio,Inacebilo,Sen,tio,B-PERS:NOMEN,VERB,Lucio,4,flat:name
420,Inacebilo,Sentio,Lucio,Ina,ilo,B-PERS:COG,PROPN,Lucio,1,conj
420,Lucio,Inacebilo,Sentio,Luc,cio,B-PERS:PRAE,PROPN,Lucio,1,conj
420,Sentio,Lucio,Luci,Sen,tio,B-PERS:NOMEN,VERB,Lucio,4,flat:name
420,Luci,Sentio,filio,Luc,uci,B-PERS:FILI,PROPN,filio,7,nmod
420,filio,Luci,Caius,fil,lio,I-PERS:FILI,NOUN,Lucio,4,appos
420,Caius,filio,Sentius,Cai,ius,B-PERS:PRAE,PROPN,Lucio,1,conj
420,Sentius,Caius,Cai,Sen,ius,B-PERS:NOMEN,ADV,Caius,8,flat:name
420,Cai,Sentius,filius,Cai,Cai,B-PERS:FILI,PROPN,filius,11,nmod
420,filius,Cai,vivus,fil,ius,I-PERS:FILI,NOUN,Caius,8,appos
420,vivus,filius,fecit,viv,vus,O,ADJ,fecit,13,xcomp
420,fecit,vivus,in,fec,cit,O,VERB,fecit,13,ROOT
420,in,fecit,quadratura,in,in,O,ADP,quadratura,15,case
420,quadratura,in,pedes,qua,ura,O,NOUN,fecit,13,obl
420,pedes,quadratura,XXV,ped,des,O,X,fecit,13,obj
420,XXV,pedes,<END>,XXV,XXV,O,NUM,pedes,16,nummod
962,Arma,<START>,virumque,Arm,rma,O,NOUN,Arma,1,ROOT
962,virumque,Arma,cano,vir,que,O,NOUN,,-1,
962,cano,virumque,Troiae,can,ano,O,VERB,Arma,1,amod
962,Troiae,cano,qui,Tro,iae,B-LOC,PROPN,cano,4,nmod
962,qui,Troiae,primus,qui,qui,O,PUNCT,venit,15,nsubj
962,primus,qui,ab,pri,mus,O,ADJ,venit,15,advcl:pred
962,ab,primus,oris,ab,ab,O,ADP,oris,9,case
962,oris,ab,Italiam,ori,ris,O,NOUN,fato,11,obl:lmod
962,Italiam,oris,fato,Ita,iam,B-LOC,PROPN,fato,11,obj
962,fato,Italiam,profugus,fat,ato,O,NOUN,primus,7,obl
962,profugus,fato,Lavinaque,pro,gus,O,ADJ,venit,15,xcomp
962,Lavinaque,profugus,venit,Lav,que,B-LOC,PROPN,,-1,
962,venit,Lavinaque,<END>,ven,nit,O,VERB,Arma,1,acl:relcl
149,Memoriae,<START>,Flaviorum,Mem,iae,O,NOUN,Memoriae,1,ROOT
149,Flaviorum,Memoriae,Matroniani,Fla,rum,O,PROPN,Memoriae,1,nmod
149,Matroniani,Flaviorum,Sabinianae,Mat,ani,B-PERS,PROPN,Memoriae,1,amod
149,Sabinianae,Matroniani,Victoriae,Sab,nae,B-PERS,ADJ,Victoriae,5,amod
149,Victoriae,Sabinianae,ceterorumque,Vic,iae,B-PERS,PROPN,Memoriae,1,nmod
149,ceterorumque,Victoriae,filiorum,cet,que,O,DET,,-1,
149,filiorum,ceterorumque,communium,fil,rum,O,NOUN,Victoriae,5,nmod
149,communium,filiorum,qui,com,ium,O,X,filiorum,8,amod
149,qui,communium,miserabili,qui,qui,O,PUNCT,erepti,22,nsubj:pass
149,miserabili,qui,casu,mis,ili,O,ADJ,casu,12,amod
149,casu,miserabili,saeviente,cas,asu,O,NOUN,saeviente,13,nsubj
149,saeviente,casu,fortuna,sae,nte,O,VERB,adfectibus,19,advcl:abs
149,fortuna,saeviente,in,for,una,O,NOUN,saeviente,13,nsubj
149,in,fortuna,ipso,in,in,O,ADP,flore,17,case
149,ipso,in,flore,ips,pso,O,DET,flore,17,det
149,flore,ipso,vivendi,flo,ore,O,NOUN,adfectibus,19,obl
149,vivendi,flore,adfectibus,viv,ndi,O,VERB,flore,17,acl
149,adfectibus,vivendi,suis,adf,bus,O,NOUN,erepti,22,advcl:abs
149,suis,adfectibus,violenter,sui,uis,O,DET,adfectibus,19,nsubj
149,violenter,suis,erepti,vio,ter,O,ADV,erepti,22,advmod
149,erepti,violenter,sunt,ere,pti,O,VERB,Memoriae,1,acl:relcl
149,sunt,erepti,post,sun,unt,O,PUNCT,erepti,22,aux:pass
149,post,sunt,quorum,pos,ost,O,ADV,luctum,28,case
149,quorum,post,tam,quo,rum,O,PRON,luctum,28,nmod
149,tam,quorum,acerbissimum,tam,tam,O,ADV,acerbissimum,27,advmod
149,acerbissimum,tam,luctum,ace,mum,O,ADJ,luctum,28,amod
149,luctum,acerbissimum,ne,luc,tum,O,NOUN,subiectus,38,obl
149,ne,luctum,iterato,ne,ne,O,PART,perpessus,32,mark
149,iterato,ne,eadem,ite,ato,O,VERB,perpessus,32,advmod
149,eadem,iterato,perpessus,ead,dem,O,DET,perpessus,32,obj
149,perpessus,eadem,revolutus,per,sus,O,VERB,subiectus,38,advcl
149,revolutus,perpessus,ad,rev,tus,O,VERB,subiectus,38,advcl:pred
149,ad,revolutus,lacrimas,ad,ad,O,ADP,solacium,48,case
149,lacrimas,ad,cruentae,lac,mas,O,NOUN,revolutus,33,obl
149,cruentae,lacrimas,fortunae,cru,tae,O,ADJ,fortunae,37,amod
149,fortunae,cruentae,subiectus,for,nae,O,NOUN,subiectus,38,obl:arg
149,subiectus,fortunae,esset,sub,tus,O,VERB,erepti,22,conj
149,esset,subiectus,liberorum,ess,set,O,AUX,subiectus,38,aux:pass
149,liberorum,esset,prolem,lib,rum,O,NOUN,prolem,41,nmod
149,prolem,liberorum,suscipere,pro,lem,O,NOUN,suscipere,42,obj
149,suscipere,prolem,exsecratus,sus,ere,O,VERB,exsecratus,43,ccomp
149,exsecratus,suscipere,est,exs,tus,O,VERB,erepti,22,conj
149,est,exsecratus,ad,est,est,O,AUX,exsecratus,43,aux:pass
149,ad,est,unicum,ad,ad,O,ADP,solacium,48,case
149,unicum,ad,infortuniorumN,uni,cum,O,ADJ,solacium,48,amod
149,infortuniorumN,unicum,solacium,inf,umN,O,NOUN,unicum,46,nmod
149,solacium,infortuniorumN,et,sol,ium,O,NOUN,exsecratus,43,obl
149,et,solacium,aeternam,et,et,O,CCONJ,N,63,cc
149,aeternam,et,memoriam,aet,nam,O,ADJ,memoriam,51,amod
149,memoriam,aeternam,Flavius,mem,iam,O,NOUN,solacium,48,conj
149,Flavius,memoriam,Victor,Fla,ius,B-PERS:NOMEN,PROPN,solacium,48,dislocated
149,Victor,Flavius,Fo,Vic,tor,B-PERS:COG,PROPN,Flavius,52,flat:name
149,Fo,Victor,sibi,Fo,Fo,O,NOUN,solacium,48,conj
149,sibi,Fo,et,sib,ibi,O,PRON,Fo,54,obl:arg
149,et,sibi,uxori,et,et,O,CCONJ,N,63,cc
149,uxori,et,et,uxo,ori,O,NOUN,sibi,55,conj
149,et,uxori,filiis,et,et,O,CCONJ,N,63,cc
149,filiis,et,et,fil,iis,O,NOUN,sibi,55,conj
149,et,filiis,ae,et,et,O,CCONJ,N,63,cc
149,ae,et,Speni,ae,ae,O,CCONJ,N,63,discourse
149,Speni,ae,N,Spe,eni,O,PROPN,ae,61,nmod
149,N,Speni,<END>,N,N,O,PUNCT,sibi,55,conj
976,Dabis,<START>,Sunio,Dab,bis,B-PERS:PRAE,VERB,Dabis,1,ROOT
976,Sunio,Dabis,Patruino,Sun,nio,B-PERS:NOMEN,VERB,Dabis,1,flat:name
976,Patruino,Sunio,centuria,Pat,ino,B-PERS:COG,PROPN,Sunio,2,flat:name
976,centuria,Patruino,Macri,cen,ria,O,NOUN,Dabis,1,appos
976,Macri,centuria,Cornelius,Mac,cri,B-PERS:PRAE,PROPN,centuria,4,nmod
976,Cornelius,Macri,Serenus,Cor,ius,B-PERS:NOMEN,PROPN,Dabis,1,dep
976,Serenus,Cornelius,suus,Ser,nus,B-PERS:COG,PROPN,Cornelius,6,appos
976,suus,Serenus,<END>,suu,uus,O,DET,Serenus,7,det
80,Dis,<START>,Manibus,Dis,Dis,O,NOUN,Manibus,2,case
80,Manibus,Dis,Aurelia,Man,bus,O,PROPN,posuit,19,obl
80,Aurelia,Manibus,Crescentia,Aur,lia,B-PERS:NOMEN,ADJ,posuit,19,nsubj
80,Crescentia,Aurelia,soror,Cre,tia,B-PERS:COG,NOUN,Aurelia,3,appos
80,soror,Crescentia,Aurelio,sor,ror,O,NOUN,Crescentia,4,appos
80,Aurelio,soror,Crescenti,Aur,lio,B-PERS:NOMEN,PROPN,Aurelia,3,appos
80,Crescenti,Aurelio,fratri,Cre,nti,B-PERS:COG,PROPN,Aurelio,6,nmod
80,fratri,Crescenti,dulcissimo,fra,tri,O,NOUN,Aurelio,6,appos
80,dulcissimo,fratri,qui,dul,imo,O,ADJ,fratri,8,amod
80,qui,dulcissimo,vixit,qui,qui,O,PUNCT,vixit,11,nsubj
80,vixit,qui,annis,vix,xit,O,VERB,Aurelia,3,acl:relcl
80,annis,vixit,plus,ann,nis,O,NOUN,vixit,11,obl
80,plus,annis,minus,plu,lus,O,ADV,minus,14,advmod
80,minus,plus,XL,min,nus,O,ADV,posuit,19,advmod
80,XL,minus,bene,XL,XL,O,NUM,posuit,19,obl
80,bene,XL,merenti,ben,ene,O,ADV,merenti,17,advmod
80,merenti,bene,titulum,mer,nti,O,ADJ,titulum,18,acl
80,titulum,merenti,posuit,tit,lum,O,NOUN,posuit,19,obj
80,posuit,titulum,<END>,pos,uit,O,VERB,posuit,19,ROOT
776,In,<START>,honorem,In,In,O,ADP,honorem,2,case
776,honorem,In,domus,hon,rem,O,NOUN,restituit,21,obl
776,domus,honorem,divinae,dom,mus,O,NOUN,honorem,2,nmod
776,divinae,domus,deo,div,nae,O,ADJ,domus,3,amod
776,deo,divinae,Silvano,deo,deo,O,NOUN,honorem,2,obl
776,Silvano,deo,templum,Sil,ano,B-PERS,PROPN,deo,5,amod
776,templum,Silvano,cum,tem,lum,O,NOUN,restituit,21,obj
776,cum,templum,signo,cum,cum,O,ADP,signo,9,case
776,signo,cum,vetustate,sig,gno,O,NOUN,conlapsum,11,obl
776,vetustate,signo,conlapsum,vet,ate,O,NOUN,signo,9,conj
776,conlapsum,vetustate,Sextus,con,sum,O,VERB,templum,7,acl
776,Sextus,conlapsum,Attonius,Sex,tus,B-PERS:PRAE,PROPN,restituit,21,nsubj
776,Attonius,Sextus,Privatus,Att,ius,B-PERS:NOMEN,PROPN,Sextus,12,flat:name
776,Privatus,Attonius,cives,Pri,tus,B-PERS:COG,ADJ,cives,15,amod
776,cives,Privatus,Trever,civ,ves,O,NOUN,Sextus,12,appos
776,Trever,cives,IIIIIIvir,Tre,ver,O,PROPN,restituit,21,nsubj
776,IIIIIIvir,Trever,Augustalis,III,vir,O,NUM,Trever,16,flat
776,Augustalis,IIIIIIvir,pecunia,Aug,lis,O,ADJ,Trever,16,amod
776,pecunia,Augustalis,sua,pec,nia,O,NOUN,restituit,21,obl:arg
776,sua,pecunia,restituit,sua,sua,O,DET,pecunia,19,det
776,restituit,sua,<END>,res,uit,O,VERB,restituit,21,ROOT
303,Quintus,<START>,Atilius,Qui,tus,B-PERS:PRAE,PROPN,Quintus,1,ROOT
303,Atilius,Quintus,Cuami,Ati,ius,B-PERS:NOMEN,PROPN,Quintus,1,flat:name
303,Cuami,Atilius,Caius,Cua,ami,B-PERS:COG,NOUN,Quintus,1,nmod
303,Caius,Cuami,Rotamus,Cai,ius,B-PERS:PRAE,PROPN,Quintus,1,conj
303,Rotamus,Caius,Tritei,Rot,mus,B-PERS:NOMEN,VERB,Caius,4,flat:name
303,Tritei,Rotamus,votum,Tri,tei,B-PERS:COG,PROPN,Quintus,1,conj
303,votum,Tritei,merito,vot,tum,O,NOUN,merito,8,obl
303,merito,votum,<END>,mer,ito,O,VERB,Tritei,6,acl
996,Marcus,<START>,Marius,Mar,cus,B-PERS:PRAE,PROPN,Marcus,1,ROOT
996,Marius,Marcus,Pamfilus,Mar,ius,B-PERS:NOMEN,PROPN,Marcus,1,flat:name
996,Pamfilus,Marius,et,Pam,lus,B-PERS:COG,PROPN,Marcus,1,nsubj
996,et,Pamfilus,Titus,et,et,O,CCONJ,Titus,5,cc
996,Titus,et,Flavius,Tit,tus,B-PERS:PRAE,PROPN,Marcus,1,conj
996,Flavius,Titus,Didimus,Fla,ius,B-PERS:NOMEN,PROPN,Titus,5,flat:name
996,Didimus,Flavius,Marco,Did,mus,B-PERS:COG,VERB,Titus,5,flat:name
996,Marco,Didimus,Horatio,Mar,rco,B-PERS:PRAE,PROPN,Marcus,1,dislocated
996,Horatio,Marco,Numisiano,Hor,tio,B-PERS:NOMEN,PROPN,Marco,8,flat:name
996,Numisiano,Horatio,militi,Num,ano,B-PERS:COG,PROPN,Marco,8,flat:name
996,militi,Numisiano,cohortis,mil,iti,O,NOUN,Marco,8,appos
996,cohortis,militi,II,coh,tis,O,NOUN,Marco,8,nmod
996,II,cohortis,Lusitanorum,II,II,O,NUM,cohortis,12,nummod
996,Lusitanorum,II,tironi,Lus,rum,O,PROPN,tironi,15,nmod
996,tironi,Lusitanorum,Marco,tir,oni,O,NOUN,Marco,8,appos
996,Marco,tironi,Mario,Mar,rco,B-PERS:PRAE,PROPN,Marcus,1,dislocated
996,Mario,Marco,Cutilio,Mar,rio,B-PERS:NOMEN,PROPN,Marco,16,flat:name
996,Cutilio,Mario,sumus,Cut,lio,B-PERS:COG,PROPN,Marco,16,flat:name
996,sumus,Cutilio,hic,sum,mus,O,AUX,Marcus,1,cop
996,hic,sumus,ad,hic,hic,O,ADV,Marcus,1,appos
996,ad,hic,Mariolus,ad,ad,O,ADP,Mariolus,22,case
996,Mariolus,ad,Lepti,Mar,lus,B-LOC,PROPN,hic,20,orphan
996,Lepti,Mariolus,Minus,Lep,pti,B-LOC,NOUN,Mariolus,22,nmod
996,Minus,Lepti,anno,Min,nus,I-LOC,ADV,Marcus,1,conj
996,anno,Minus,XII,ann,nno,O,NOUN,Marcus,1,obl
996,XII,anno,Nerva,XII,XII,O,NUM,anno,25,nummod
996,Nerva,XII,Traiano,Ner,rva,B-PERS:NOMEN,PROPN,Marcus,1,conj
996,Traiano,Nerva,Augusto,Tra,ano,B-PERS:COG,PROPN,Nerva,27,flat:name
996,Augusto,Traiano,Germanico,Aug,sto,B-PERS:TITLE,PROPN,Marcus,1,conj
996,Germanico,Augusto,Dacico,Ger,ico,B-PERS:AG,PROPN,Augusto,29,flat:name
996,Dacico,Germanico,<END>,Dac,ico,B-PERS:AG,ADJ,Germanico,30,flat
526,Iovi,<START>,Optimo,Iov,ovi,O,PROPN,solvit,8,obl:arg
526,Optimo,Iovi,Maximo,Opt,imo,O,ADJ,Iovi,1,amod
526,Maximo,Optimo,I,Max,imo,O,PROPN,Iovi,1,conj
526,I,Maximo,Elpidius,I,I,O,NUM,Iovi,1,conj
526,Elpidius,I,Euelpistus,Elp,ius,B-PERS:NOMEN,PROPN,Euelpistus,6,amod
526,Euelpistus,Elpidius,votum,Eue,tus,B-PERS:COG,PROPN,solvit,8,nsubj
526,votum,Euelpistus,solvit,vot,tum,O,NOUN,solvit,8,obj
526,solvit,votum,<END>,sol,vit,O,VERB,solvit,8,ROOT
775,sedit,<START>,annos,sed,dit,O,VERB,sedit,1,ROOT
775,annos,sedit,XVIII,ann,nos,O,NOUN,sedit,1,obj
775,XVIII,annos,depositus,XVI,III,O,NUM,annos,2,nummod
775,depositus,XVIII,Kalendas,dep,tus,O,VERB,sedit,1,advcl
775,Kalendas,depositus,Iu,Kal,das,O,NOUN,depositus,4,obl:tmod
775,Iu,Kalendas,<END>,Iu,Iu,O,CCONJ,Kalendas,5,amod
232,Imperatori,<START>,Caesari,Imp,ori,B-PERS:TITLE,NOUN,Caesari,2,nmod
232,Caesari,Imperatori,Marco,Cae,ari,B-PERS:TITLE,PROPN,Caesari,2,ROOT
232,Marco,Caesari,Aurelio,Mar,rco,B-PERS:PRAE,PROPN,Caesari,2,dep
232,Aurelio,Marco,Valerio,Aur,lio,B-PERS:NOMEN,PROPN,Marco,3,flat:name
232,Valerio,Aurelio,Maximiano,Val,rio,B-PERS:COG,PROPN,Marco,3,flat:name
232,Maximiano,Valerio,Invicto,Max,ano,B-PERS:AG,PROPN,Caesari,2,appos
232,Invicto,Maximiano,Pio,Inv,cto,B-PERS:AG,ADJ,Maximiano,6,conj
232,Pio,Invicto,Felici,Pio,Pio,B-PERS:AG,PROPN,Invicto,7,flat
232,Felici,Pio,Augusto,Fel,ici,B-PERS:AG,PROPN,Pio,8,nmod
232,Augusto,Felici,ETPR,Aug,sto,B-PERS:TITLE,PROPN,Invicto,7,conj
232,ETPR,Augusto,flamen,ETP,TPR,O,NOUN,Maximiano,6,dep
232,flamen,ETPR,perpetuus,fla,men,O,NOUN,Maximiano,6,dep
232,perpetuus,flamen,N,per,uus,O,ADJ,Maximiano,6,dep
232,N,perpetuus,<END>,N,N,O,PUNCT,Maximiano,6,nmod
626,Dis,<START>,Manibus,Dis,Dis,O,NOUN,Manibus,2,case
626,Manibus,Dis,Luxsiliae,Man,bus,O,PROPN,Manibus,2,ROOT
626,Luxsiliae,Manibus,Statiae,Lux,iae,B-PERS:NOMEN,PROPN,Manibus,2,conj
626,Statiae,Luxsiliae,libertae,Sta,iae,B-PERS:FILI,PROPN,Manibus,2,conj
626,libertae,Statiae,Chrusidis,lib,tae,I-PERS:FILI,NOUN,Statiae,4,appos
626,Chrusidis,libertae,Luxsilia,Chr,dis,B-PERS:COG,PROPN,libertae,5,nmod
626,Luxsilia,Chrusidis,Olympias,Lux,lia,B-PERS:NOMEN,PROPN,Statiae,4,conj
626,Olympias,Luxsilia,matri,Oly,ias,B-PERS:COG,PROPN,Statiae,4,conj
626,matri,Olympias,bene,mat,tri,O,NOUN,Statiae,4,dep
626,bene,matri,merenti,ben,ene,O,ADV,merenti,11,advmod
626,merenti,bene,<END>,mer,nti,O,ADJ,matri,9,amod
801,Quintus,<START>,Caecilius,Qui,tus,B-PERS:PRAE,PROPN,Quintus,1,ROOT
801,Caecilius,Quintus,Quinti,Cae,ius,B-PERS:NOMEN,PROPN,Quintus,1,flat:name
801,Quinti,Caecilius,libertus,Qui,nti,B-PERS:FILI,PROPN,libertus,4,nmod
801,libertus,Quinti,Eumanius,lib,tus,I-PERS:FILI,NOUN,Eumanius,5,appos
801,Eumanius,libertus,Cnaeus,Eum,ius,B-PERS:COG,PROPN,Quintus,1,conj
801,Cnaeus,Eumanius,Domitius,Cna,eus,B-PERS:PRAE,PROPN,Eumanius,5,conj
801,Domitius,Cnaeus,Cnaei,Dom,ius,B-PERS:NOMEN,PROPN,Eumanius,5,conj
801,Cnaei,Domitius,libertus,Cna,aei,B-PERS:FILI,PROPN,libertus,9,nmod
801,libertus,Cnaei,Eros,lib,tus,I-PERS:FILI,NOUN,Eumanius,5,appos
801,Eros,libertus,Augustales,Ero,ros,B-PERS:COG,PROPN,Quintus,1,flat:name
801,Augustales,Eros,ex,Aug,les,B-TITLE,ADJ,Quintus,1,appos
801,ex,Augustales,h,ex,ex,O,ADP,h,13,case
801,h,ex,p,h,h,O,X,Eumanius,5,obl
801,p,h,<END>,p,p,O,PUNCT,h,13,nmod
562,Sextus,<START>,Pompeius,Sex,tus,B-PERS:NOMEN,PROPN,ABADEC,6,nsubj
562,Pompeius,Sextus,Lucius,Pom,ius,B-PERS:COG,PROPN,Sextus,1,flat:name
562,Lucius,Pompeius,Cornificius,Luc,ius,B-PERS:PRAE,PROPN,ACC,7,dislocated
562,Cornificius,Lucius,consules,Cor,ius,B-PERS:NOMEN,PROPN,Lucius,3,flat:name
562,consules,Cornificius,ABADEC,con,les,B-TITLE,NOUN,Sextus,1,conj
562,ABADEC,consules,ACC,ABA,DEC,O,X,ACC,7,nsubj
562,ACC,ABADEC,A,ACC,ACC,O,PUNCT,ACC,7,ROOT
562,A,ACC,Lucius,A,A,O,ADP,ACC,7,dep
562,Lucius,A,Annius,Luc,ius,B-PERS:PRAE,PROPN,ACC,7,dislocated
562,Annius,Lucius,Luci,Ann,ius,B-PERS:NOMEN,PROPN,Lucius,9,flat:name
562,Luci,Annius,filius,Luc,uci,B-PERS:FILI,PROPN,libertus,21,nmod
562,filius,Luci,Hedonus,fil,ius,I-PERS:FILI,NOUN,Lucius,9,appos
562,Hedonus,filius,Marcus,Hed,nus,B-PERS:COG,PROPN,filius,12,nmod
562,Marcus,Hedonus,Antonius,Mar,cus,B-PERS:PRAE,PROPN,Amphilus,22,conj
562,Antonius,Marcus,Marci,Ant,ius,B-PERS:NOMEN,PROPN,Marcus,14,flat:name
562,Marci,Antonius,libertus,Mar,rci,B-PERS:FILI,PROPN,libertus,17,nmod
562,libertus,Marci,Pelops,lib,tus,I-PERS:FILI,NOUN,Aulus,34,appos
562,Pelops,libertus,a,Pel,ops,B-PERS:COG,PROPN,Marcus,14,flat:name
562,a,Pelops,Luci,a,a,O,ADP,libertus,21,case
562,Luci,a,libertus,Luc,uci,B-PERS:FILI,PROPN,libertus,21,nmod
562,libertus,Luci,Amphilus,lib,tus,I-PERS:FILI,NOUN,Aulus,34,appos
562,Amphilus,libertus,Menous,Amp,lus,I-PERS,PROPN,Lucius,9,conj
562,Menous,Amphilus,Antiochus,Men,ous,B-PERS:NOMEN,PROPN,Amphilus,22,flat:name
562,Antiochus,Menous,Marcus,Ant,hus,B-PERS:COG,PROPN,Amphilus,22,conj
562,Marcus,Antiochus,Epaphroditus,Mar,cus,B-PERS:NOMEN,PROPN,Amphilus,22,conj
562,Epaphroditus,Marcus,Decimus,Epa,tus,B-PERS:COG,PROPN,Marcus,25,flat:name
562,Decimus,Epaphroditus,Anisius,Dec,mus,B-PERS:PRAE,ADJ,Lucius,9,conj
562,Anisius,Decimus,Diogenes,Ani,ius,B-PERS:NOMEN,PROPN,Decimus,27,flat:name
562,Diogenes,Anisius,Decimus,Dio,nes,B-PERS:COG,PROPN,Lucius,9,conj
562,Decimus,Diogenes,Decimi,Dec,mus,B-PERS:NOMEN,ADJ,Lucius,9,conj
562,Decimi,Decimus,libertus,Dec,imi,B-PERS:FILI,PROPN,libertus,32,nmod
562,libertus,Decimi,Damas,lib,tus,I-PERS:FILI,NOUN,Aulus,34,appos
562,Damas,libertus,Aulus,Dam,mas,B-PERS:COG,PROPN,Decimus,30,conj
562,Aulus,Damas,Aemilius,Aul,lus,B-PERS:PRAE,PROPN,Decimus,30,conj
562,Aemilius,Aulus,Auli,Aem,ius,B-PERS:NOMEN,PROPN,Aulus,34,flat:name
562,Auli,Aemilius,libertus,Aul,uli,B-PERS:FILI,PROPN,libertus,37,nmod
562,libertus,Auli,Philippus,lib,tus,I-PERS:FILI,NOUN,Aulus,34,appos
562,Philippus,libertus,<END>,Phi,pus,B-PERS:COG,PROPN,Decimus,30,conj
510,Sextuleia,<START>,Felicula,Sex,eia,B-PERS:NOMEN,PROPN,Felicula,2,amod
510,Felicula,Sextuleia,sibi,Fel,ula,B-PERS:COG,PROPN,Felicula,2,ROOT
510,sibi,Felicula,et,sib,ibi,O,PRON,Felicula,2,obl:arg
510,et,sibi,Tito,et,et,O,CCONJ,Sextulaeiae,9,cc
510,Tito,et,Orbio,Tit,ito,B-PERS:PRAE,PROPN,sibi,3,conj
510,Orbio,Tito,Tertio,Orb,bio,B-PERS:NOMEN,PROPN,Tito,5,flat:name
510,Tertio,Orbio,et,Ter,tio,B-PERS:COG,ADV,Tito,5,amod
510,et,Tertio,Sextulaeiae,et,et,O,CCONJ,Sextulaeiae,9,cc
510,Sextulaeiae,et,Psyche,Sex,iae,B-PERS:NOMEN,PROPN,sibi,3,conj
510,Psyche,Sextulaeiae,<END>,Psy,che,B-PERS:COG,PROPN,Sextulaeiae,9,flat
841,Dis,<START>,Manibus,Dis,Dis,O,NOUN,Manibus,2,case
841,Manibus,Dis,Fabia,Man,bus,O,PROPN,iussit,10,obl
841,Fabia,Manibus,Luci,Fab,bia,B-PERS:NOMEN,PROPN,iussit,10,nsubj
841,Luci,Fabia,filia,Luc,uci,B-PERS:FILI,PROPN,filia,5,nmod
841,filia,Luci,Marcella,fil,lia,I-PERS:FILI,NOUN,Fabia,3,appos
841,Marcella,filia,sibi,Mar,lla,B-PERS:COG,PROPN,Fabia,3,appos
841,sibi,Marcella,testamento,sib,ibi,O,PRON,iussit,10,obl
841,testamento,sibi,fieri,tes,nto,O,NOUN,fieri,9,obl
841,fieri,testamento,iussit,fie,eri,O,VERB,iussit,10,ccomp
841,iussit,fieri,<END>,ius,sit,O,VERB,iussit,10,ROOT
495,Insignis,<START>,patientiae,Ins,nis,O,ADJ,Insignis,1,ROOT
495,patientiae,Insignis,et,pat,iae,O,NOUN,Insignis,1,nmod
495,et,patientiae,admirabilis,et,et,O,CCONJ,Licinio,28,cc
495,admirabilis,et,integritatis,adm,lis,O,ADJ,integritatis,5,amod
495,integritatis,admirabilis,ac,int,tis,O,NOUN,patientiae,2,conj
495,ac,integritatis,summarum,ac,ac,O,CCONJ,virtutum,8,cc
495,summarum,ac,virtutum,sum,rum,O,NOUN,virtutum,8,amod
495,virtutum,summarum,viro,vir,tum,O,NOUN,patientiae,2,conj
495,viro,virtutum,Marco,vir,iro,O,NOUN,praetore,17,obl
495,Marco,viro,Aurelio,Mar,rco,B-PERS:PRAE,PROPN,viro,9,flat
495,Aurelio,Marco,Cominio,Aur,lio,B-PERS:NOMEN,PROPN,Marco,10,flat:name
495,Cominio,Aurelio,Cassiano,Com,nio,B-PERS:COG,PROPN,viro,9,flat
495,Cassiano,Cominio,legato,Cas,ano,B-PERS:AG,ADJ,viro,9,appos
495,legato,Cassiano,Auggustorum,leg,ato,B-TITLE,NOUN,viro,9,appos
495,Auggustorum,legato,pro,Aug,rum,I-TITLE,NOUN,legato,14,nmod
495,pro,Auggustorum,praetore,pro,pro,I-TITLE,ADP,praetore,17,case
495,praetore,pro,clarissimo,pra,ore,I-TITLE,NOUN,curantibus,23,obl
495,clarissimo,praetore,viro,cla,imo,O,ADJ,viro,19,amod
495,viro,clarissimo,praesidi,vir,iro,O,NOUN,praetore,17,obl
495,praesidi,viro,beneficiarii,pra,idi,O,NOUN,praetore,17,nmod
495,beneficiarii,praesidi,eius,ben,rii,O,NOUN,praetore,17,conj
495,eius,beneficiarii,curantibus,eiu,ius,O,ADV,beneficiarii,21,det
495,curantibus,eius,Caecilio,cur,bus,O,VERB,Insignis,1,advcl
495,Caecilio,curantibus,Belliciano,Cae,lio,B-PERS,PROPN,curantibus,23,nsubj
495,Belliciano,Caecilio,quaestore,Bel,ano,I-PERS,PROPN,Caecilio,24,flat:name
495,quaestore,Belliciano,et,qua,ore,B-TITLE,NOUN,Caecilio,24,appos
495,et,quaestore,Licinio,et,et,O,CCONJ,Licinio,28,cc
495,Licinio,et,Fortunato,Lic,nio,B-PERS:NOMEN,PROPN,Caecilio,24,conj
495,Fortunato,Licinio,beneficiario,For,ato,B-PERS:COG,PROPN,Licinio,28,flat:name
495,beneficiario,Fortunato,<END>,ben,rio,O,NOUN,Licinio,28,appos
120,Dis,<START>,Manibus,Dis,Dis,O,NOUN,Manibus,2,case
120,Manibus,Dis,Tiberio,Man,bus,O,PROPN,vixit,10,obl
120,Tiberio,Manibus,Claudio,Tib,rio,B-PERS:PRAE,PROPN,Manibus,2,flat:name
120,Claudio,Tiberio,Neronis,Cla,dio,B-PERS:NOMEN,PROPN,Tiberio,3,flat:name
120,Neronis,Claudio,Augusti,Ner,nis,B-PERS:COG,PROPN,Tiberio,3,flat:name
120,Augusti,Neronis,liberto,Aug,sti,B-PERS:FILI,PROPN,liberto,7,nmod
120,liberto,Augusti,Hicelo,lib,rto,I-PERS:FILI,NOUN,Tiberio,3,appos
120,Hicelo,liberto,cubiculario,Hic,elo,O,PROPN,cubiculario,9,nsubj
120,cubiculario,Hicelo,vixit,cub,rio,B-TITLE,NOUN,vixit,10,advcl:abs
120,vixit,cubiculario,annos,vix,xit,O,VERB,vixit,10,ROOT
120,annos,vixit,XXXX,ann,nos,O,NOUN,vixit,10,obl:tmod
120,XXXX,annos,<END>,XXX,XXX,O,NUM,annos,11,nummod
478,Restituta,<START>,Satulla,Res,uta,B-PERS:NOMEN,VERB,Restituta,1,ROOT
478,Satulla,Restituta,et,Sat,lla,B-PERS:COG,PROPN,Restituta,1,nsubj
478,et,Satulla,Deusdedit,et,et,O,CCONJ,Deusdedit,4,cc
478,Deusdedit,et,fideles,Deu,dit,B-PERS,PROPN,Satulla,2,conj
478,fideles,Deusdedit,in,fid,les,O,NOUN,Restituta,1,advcl:pred
478,in,fideles,pace,in,in,O,ADP,pace,7,case
478,pace,in,<END>,pac,ace,O,PUNCT,fideles,5,nmod
145,Otacilia,<START>,Marci,Ota,lia,B-PERS:NOMEN,PROPN,Otacilia,1,ROOT
145,Marci,Otacilia,filia,Mar,rci,B-PERS:FILI,PROPN,filia,3,nmod
145,filia,Marci,Secundilla,fil,lia,I-PERS:FILI,NOUN,Otacilia,1,appos
145,Secundilla,filia,amphitheatrum,Sec,lla,B-PERS:COG,ADJ,Otacilia,1,conj
145,amphitheatrum,Secundilla,<END>,amp,rum,O,NOUN,Secundilla,4,nmod
30,Venerabili,<START>,ac,Ven,ili,O,ADJ,exempli,4,amod
30,ac,Venerabili,rari,ac,ac,O,CCONJ,rari,3,cc
30,rari,ac,exempli,rar,ari,O,ADJ,Venerabili,1,conj
30,exempli,rari,feminae,exe,pli,O,NOUN,fecit,10,obl
30,feminae,exempli,pudiUcissimae,fem,nae,O,NOUN,exempli,4,nmod
30,pudiUcissimae,feminae,coniugi,pud,mae,O,ADJ,coniugi,7,amod
30,coniugi,pudiUcissimae,dulcissimae,con,ugi,O,NOUN,feminae,5,conj
30,dulcissimae,coniugi,Alexander,dul,mae,O,ADJ,coniugi,7,amod
30,Alexander,dulcissimae,fecit,Ale,der,B-PERS:NOMEN,PROPN,fecit,10,nsubj
30,fecit,Alexander,quae,fec,cit,O,VERB,fecit,10,ROOT
30,quae,fecit,numquam,qua,uae,O,PRON,vixit,24,nsubj
30,numquam,quae,mecum,num,uam,O,ADV,mecum,13,advmod
30,mecum,numquam,discordia,mec,cum,O,PRON,pace,22,parataxis
30,discordia,mecum,qua,dis,dia,O,NOUN,mecum,13,orphan
30,qua,discordia,fidelis,qua,qua,O,PRON,potuit,18,advmod:lmod
30,fidelis,qua,habere,fid,lis,O,ADJ,habere,17,xcomp
30,habere,fidelis,potuit,hab,ere,O,VERB,potuit,18,xcomp
30,potuit,habere,bene,pot,uit,O,VERB,discordia,14,acl:relcl
30,bene,potuit,merenti,ben,ene,O,ADV,merenti,20,advmod
30,merenti,bene,in,mer,nti,O,ADJ,discordia,14,amod
30,in,merenti,pace,in,in,O,ADP,pace,22,case
30,pace,in,quae,pac,ace,O,PUNCT,quae,11,orphan
30,quae,pace,vixit,qua,uae,O,PRON,vixit,24,nsubj
30,vixit,quae,annos,vix,xit,O,VERB,pace,22,acl:relcl
30,annos,vixit,XXVII,ann,nos,O,NOUN,deposita,32,obl
30,XXVII,annos,et,XXV,VII,O,NUM,annos,25,nummod
30,et,XXVII,menses,et,et,O,CCONJ,Iovini,38,cc
30,menses,et,plus,men,ses,O,NOUN,annos,25,conj
30,plus,menses,minus,plu,lus,O,ADV,minus,30,advmod
30,minus,plus,VIII,min,nus,O,ADV,menses,28,advmod
30,VIII,minus,deposita,VII,III,O,NUM,minus,30,obl:arg
30,deposita,VIII,Nonis,dep,ita,O,VERB,pace,22,conj
30,Nonis,deposita,Septembribus,Non,nis,O,NOUN,conssulatu,35,nmod
30,Septembribus,Nonis,conssulatu,Sep,bus,O,ADJ,Nonis,33,amod
30,conssulatu,Septembribus,Lupicini,con,atu,O,NOUN,pace,22,appos
30,Lupicini,conssulatu,et,Lup,ini,B-PERS,PROPN,conssulatu,35,nmod
30,et,Lupicini,Iovini,et,et,O,CCONJ,Iovini,38,cc
30,Iovini,et,<END>,Iov,ini,B-PERS,PROPN,Lupicini,36,conj
911,Dis,<START>,Manibus,Dis,Dis,O,NOUN,Manibus,2,case
911,Manibus,Dis,sacrum,Man,bus,O,PROPN,decrevit,23,obl
911,sacrum,Manibus,Quinto,sac,rum,O,ADJ,Manibus,2,amod
911,Quinto,sacrum,Annio,Qui,nto,B-PERS:PRAE,ADV,decrevit,23,obl:arg
911,Annio,Quinto,Ianuario,Ann,nio,B-PERS:NOMEN,PROPN,Quinto,4,flat:name
911,Ianuario,Annio,exactori,Ian,rio,B-PERS:COG,ADJ,Annio,5,amod
911,exactori,Ianuario,operum,exa,ori,O,NOUN,Quinto,4,appos
911,operum,exactori,publicorum,ope,rum,O,NOUN,exactori,7,nmod
911,publicorum,operum,et,pub,rum,O,NOUN,operum,8,amod
911,et,publicorum,theatri,et,et,O,CCONJ,theatri,11,cc
911,theatri,et,a,the,tri,O,NOUN,operum,8,conj
911,a,theatri,fundamentis,a,a,O,ADP,fundamentis,13,case
911,fundamentis,a,huic,fun,tis,O,NOUN,decrevit,23,obl
911,huic,fundamentis,ordo,hui,uic,O,DET,ordo,15,nmod
911,ordo,huic,decurionum,ord,rdo,O,NOUN,decrevit,23,nsubj
911,decurionum,ordo,ob,dec,num,O,NOUN,ordo,15,nmod
911,ob,decurionum,merita,ob,ob,O,ADP,merita,18,case
911,merita,ob,eius,mer,ita,O,NOUN,decrevit,23,obl
911,eius,merita,honorem,eiu,ius,O,ADV,honorem,20,nmod
911,honorem,eius,Augustalitatis,hon,rem,O,NOUN,decrevit,23,obj
911,Augustalitatis,honorem,gratuitum,Aug,tis,O,NOUN,gratuitum,22,nmod
911,gratuitum,Augustalitatis,decrevit,gra,tum,O,ADJ,honorem,20,amod
911,decrevit,gratuitum,vixit,dec,vit,O,VERB,vixit,24,advcl
911,vixit,decrevit,annos,vix,xit,O,VERB,vixit,24,ROOT
911,annos,vixit,LXXI,ann,nos,O,NOUN,vixit,24,obj
911,LXXI,annos,vivuOs,LXX,XXI,O,NUM,annos,25,nummod
911,vivuOs,LXXI,sibi,viv,uOs,O,ADV,vixit,24,advcl:pred
911,sibi,vivuOs,fecit,sib,ibi,O,PRON,fecit,29,obl:arg
911,fecit,sibi,posterisque,fec,cit,O,VERB,vixit,24,conj
911,posterisque,fecit,suorum,pos,que,O,NOUN,,-1,
911,suorum,posterisque,<END>,suo,rum,O,DET,posteris,30,nmod
122,Imperator,<START>,Caesar,Imp,tor,B-PERS:TITLE,NOUN,fecit,27,nsubj
122,Caesar,Imperator,divi,Cae,sar,B-PERS:TITLE,PROPN,Imperator,1,flat
122,divi,Caesar,Traiani,div,ivi,B-PERS:FILI,VERB,Nervae,8,amod
122,Traiani,divi,Parthici,Tra,ani,I-PERS:FILI,PROPN,filius,6,nmod
122,Parthici,Traiani,filius,Par,ici,I-PERS:FILI,ADJ,Traiani,4,amod
122,filius,Parthici,divi,fil,ius,I-PERS:FILI,NOUN,Caesar,2,appos
122,divi,filius,Nervae,div,ivi,B-PERS:FILI,VERB,Nervae,8,amod
122,Nervae,divi,nepos,Ner,vae,I-PERS:FILI,PROPN,nepos,9,nmod
122,nepos,Nervae,Traianus,nep,pos,I-PERS:FILI,NOUN,Caesar,2,conj
122,Traianus,nepos,Hadrianus,Tra,nus,B-PERS:NOMEN,PROPN,Imperator,1,dep
122,Hadrianus,Traianus,Augustus,Had,nus,B-PERS:COG,PROPN,Traianus,10,flat:name
122,Augustus,Hadrianus,pontifex,Aug,tus,B-PERS:TITLE,PROPN,Traianus,10,flat:name
122,pontifex,Augustus,maximus,pon,fex,B-TITLE,NOUN,Traianus,10,appos
122,maximus,pontifex,tribunicia,max,mus,I-TITLE,ADJ,pontifex,13,amod
122,tribunicia,maximus,potestate,tri,cia,B-TITLE,ADJ,potestate,16,amod
122,potestate,tribunicia,XIII,pot,ate,I-TITLE,NOUN,pontifex,13,nmod
122,XIII,potestate,consul,XII,III,O,NUM,consul,18,nummod
122,consul,XIII,III,con,sul,B-TITLE,NOUN,fecit,27,nsubj
122,III,consul,pater,III,III,O,NUM,consul,18,amod
122,pater,III,patriae,pat,ter,B-TITLE,NOUN,fecit,27,nsubj
122,patriae,pater,per,pat,iae,I-TITLE,ADJ,pater,20,nmod
122,per,patriae,cohortem,per,per,O,ADP,cohortem,23,case
122,cohortem,per,I,coh,tem,O,NOUN,I,24,nmod
122,I,cohortem,Ulpiam,I,I,O,NUM,fecit,27,obl
122,Ulpiam,I,Brittonum,Ulp,iam,O,PROPN,fecit,27,obj
122,Brittonum,Ulpiam,fecit,Bri,num,O,PROPN,Ulpiam,25,nmod
122,fecit,Brittonum,<END>,fec,cit,O,VERB,fecit,27,ROOT
606,Dis,<START>,Manibus,Dis,Dis,O,NOUN,Manibus,2,case
606,Manibus,Dis,sacrum,Man,bus,O,PROPN,pius,9,obl
606,sacrum,Manibus,Sextus,sac,rum,O,ADJ,Sextus,4,orphan
606,Sextus,sacrum,Fadius,Sex,tus,B-PERS:PRAE,PROPN,pius,9,nsubj
606,Fadius,Sextus,Lamyrus,Fad,ius,B-PERS:NOMEN,PROPN,Sextus,4,flat:name
606,Lamyrus,Fadius,annorum,Lam,rus,B-PERS:COG,PROPN,Sextus,4,conj
606,annorum,Lamyrus,L,ann,rum,O,NOUN,Sextus,4,nmod
606,L,annorum,pius,L,L,O,PUNCT,Sextus,4,conj
606,pius,L,in,piu,ius,O,ADJ,pius,9,ROOT
606,in,pius,suis,in,in,O,ADP,suis,11,case
606,suis,in,sit,sui,uis,O,DET,Manibus,2,det
606,sit,suis,tibi,sit,sit,O,AUX,pius,9,cop
606,tibi,sit,terra,tib,ibi,O,PRON,pius,9,obl
606,terra,tibi,levis,ter,rra,O,NOUN,pius,9,nsubj
606,levis,terra,<END>,lev,vis,O,ADJ,terra,14,amod
62,Dis,<START>,Manibus,Dis,Dis,O,NOUN,Manibus,2,case
62,Manibus,Dis,Octavia,Man,bus,O,PROPN,vixit,7,obl
62,Octavia,Manibus,Cai,Oct,via,B-PERS:NOMEN,PROPN,Manibus,2,nsubj
62,Cai,Octavia,filia,Cai,Cai,B-PERS:FILI,PROPN,filia,5,nmod
62,filia,Cai,Fr,fil,lia,I-PERS:FILI,NOUN,Octavia,3,appos
62,Fr,filia,vixit,Fr,Fr,O,,Manibus,2,acl:relcl
62,vixit,Fr,annos,vix,xit,O,VERB,sita,11,advcl
62,annos,vixit,LX,ann,nos,O,NOUN,vixit,7,obj
62,LX,annos,hic,LX,LX,O,NUM,annos,8,nummod
62,hic,LX,sita,hic,hic,O,ADV,sita,11,advmod:lmod
62,sita,hic,est,sit,ita,O,ADJ,sita,11,ROOT
62,est,sita,<END>,est,est,O,AUX,sita,11,aux:pass
872,Asclepiades,<START>,Simonis,Asc,des,O,PROPN,fecit,5,nsubj
872,Simonis,Asclepiades,filius,Sim,nis,B-PERS:FILI,PROPN,filius,3,nmod
872,filius,Simonis,Cnidius,fil,ius,I-PERS:FILI,NOUN,Asclepiades,1,appos
872,Cnidius,filius,fecit,Cni,ius,B-PERS:COG,PROPN,fecit,5,xcomp
872,fecit,Cnidius,sibi,fec,cit,O,VERB,fecit,5,ROOT
872,sibi,fecit,et,sib,ibi,O,PRON,fecit,5,obl:arg
872,et,sibi,Prepusae,et,et,O,CCONJ,suis,11,cc
872,Prepusae,et,libertae,Pre,sae,B-PERS,NOUN,sibi,6,conj
872,libertae,Prepusae,et,lib,tae,B-PERS:FILI,NOUN,Prepusae,8,appos
872,et,libertae,suis,et,et,O,CCONJ,suis,11,cc
872,suis,et,<END>,sui,uis,O,DET,fecit,5,conj
573,o,<START>,ex,o,o,O,PUNCT,testamento,3,advmod:emph
573,ex,o,testamento,ex,ex,O,ADP,testamento,3,case
573,testamento,ex,HS,tes,nto,O,NOUN,testamento,3,ROOT
573,HS,testamento,XVmilia,HS,HS,O,ADV,XVmilia,5,advmod
573,XVmilia,HS,arbitratu,XVm,lia,O,NUM,testamento,3,amod
573,arbitratu,XVmilia,Quinti,arb,atu,O,NOUN,testamento,3,dep
573,Quinti,arbitratu,liberti,Qui,nti,B-PERS:FILI,PROPN,testamento,3,nmod
573,liberti,Quinti,Suavis,lib,rti,I-PERS:FILI,NOUN,Quinti,7,appos
573,Suavis,liberti,et,Sua,vis,I-PERS,ADJ,Quinti,7,amod
573,et,Suavis,ae,et,et,O,CCONJ,Marci,12,cc
573,ae,et,Marci,ae,ae,O,CCONJ,Marci,12,advmod:emph
573,Marci,ae,libertae,Mar,rci,B-PERS:FILI,PROPN,Quinti,7,conj
573,libertae,Marci,Auctae,lib,tae,I-PERS:FILI,NOUN,Marci,12,appos
573,Auctae,libertae,<END>,Auc,tae,I-PERS,VERB,libertae,13,amod
6,Iovi,<START>,Optimo,Iov,ovi,O,PROPN,iussit,7,obl:arg
6,Optimo,Iovi,Maximo,Opt,imo,O,ADJ,Iovi,1,amod
6,Maximo,Optimo,Livia,Max,imo,O,PROPN,Iovi,1,conj
6,Livia,Maximo,Divogena,Liv,via,B-PERS:NOMEN,PROPN,poni,6,nsubj:pass
6,Divogena,Livia,poni,Div,ena,B-PERS:COG,PROPN,Livia,4,flat
6,poni,Divogena,iussit,pon,oni,O,VERB,iussit,7,ccomp
6,iussit,poni,denariis,ius,sit,O,VERB,iussit,7,ROOT
6,denariis,iussit,CL,den,iis,O,NOUN,iussit,7,dep
6,CL,denariis,heres,CL,CL,O,NOUN,heres,10,det
6,heres,CL,curavit,her,res,O,NOUN,curavit,11,nsubj
6,curavit,heres,<END>,cur,vit,O,VERB,iussit,7,conj
927,Imperatori,<START>,Caesari,Imp,ori,B-PERS:TITLE,NOUN,Caesari,2,dislocated
927,Caesari,Imperatori,Marco,Cae,ari,B-PERS:TITLE,PROPN,Caesari,2,ROOT
927,Marco,Caesari,Aurelio,Mar,rco,B-PERS:PRAE,PROPN,Caesari,2,obl:arg
927,Aurelio,Marco,Antonino,Aur,lio,B-PERS:NOMEN,PROPN,Marco,3,flat:name
927,Antonino,Aurelio,Germanico,Ant,ino,B-PERS:COG,PROPN,Marco,3,flat:name
927,Germanico,Antonino,Sarmatico,Ger,ico,B-PERS:AG,PROPN,Antonino,5,flat:name
927,Sarmatico,Germanico,maximo,Sar,ico,B-PERS:AG,PROPN,Antonino,5,flat:name
927,maximo,Sarmatico,pontifici,max,imo,I-PERS:AG,ADJ,potestate,12,amod
927,pontifici,maximo,maximo,pon,ici,B-TITLE,NOUN,potestate,12,nmod
927,maximo,pontifici,tribunicia,max,imo,I-TITLE,ADJ,potestate,12,amod
927,tribunicia,maximo,potestate,tri,cia,B-TITLE,ADJ,potestate,12,amod
927,potestate,tribunicia,XXX,pot,ate,I-TITLE,NOUN,Marco,3,appos
927,XXX,potestate,<END>,XXX,XXX,O,NUM,potestate,12,nummod
640,Dis,<START>,Manibus,Dis,Dis,O,NOUN,Manibus,2,case
640,Manibus,Dis,Phyramo,Man,bus,O,PROPN,Manibus,2,ROOT
640,Phyramo,Manibus,publico,Phy,amo,B-PERS,PROPN,Manibus,2,flat:name
640,publico,Phyramo,quindecimvirali,pub,ico,O,ADJ,Manibus,2,conj
640,quindecimvirali,publico,Iunia,qui,ali,O,ADJ,publico,4,amod
640,Iunia,quindecimvirali,Tertia,Iun,nia,B-PERS:NOMEN,PROPN,Manibus,2,conj
640,Tertia,Iunia,coniugi,Ter,tia,B-PERS:COG,ADJ,Iunia,6,amod
640,coniugi,Tertia,suo,con,ugi,O,NOUN,fecit,17,obl:arg
640,suo,coniugi,com,suo,suo,O,PUNCT,coniugi,8,dep
640,com,suo,quo,com,com,O,PUNCT,fecit,17,obl:arg
640,quo,com,vixit,quo,quo,O,ADV,vixit,12,obl
640,vixit,quo,annis,vix,xit,O,VERB,com,10,acl:relcl
640,annis,vixit,XXXX,ann,nis,O,NOUN,vixit,12,obl
640,XXXX,annis,bene,XXX,XXX,O,NUM,annis,13,nummod
640,bene,XXXX,merenti,ben,ene,O,ADV,merenti,16,advmod
640,merenti,bene,fecit,mer,nti,O,ADJ,fecit,17,xcomp
640,fecit,merenti,<END>,fec,cit,O,VERB,Iunia,6,acl:relcl
440,Lucius,<START>,Sextilius,Luc,ius,B-PERS:PRAE,PROPN,iussit,8,nsubj
440,Sextilius,Lucius,Luci,Sex,ius,B-PERS:NOMEN,PROPN,Lucius,1,flat:name
440,Luci,Sextilius,libertus,Luc,uci,B-PERS:FILI,PROPN,libertus,4,nmod
440,libertus,Luci,Crescens,lib,tus,I-PERS:FILI,NOUN,Lucius,1,appos
440,Crescens,libertus,testamento,Cre,ens,B-PERS:COG,PROPN,iussit,8,nsubj
440,testamento,Crescens,fieri,tes,nto,O,NOUN,fieri,7,obl
440,fieri,testamento,iussit,fie,eri,O,VERB,iussit,8,xcomp
440,iussit,fieri,libertis,ius,sit,O,VERB,iussit,8,ROOT
440,libertis,iussit,libertabusque,lib,tis,O,ADJ,iussit,8,dep
440,libertabusque,libertis,<END>,lib,que,O,VERB,,-1,
730,Eubulus,<START>,vixit,Eub,lus,B-PERS,PROPN,vixit,2,nsubj
730,vixit,Eubulus,annos,vix,xit,O,VERB,vixit,2,ROOT
730,annos,vixit,XII,ann,nos,O,NOUN,felicior,6,obl
730,XII,annos,ita,XII,XII,O,NUM,annos,3,nummod
730,ita,XII,felicior,ita,ita,O,ADV,felicior,6,advmod
730,felicior,ita,sis,fel,ior,O,ADJ,vixit,2,ccomp
730,sis,felicior,quam,sis,sis,O,PUNCT,felicior,6,cop
730,quam,sis,ego,qua,uam,O,SCONJ,ego,9,mark
730,ego,quam,fui,ego,ego,O,PRON,manus,12,nsubj
730,fui,ego,apstine,fui,fui,O,AUX,manus,12,cop
730,apstine,fui,manus,aps,ine,O,X,manus,12,amod
730,manus,apstine,<END>,man,nus,O,NOUN,annos,3,acl:relcl
194,Dis,<START>,Manibus,Dis,Dis,O,NOUN,Manibus,2,case
194,Manibus,Dis,Lucius,Man,bus,O,PROPN,situs,14,obl
194,Lucius,Manibus,Aud,Luc,ius,B-PERS:PRAE,PROPN,vixit,9,nsubj
194,Aud,Lucius,Verus,Aud,Aud,B-PERS:NOMEN,CCONJ,Lucius,3,flat:name
194,Verus,Aud,aedilis,Ver,rus,B-PERS:COG,ADV,Lucius,18,appos
194,aedilis,Verus,iure,aed,lis,O,NOUN,Verus,20,appos
194,iure,aedilis,dicundo,iur,ure,O,NOUN,dicundo,23,nsubj:pass
194,dicundo,iure,vixit,dic,ndo,O,VERB,vixit,24,advcl:abs
194,vixit,dicundo,annos,vix,xit,O,VERB,vixit,9,conj
194,annos,vixit,XXX,ann,nos,O,NOUN,vixit,24,obj
194,XXX,annos,VII,XXX,XXX,O,NUM,annos,10,nummod
194,VII,XXX,hic,VII,VII,O,NUM,annos,10,nummod
194,hic,VII,situs,hic,hic,O,ADV,situs,14,nsubj
194,situs,hic,est,sit,tus,O,NOUN,vixit,9,conj
194,est,situs,dis,est,est,O,AUX,situs,14,aux:pass
194,dis,est,Manibus,dis,dis,O,X,Manibus,17,case
194,Manibus,dis,Lucius,Man,bus,O,PROPN,situs,14,obl
194,Lucius,Manibus,Helvius,Luc,ius,B-PERS:PRAE,PROPN,vixit,9,nsubj
194,Helvius,Lucius,Verus,Hel,ius,B-PERS:NOMEN,PROPN,Lucius,18,flat:name
194,Verus,Helvius,aedilis,Ver,rus,B-PERS:COG,ADV,Lucius,18,appos
194,aedilis,Verus,iure,aed,lis,O,NOUN,Verus,20,appos
194,iure,aedilis,dicundo,iur,ure,O,NOUN,dicundo,23,nsubj:pass
194,dicundo,iure,vixit,dic,ndo,O,VERB,vixit,24,advcl:abs
194,vixit,dicundo,annos,vix,xit,O,VERB,vixit,9,conj
194,annos,vixit,XXV,ann,nos,O,NOUN,vixit,24,obj
194,XXV,annos,Helvia,XXV,XXV,O,NUM,vixit,24,obl:tmod
194,Helvia,XXV,Haspasia,Hel,via,B-PERS:NOMEN,ADJ,vixit,24,obl
194,Haspasia,Helvia,coniugi,Has,sia,B-PERS:COG,PROPN,vixit,24,obl
194,coniugi,Haspasia,et,con,ugi,O,NOUN,Haspasia,28,appos
194,et,coniugi,filio,et,et,O,CCONJ,filio,31,cc
194,filio,et,bene,fil,lio,O,NOUN,coniugi,29,conj
194,bene,filio,merenti,ben,ene,O,ADV,merenti,33,advmod
194,merenti,bene,<END>,mer,nti,O,ADJ,filio,31,acl
753,Dis,<START>,Manibus,Dis,Dis,O,NOUN,Manibus,2,case
753,Manibus,Dis,Aeliae,Man,bus,O,PROPN,vixit,8,obl
753,Aeliae,Manibus,Minervinae,Ael,iae,B-PERS:NOMEN,PROPN,Manibus,2,nmod
753,Minervinae,Aeliae,parentes,Min,nae,B-PERS:COG,PROPN,vixit,8,nsubj
753,parentes,Minervinae,dulcissimae,par,tes,O,NOUN,Minervinae,4,appos
753,dulcissimae,parentes,filiae,dul,mae,O,ADJ,filiae,7,amod
753,filiae,dulcissimae,vixit,fil,iae,O,NOUN,Minervinae,4,appos
753,vixit,filiae,annos,vix,xit,O,VERB,vixit,8,ROOT
753,annos,vixit,II,ann,nos,O,NOUN,vixit,8,obj
753,II,annos,menses,II,II,O,NUM,dies,13,nummod
753,menses,II,IIII,men,ses,O,NOUN,vixit,8,obl:tmod
753,IIII,menses,dies,III,III,O,NUM,menses,11,amod
753,dies,IIII,II,die,ies,O,X,vixit,8,advmod
753,II,dies,<END>,II,II,O,NUM,dies,13,nummod
627,Quinto,<START>,Iulio,Qui,nto,B-PERS:PRAE,ADV,posuit,18,obl:arg
627,Iulio,Quinto,Marci,Iul,lio,B-PERS:NOMEN,PROPN,Quinto,1,flat:name
627,Marci,Iulio,filio,Mar,rci,B-PERS:FILI,PROPN,filio,4,nmod
627,filio,Marci,Quirina,fil,lio,I-PERS:FILI,NOUN,Quinto,1,appos
627,Quirina,filio,Severo,Qui,ina,B-PERS:TRIBE,PROPN,Quinto,1,conj
627,Severo,Quirina,Mando,Sev,ero,B-PERS:COG,PROPN,Quinto,1,conj
627,Mando,Severo,flamini,Man,ndo,B-PERS:AG,PROPN,Quinto,1,conj
627,flamini,Mando,perpetuo,fla,ini,O,NOUN,Quinto,1,appos
627,perpetuo,flamini,sacerdoti,per,tuo,O,ADV,sacerdoti,10,amod
627,sacerdoti,perpetuo,provinciae,sac,oti,O,NOUN,Quinto,1,conj
627,provinciae,sacerdoti,ordo,pro,iae,O,NOUN,sacerdoti,10,nmod
627,ordo,provinciae,populusque,ord,rdo,O,NOUN,posuit,18,nsubj
627,populusque,ordo,Gigthensis,pop,que,O,DET,,-1,
627,Gigthensis,populusque,sua,Gig,sis,B-LOC,PROPN,populus,13,amod
627,sua,Gigthensis,pecunia,sua,sua,O,DET,pecunia,17,det
627,pecunia,sua,posuit,pec,nia,O,NOUN,posuit,18,obj
627,posuit,pecunia,<END>,pos,uit,O,VERB,posuit,18,ROOT
572,Germanico,<START>,Iulio,Ger,ico,B-PERS:AG,PROPN,Germanico,1,ROOT
572,Iulio,Germanico,Tiberi,Iul,lio,B-PERS:NOMEN,PROPN,Germanico,1,flat:name
572,Tiberi,Iulio,filio,Tib,eri,B-PERS:FILI,PROPN,Germanico,1,nmod
572,filio,Tiberi,Augusti,fil,lio,I-PERS:FILI,NOUN,Tiberi,3,appos
572,Augusti,filio,nepoti,Aug,sti,B-PERS:FILI,PROPN,nepoti,6,nmod
572,nepoti,Augusti,divi,nep,oti,I-PERS:FILI,NOUN,filio,4,nmod
572,divi,nepoti,pronepoti,div,ivi,B-PERS:FILI,VERB,Tiberi,3,amod
572,pronepoti,divi,Caesari,pro,oti,I-PERS:FILI,NOUN,divi,7,amod
572,Caesari,pronepoti,quaestori,Cae,ari,B-PERS:TITLE,PROPN,Germanico,1,orphan
572,quaestori,Caesari,auguri,qua,ori,B-TITLE,NOUN,Caesari,9,appos
572,auguri,quaestori,consuli,aug,uri,B-TITLE,NOUN,Caesari,9,conj
572,consuli,auguri,designato,con,uli,B-TITLE,NOUN,Caesari,9,conj
572,designato,consuli,<END>,des,ato,O,VERB,consuli,12,acl
18,Decimus,<START>,Rocius,Dec,mus,B-PERS:PRAE,ADJ,Rocius,2,amod
18,Rocius,Decimus,Florus,Roc,ius,B-PERS:NOMEN,PROPN,decessit,4,nsubj
18,Florus,Rocius,decessit,Flo,rus,B-PERS:COG,PROPN,decessit,4,nsubj
18,decessit,Florus,intra,dec,sit,O,VERB,decessit,4,ROOT
18,intra,decessit,annum,int,tra,O,ADP,annum,6,case
18,annum,intra,XXV,ann,num,O,NOUN,decessit,4,obl
18,XXV,annum,pius,XXV,XXV,O,NUM,decessit,4,nummod
18,pius,XXV,qui,piu,ius,O,ADJ,decessit,4,advcl:pred
18,qui,pius,neque,qui,qui,O,PUNCT,maledixit,14,nsubj
18,neque,qui,matri,neq,que,O,CCONJ,patri,13,cc
18,matri,neque,neque,mat,tri,O,NOUN,maledixit,14,obl:arg
18,neque,matri,patri,neq,que,O,CCONJ,patri,13,cc
18,patri,neque,maledixit,pat,tri,O,NOUN,matri,11,conj
18,maledixit,patri,umNquam,mal,xit,O,VERB,Rocius,2,acl:relcl
18,umNquam,maledixit,<END>,umN,uam,O,ADV,maledixit,14,advmod
743,Hic,<START>,requiescit,Hic,Hic,O,ADV,requiescit,2,nsubj
743,requiescit,Hic,in,req,cit,O,VERB,requiescit,2,ROOT
743,in,requiescit,pace,in,in,O,ADP,aienanda,5,mark
743,pace,in,aienanda,pac,ace,O,PUNCT,aienanda,5,nsubj:pass
743,aienanda,pace,comNparatum,aie,nda,O,VERB,requiescit,2,advcl
743,comNparatum,aienanda,ocio,com,tum,O,PROPN,requiescit,2,advcl
743,ocio,comNparatum,cum,oci,cio,O,VERB,comNparatum,6,obl
743,cum,ocio,deo,cum,cum,O,ADP,deo,9,case
743,deo,cum,et,deo,deo,O,NOUN,comNparatum,6,obl
743,et,deo,sanctis,et,et,O,CCONJ,sanctis,11,cc
743,sanctis,et,donato,san,tis,O,ADJ,donato,12,obl:arg
743,donato,sanctis,quicumque,don,ato,O,VERB,deo,9,acl
743,quicumque,donato,voluerit,qui,que,O,DET,voluerit,14,nsubj
743,voluerit,quicumque,<END>,vol,rit,O,VERB,deo,9,acl
915,vixit,<START>,annos,vix,xit,O,VERB,requievit,4,advcl
915,annos,vixit,III,ann,nos,O,NOUN,requievit,4,obj
915,III,annos,requievit,III,III,O,NUM,annos,2,nummod
915,requievit,III,in,req,vit,O,VERB,requievit,4,ROOT
915,in,requievit,pace,in,in,O,ADP,pace,6,case
915,pace,in,sub,pac,ace,O,PUNCT,requievit,4,obl
915,sub,pace,die,sub,sub,O,ADP,die,8,case
915,die,sub,XV,die,die,O,PUNCT,requievit,4,obl
915,XV,die,Kalendas,XV,XV,O,NUM,die,8,nummod
915,Kalendas,XV,Apriles,Kal,das,O,NOUN,die,8,nmod
915,Apriles,Kalendas,aera,Apr,les,O,ADJ,Kalendas,10,amod
915,aera,Apriles,DCLXVIII,aer,era,O,NOUN,requievit,4,obj
915,DCLXVIII,aera,<END>,DCL,III,O,NUM,aera,12,nummod
511,ae,<START>,Sympherusae,ae,ae,O,CCONJ,Sympherusae,2,advmod
511,Sympherusae,ae,Secunda,Sym,sae,B-PERS:NOMEN,PROPN,Sympherusae,2,ROOT
511,Secunda,Sympherusae,coniugi,Sec,nda,B-PERS:COG,ADJ,coniugi,4,nsubj
511,coniugi,Secunda,Saturnina,con,ugi,O,NOUN,Sympherusae,2,appos
511,Saturnina,coniugi,parenti,Sat,ina,O,PROPN,coniugi,4,appos
511,parenti,Saturnina,karissimae,par,nti,O,NOUN,Saturnina,5,orphan
511,karissimae,parenti,<END>,kar,mae,B-PERS,ADJ,parenti,6,amod
574,Dis,<START>,Manibus,Dis,Dis,O,NOUN,Manibus,2,case
574,Manibus,Dis,Iuventinae,Man,bus,O,PROPN,curavit,6,obl
574,Iuventinae,Manibus,Viaedus,Iuv,nae,B-PERS,PROPN,Manibus,2,nmod
574,Viaedus,Iuventinae,C,Via,dus,B-PERS,PROPN,curavit,6,nsubj
574,C,Viaedus,curavit,C,C,O,PUNCT,curavit,6,nsubj
574,curavit,C,M,cur,vit,O,VERB,curavit,6,ROOT
574,M,curavit,V,M,M,O,PUNCT,M,7,appos
574,V,M,S,V,V,O,,M,7,conj
574,S,V,M,S,S,O,PUNCT,M,7,appos
574,M,S,P,M,M,O,PUNCT,M,7,appos
574,P,M,<END>,P,P,O,PUNCT,M,10,flat:name
139,Dis,<START>,Manibus,Dis,Dis,O,NOUN,Manibus,2,case
139,Manibus,Dis,et,Man,bus,O,PROPN,curaverunt,19,obl
139,et,Manibus,memoriae,et,et,O,CCONJ,dedicaverunt,23,cc
139,memoriae,et,aeternae,mem,iae,O,NOUN,Manibus,2,conj
139,aeternae,memoriae,Marco,aet,nae,O,ADJ,memoriae,4,amod
139,Marco,aeternae,Antistio,Mar,rco,B-PERS:PRAE,PROPN,curaverunt,19,obl:arg
139,Antistio,Marco,Aeliano,Ant,tio,B-PERS:NOMEN,PROPN,Marco,6,flat:name
139,Aeliano,Antistio,Iulia,Ael,ano,B-PERS:COG,PROPN,Marco,6,amod
139,Iulia,Aeliano,Avita,Iul,lia,B-PERS:NOMEN,PROPN,Marco,6,conj
139,Avita,Iulia,coniunx,Avi,ita,B-PERS:COG,PROPN,Iulia,9,flat:name
139,coniunx,Avita,et,con,unx,O,NOUN,Iulia,9,appos
139,et,coniunx,Antisti,et,et,O,CCONJ,dedicaverunt,23,cc
139,Antisti,et,Atticus,Ant,sti,B-PERS:NOMEN,PROPN,Atticus,14,nmod
139,Atticus,Antisti,et,Att,cus,B-PERS:COG,PROPN,Marco,6,conj
139,et,Atticus,Aeliane,et,et,O,CCONJ,dedicaverunt,23,cc
139,Aeliane,et,patri,Ael,ane,B-PERS:NOMEN,PROPN,patri,17,amod
139,patri,Aeliane,ponendum,pat,tri,O,NOUN,Marco,6,conj
139,ponendum,patri,curaverunt,pon,dum,O,VERB,curaverunt,19,ccomp
139,curaverunt,ponendum,et,cur,unt,O,VERB,curaverunt,19,ROOT
139,et,curaverunt,sub,et,et,O,CCONJ,dedicaverunt,23,cc
139,sub,et,ascia,sub,sub,O,ADP,ascia,22,case
139,ascia,sub,dedicaverunt,asc,cia,O,X,dedicaverunt,23,obl
139,dedicaverunt,ascia,<END>,ded,unt,O,VERB,curaverunt,19,conj
192,Dis,<START>,Manibus,Dis,Dis,O,NOUN,Manibus,2,case
192,Manibus,Dis,Vetruviae,Man,bus,O,PROPN,fecit,10,obl
192,Vetruviae,Manibus,Ven,Vet,iae,B-PERS:NOMEN,PROPN,Manibus,2,nmod
192,Ven,Vetruviae,aeriae,Ven,Ven,B-PERS:COG,INTJ,Vetruviae,3,appos
192,aeriae,Ven,Caricus,aer,iae,B-PERS:COG,ADJ,Vetruviae,3,appos
192,Caricus,aeriae,hortator,Car,cus,B-PERS,PROPN,fecit,10,nsubj
192,hortator,Caricus,factionis,hor,tor,O,NOUN,Caricus,6,appos
192,factionis,hortator,venetaeI,fac,nis,O,NOUN,hortator,7,nmod
192,venetaeI,factionis,fecit,ven,aeI,O,ADJ,factionis,8,amod
192,fecit,venetaeI,coniugCi,fec,cit,O,VERB,fecit,10,ROOT
192,coniugCi,fecit,bene,con,gCi,O,X,fecit,10,obl
192,bene,coniugCi,m,ben,ene,O,ADV,m,13,advmod
192,m,bene,aeritae,m,m,O,X,fecit,10,dep
192,aeritae,m,quae,aer,tae,O,NOUN,m,13,nmod
192,quae,aeritae,vixit,qua,uae,O,PRON,vixit,16,nsubj
192,vixit,quae,annis,vix,xit,O,VERB,aeritae,14,acl:relcl
192,annis,vixit,XXXVIII,ann,nis,O,NOUN,vixit,16,obl
192,XXXVIII,annis,mensibus,XXX,III,O,NUM,annis,17,nummod
192,mensibus,XXXVIII,VIII,men,bus,O,NOUN,vixit,16,obl
192,VIII,mensibus,<END>,VII,III,O,NUM,mensibus,19,nummod
5,natus,<START>,V,nat,tus,O,VERB,natus,1,ROOT
5,V,natus,Idus,V,V,O,,dies,32,amod
5,Idus,V,Septembres,Idu,dus,O,NOUN,V,2,nmod
5,Septembres,Idus,ddominis,Sep,res,O,NOUN,Idus,3,amod
5,ddominis,Septembres,nnostris,ddo,nis,O,NOUN,Kalendas,16,nmod
5,nnostris,ddominis,Constantio,nno,ris,O,DET,ddominis,18,amod
5,Constantio,nnostris,et,Con,tio,B-PERS,PROPN,depositus,14,obl
5,et,Constantio,Maximiano,et,et,O,CCONJ,V,25,cc
5,Maximiano,et,IIII,Max,ano,B-PERS,PROPN,Constantio,7,conj
5,IIII,Maximiano,et,III,III,O,NUM,IIII,10,conj
5,et,IIII,IIII,et,et,O,CCONJ,V,25,cc
5,IIII,et,conssulibus,III,III,O,NUM,IIII,10,conj
5,conssulibus,IIII,depositus,con,bus,O,ADJ,V,23,conj
5,depositus,conssulibus,XVIII,dep,tus,O,VERB,natus,1,advcl
5,XVIII,depositus,Kalendas,XVI,III,O,NUM,depositus,14,obl:tmod
5,Kalendas,XVIII,Maias,Kal,das,O,NOUN,XVIII,15,nmod
5,Maias,Kalendas,ddominis,Mai,ias,O,PROPN,Kalendas,16,amod
5,ddominis,Maias,nnostris,ddo,nis,O,NOUN,Kalendas,16,nmod
5,nnostris,ddominis,Caesaribus,nno,ris,O,DET,ddominis,18,amod
5,Caesaribus,nnostris,supra,Cae,bus,O,PROPN,ddominis,18,flat
5,supra,Caesaribus,scriptis,sup,pra,O,ADV,scriptis,22,advmod
5,scriptis,supra,V,scr,tis,O,VERB,ddominis,18,acl
5,V,scriptis,et,V,V,O,,dies,32,amod
5,et,V,V,et,et,O,CCONJ,V,25,cc
5,V,et,conssulibus,V,V,O,,dies,32,amod
5,conssulibus,V,vBixit,con,bus,O,ADJ,V,23,conj
5,vBixit,conssulibus,annos,vBi,xit,O,NUM,natus,1,dep
5,annos,vBixit,II,ann,nos,O,NOUN,vBixit,27,obl:tmod
5,II,annos,menses,II,II,O,NUM,annos,28,nummod
5,menses,II,VII,men,ses,O,NOUN,vBixit,27,obl:tmod
5,VII,menses,dies,VII,VII,O,NUM,vBixit,27,dislocated
5,dies,VII,V,die,ies,O,X,vBixit,27,appos
5,V,dies,<END>,V,V,O,,dies,32,amod
444,Imperatori,<START>,Caesari,Imp,ori,B-PERS:TITLE,NOUN,Imperatori,1,ROOT
444,Caesari,Imperatori,divi,Cae,ari,B-PERS:TITLE,PROPN,Imperatori,1,dep
444,divi,Caesari,Traiani,div,ivi,B-PERS:FILI,VERB,Traiani,4,amod
444,Traiani,divi,Parthici,Tra,ani,I-PERS:FILI,PROPN,Caesari,2,conj
444,Parthici,Traiani,filio,Par,ici,I-PERS:FILI,ADJ,Traiani,4,amod
444,filio,Parthici,divi,fil,lio,I-PERS:FILI,NOUN,Traiani,4,appos
444,divi,filio,Nervae,div,ivi,B-PERS:FILI,VERB,Traiani,4,amod
444,Nervae,divi,nepoti,Ner,vae,I-PERS:FILI,PROPN,Imperatori,1,dep
444,nepoti,Nervae,Traiano,nep,oti,I-PERS:FILI,NOUN,Nervae,8,appos
444,Traiano,nepoti,Hadriano,Tra,ano,B-PERS:NOMEN,PROPN,Imperatori,1,flat
444,Hadriano,Traiano,Augusto,Had,ano,B-PERS:COG,PROPN,Traiano,10,flat:name
444,Augusto,Hadriano,pontifici,Aug,sto,B-PERS:TITLE,PROPN,Traiano,10,flat
444,pontifici,Augusto,maximo,pon,ici,O,NOUN,Traiano,10,conj
444,maximo,pontifici,tribunicia,max,imo,O,ADJ,potestate,16,amod
444,tribunicia,maximo,potestate,tri,cia,O,ADJ,potestate,16,amod
444,potestate,tribunicia,consuli,pot,ate,O,NOUN,Traiano,10,conj
444,consuli,potestate,ICIIIOR,con,uli,O,NOUN,potestate,16,nmod
444,ICIIIOR,consuli,COI,ICI,IOR,O,NUM,Imperatori,1,nsubj
444,COI,ICIIIOR,milia,COI,COI,O,NOUN,ICIIIOR,18,orphan
444,milia,COI,passuum,mil,lia,O,NUM,ICIIIOR,18,nummod
444,passuum,milia,I,pas,uum,O,NOUN,milia,20,nmod
444,I,passuum,<END>,I,I,O,NUM,milia,20,amod
21,Dis,<START>,Manibus,Dis,Dis,O,NOUN,Manibus,2,case
21,Manibus,Dis,Valeri,Man,bus,O,PROPN,fecerunt,22,obl
21,Valeri,Manibus,Paterni,Val,eri,B-PERS:NOMEN,VERB,Manibus,2,flat:name
21,Paterni,Valeri,speculatoris,Pat,rni,B-PERS:COG,PROPN,speculatoris,5,amod
21,speculatoris,Paterni,exercitus,spe,ris,B-TITLE,NOUN,exercitus,6,nmod
21,exercitus,speculatoris,Brit,exe,tus,O,NOUN,Manibus,2,nmod
21,Brit,exercitus,tannici,Bri,rit,O,PUNCT,Manibus,2,nsubj
21,tannici,Brit,curam,tan,ici,O,NOUN,Brit,7,amod
21,curam,tannici,agentibus,cur,ram,O,NOUN,agentibus,10,obj
21,agentibus,curam,Sempronio,age,bus,O,NOUN,fecerunt,22,advcl
21,Sempronio,agentibus,Pudente,Sem,nio,B-PERS:NOMEN,PROPN,merenti,21,nsubj
21,Pudente,Sempronio,milite,Pud,nte,B-PERS:COG,PROPN,Sempronio,11,flat:name
21,milite,Pudente,frumentario,mil,ite,O,NOUN,Sempronio,11,appos
21,frumentario,milite,et,fru,rio,O,NOUN,milite,13,amod
21,et,frumentario,Cutio,et,et,O,CCONJ,Cutio,16,cc
21,Cutio,et,Euplu,Cut,tio,B-PERS:NOMEN,PROPN,Sempronio,11,conj
21,Euplu,Cutio,ministro,Eup,plu,B-PERS:COG,X,Cutio,16,flat:name
21,ministro,Euplu,speculatorum,min,tro,O,NOUN,Cutio,16,appos
21,speculatorum,ministro,bene,spe,rum,O,NOUN,ministro,18,nmod
21,bene,speculatorum,merenti,ben,ene,O,ADV,merenti,21,advmod
21,merenti,bene,fecerunt,mer,nti,O,ADJ,fecerunt,22,advcl
21,fecerunt,merenti,in,fec,unt,O,VERB,fecerunt,22,ROOT
21,in,fecerunt,fronte,in,in,O,ADP,agro,28,case
21,fronte,in,pedes,fro,nte,O,NOUN,fecerunt,22,obl
21,pedes,fronte,VII,ped,des,O,X,fecerunt,22,obj
21,VII,pedes,in,VII,VII,O,NUM,pedes,25,nummod
21,in,VII,agro,in,in,O,ADP,agro,28,case
21,agro,in,pedes,agr,gro,O,NOUN,fecerunt,22,obl
21,pedes,agro,V,ped,des,O,X,fecerunt,22,obj
21,V,pedes,<END>,V,V,O,,pedes,29,nummod
214,VA,<START>,K,VA,VA,O,VERB,VA,1,ROOT
214,K,VA,F,K,K,O,NOUN,VA,1,conj
214,F,K,Kalendas,F,F,O,NOUN,VA,1,amod
214,Kalendas,F,Iulias,Kal,das,O,NOUN,VA,1,nmod
214,Iulias,Kalendas,G,Iul,ias,O,PROPN,Kalendas,4,amod
214,G,Iulias,nefas,G,G,O,PUNCT,VA,1,conj
214,nefas,G,H,nef,fas,O,NOUN,A,10,fixed
214,H,nefas,nefas,H,H,O,NOUN,VA,1,conj
214,nefas,H,A,nef,fas,O,NOUN,A,10,fixed
214,A,nefas,nefas,A,A,O,ADP,VA,1,dep
214,nefas,A,<END>,nef,fas,O,NOUN,A,10,fixed
65,cato,<START>,cohortis,cat,ato,O,X,cato,1,ROOT
65,cohortis,cato,I,coh,tis,O,NOUN,cato,1,nmod
65,I,cohortis,Alpinorum,I,I,O,NUM,cohortis,2,nummod
65,Alpinorum,I,singularis,Alp,rum,O,NOUN,I,3,nmod
65,singularis,Alpinorum,consularis,sin,ris,O,ADJ,consularis,6,amod
65,consularis,singularis,Aurelius,con,ris,O,NOUN,cato,1,advcl:pred
65,Aurelius,consularis,M,Aur,ius,B-PERS,PROPN,cato,1,conj
65,M,Aurelius,<END>,M,M,O,PUNCT,Aurelius,7,nmod
412,Dis,<START>,Manibus,Dis,Dis,O,NOUN,Manibus,2,case
412,Manibus,Dis,e,Man,bus,O,PROPN,vixit,7,dep
412,e,Manibus,Titi,e,e,O,CCONJ,Titi,4,case
412,Titi,e,filiae,Tit,iti,B-PERS,PROPN,Manibus,2,nmod
412,filiae,Titi,tae,fil,iae,O,NOUN,Titi,4,appos
412,tae,filiae,vixit,tae,tae,O,CCONJ,vixit,7,mark
412,vixit,tae,annos,vix,xit,O,VERB,vixit,7,ROOT
412,annos,vixit,XIIX,ann,nos,O,NOUN,vixit,7,obj
412,XIIX,annos,dies,XII,IIX,O,NUM,annos,8,nummod
412,dies,XIIX,XVIIII,die,ies,O,X,vixit,7,appos
412,XVIIII,dies,Primus,XVI,III,O,NUM,dies,10,nummod
412,Primus,XVIIII,tata,Pri,mus,B-PERS,ADJ,vixit,7,advcl:pred
412,tata,Primus,<END>,tat,ata,O,NOUN,Primus,12,nmod
302,Iovi,<START>,Optimo,Iov,ovi,O,PROPN,solvit,12,obl:arg
302,Optimo,Iovi,Maximo,Opt,imo,O,ADJ,Iovi,1,amod
302,Maximo,Optimo,Caius,Max,imo,O,PROPN,Iovi,1,conj
302,Caius,Maximo,Antonius,Cai,ius,B-PERS:PRAE,PROPN,Iovi,1,conj
302,Antonius,Caius,Iulianus,Ant,ius,B-PERS:NOMEN,PROPN,Caius,4,flat:name
302,Iulianus,Antonius,procurator,Iul,nus,B-PERS:COG,PROPN,Caius,4,amod
302,procurator,Iulianus,portorii,pro,tor,B-TITLE,NOUN,Caius,4,appos
302,portorii,procurator,publici,por,rii,O,NOUN,Iovi,1,conj
302,publici,portorii,X,pub,ici,O,ADJ,portorii,8,amod
302,X,publici,votum,X,X,O,NUM,solvit,12,obl
302,votum,X,solvit,vot,tum,O,NOUN,solvit,12,obj
302,solvit,votum,libens,sol,vit,O,VERB,solvit,12,ROOT
302,libens,solvit,merito,lib,ens,O,ADJ,solvit,12,advcl:pred
302,merito,libens,<END>,mer,ito,O,VERB,libens,13,obl
334,Flavio,<START>,Valerio,Fla,vio,B-PERS:PRAE,PROPN,Flavio,1,ROOT
334,Valerio,Flavio,Constantino,Val,rio,B-PERS:NOMEN,PROPN,Flavio,1,flat
334,Constantino,Valerio,Invictissimi,Con,ino,B-PERS:COG,PROPN,Flavio,1,flat
334,Invictissimi,Constantino,Imperatoris,Inv,imi,B-PERS:AG,ADJ,Imperatoris,5,amod
334,Imperatoris,Invictissimi,filio,Imp,ris,B-PERS:TITLE,NOUN,filio,6,nmod
334,filio,Imperatoris,Augusti,fil,lio,B-PERS:FILI,NOUN,Constantino,3,appos
334,Augusti,filio,<END>,Aug,sti,B-PERS:TITLE,PROPN,filio,6,nmod
193,BE,<START>,bene,BE,BE,O,X,merenti,3,obj
193,bene,BE,merenti,ben,ene,O,ADV,merenti,3,advmod
193,merenti,bene,in,mer,nti,O,ADJ,merenti,3,ROOT
193,in,merenti,pace,in,in,O,ADP,pace,5,case
193,pace,in,dulcissima,pac,ace,O,PUNCT,merenti,3,obl
193,dulcissima,pace,mater,dul,ima,O,ADJ,mater,7,amod
193,mater,dulcissima,quae,mat,ter,O,NOUN,consulibus,33,nsubj
193,quae,mater,vixit,qua,uae,O,PRON,vixit,9,nsubj
193,vixit,quae,annos,vix,xit,O,VERB,mater,7,acl:relcl
193,annos,vixit,plus,ann,nos,O,NOUN,deposita,21,obl
193,plus,annos,minus,plu,lus,O,ADV,minus,12,advmod
193,minus,plus,LX,min,nus,O,ADV,annos,10,advmod
193,LX,minus,et,LX,LX,O,NUM,annos,10,nummod
193,et,LX,vBixit,et,et,O,CCONJ,Bautoni,30,cc
193,vBixit,et,Hilara,vBi,xit,O,NUM,LX,13,conj
193,Hilara,vBixit,super,Hil,ara,B-PERS,ADJ,deposita,21,obl:arg
193,super,Hilara,vBirginium,sup,per,O,ADV,annos,19,case
193,vBirginium,super,annos,vBi,ium,O,PROPN,annos,19,nmod
193,annos,vBirginium,VIII,ann,nos,O,NOUN,deposita,21,obl
193,VIII,annos,deposita,VII,III,O,NUM,annos,19,nummod
193,deposita,VIII,XIIII,dep,ita,O,VERB,mater,7,acl
193,XIIII,deposita,Kalendas,XII,III,O,NUM,deposita,21,obl:tmod
193,Kalendas,XIIII,NovBembres,Kal,das,O,NOUN,XIIII,22,nmod
193,NovBembres,Kalendas,domino,Nov,res,O,ADJ,Kalendas,23,amod
193,domino,NovBembres,nostro,dom,ino,O,NOUN,consulibus,33,obl:arg
193,nostro,domino,Arcadio,nos,tro,O,DET,domino,25,det
193,Arcadio,nostro,Augusto,Arc,dio,B-PERS:NOMEN,PROPN,domino,25,flat
193,Augusto,Arcadio,et,Aug,sto,B-PERS:TITLE,PROPN,domino,25,flat
193,et,Augusto,Bautoni,et,et,O,CCONJ,Bautoni,30,cc
193,Bautoni,et,viro,Bau,oni,B-PERS,PROPN,domino,25,conj
193,viro,Bautoni,clarissimo,vir,iro,O,NOUN,domino,25,appos
193,clarissimo,viro,consulibus,cla,imo,O,ADJ,viro,31,amod
193,consulibus,clarissimo,<END>,con,bus,B-TITLE,NOUN,BE,1,nmod
665,Dis,<START>,Manibus,Dis,Dis,O,NOUN,Manibus,2,case
665,Manibus,Dis,Clodia,Man,bus,O,PROPN,iussit,7,obl
665,Clodia,Manibus,Calliste,Clo,dia,B-PERS:NOMEN,PROPN,iussit,7,nsubj
665,Calliste,Clodia,testamento,Cal,ste,B-PERS:COG,PROPN,Clodia,3,flat:name
665,testamento,Calliste,fieri,tes,nto,O,NOUN,fieri,6,obl
665,fieri,testamento,iussit,fie,eri,O,VERB,iussit,7,ccomp
665,iussit,fieri,sibi,ius,sit,O,VERB,iussit,7,ROOT
665,sibi,iussit,et,sib,ibi,O,PRON,iussit,7,dep
665,et,sibi,Marco,et,et,O,CCONJ,libertis,16,cc
665,Marco,et,Iulio,Mar,rco,B-PERS:PRAE,PROPN,sibi,8,conj
665,Iulio,Marco,Proto,Iul,lio,B-PERS:NOMEN,PROPN,Marco,10,flat:name
665,Proto,Iulio,bene,Pro,oto,B-PERS:COG,VERB,Marco,10,flat:name
665,bene,Proto,merenti,ben,ene,O,ADV,merenti,14,advmod
665,merenti,bene,et,mer,nti,O,ADJ,Marco,10,acl
665,et,merenti,libertis,et,et,O,CCONJ,libertis,16,cc
665,libertis,et,libertabusque,lib,tis,O,ADJ,merenti,14,conj
665,libertabusque,libertis,suis,lib,que,O,VERB,,-1,
665,suis,libertabusque,posterisque,sui,uis,O,DET,que,18,det
665,posterisque,suis,eorum,pos,que,O,NOUN,,-1,
665,eorum,posterisque,<END>,eor,rum,O,PRON,que,21,nmod
263,Tiberius,<START>,Claudius,Tib,ius,B-PERS:PRAE,PROPN,fecerunt,23,nsubj
263,Claudius,Tiberius,Augusti,Cla,ius,B-PERS:NOMEN,PROPN,Tiberius,1,flat:name
263,Augusti,Claudius,libertus,Aug,sti,B-PERS:FILI,PROPN,libertus,4,nmod
263,libertus,Augusti,Ianuarius,lib,tus,I-PERS:FILI,NOUN,Tiberius,1,appos
263,Ianuarius,libertus,curator,Ian,ius,B-PERS:COG,PROPN,Tiberius,1,amod
263,curator,Ianuarius,de,cur,tor,O,NOUN,Ianuarius,5,appos
263,de,curator,minucia,de,de,O,ADP,impensa,22,case
263,minucia,de,die,min,cia,O,NOUN,fecerunt,23,obl
263,die,minucia,XIIII,die,die,O,PUNCT,fecerunt,23,obl
263,XIIII,die,ostio,XII,III,O,NUM,die,9,nummod
263,ostio,XIIII,XLII,ost,tio,O,NOUN,die,9,nmod
263,XLII,ostio,et,XLI,LII,O,NUM,ostio,11,nummod
263,et,XLII,Avonia,et,et,O,CCONJ,fecerunt,23,cc
263,Avonia,et,Tyche,Avo,nia,B-PERS:NOMEN,NOUN,fecerunt,23,obl
263,Tyche,Avonia,uxor,Tyc,che,B-PERS:COG,PROPN,Avonia,14,flat
263,uxor,Tyche,eius,uxo,xor,O,NOUN,Tyche,15,appos
263,eius,uxor,Pituaniani,eiu,ius,O,ADV,uxor,16,nmod
263,Pituaniani,eius,Solaria,Pit,ani,B-PERS:NOMEN,PROPN,Avonia,14,conj
263,Solaria,Pituaniani,de,Sol,ria,B-PERS:COG,PROPN,fecerunt,23,obj
263,de,Solaria,sua,de,de,O,ADP,impensa,22,case
263,sua,de,impensa,sua,sua,O,DET,impensa,22,det
263,impensa,sua,fecerunt,imp,nsa,O,ADJ,fecerunt,23,obl
263,fecerunt,impensa,<END>,fec,unt,O,VERB,fecerunt,23,ROOT
648,Imperatori,<START>,Caesari,Imp,ori,B-PERS:TITLE,NOUN,Imperatori,1,ROOT
648,Caesari,Imperatori,divi,Cae,ari,B-PERS:TITLE,PROPN,Imperatori,1,dep
648,divi,Caesari,Hadriani,div,ivi,B-PERS:FILI,VERB,nepoti,9,amod
648,Hadriani,divi,filio,Had,ani,I-PERS:FILI,PROPN,Imperatori,1,dep
648,filio,Hadriani,divi,fil,lio,I-PERS:FILI,NOUN,Hadriani,4,appos
648,divi,filio,Traiani,div,ivi,B-PERS:FILI,VERB,nepoti,9,amod
648,Traiani,divi,Parthici,Tra,ani,I-PERS:FILI,PROPN,Hadriani,4,conj
648,Parthici,Traiani,nepoti,Par,ici,I-PERS:FILI,ADJ,Traiani,7,amod
648,nepoti,Parthici,divi,nep,oti,I-PERS:FILI,NOUN,Traiani,7,conj
648,divi,nepoti,Nervae,div,ivi,B-PERS:FILI,VERB,nepoti,9,amod
648,Nervae,divi,pronepoti,Ner,vae,I-PERS:FILI,PROPN,Tito,13,nmod
648,pronepoti,Nervae,Tito,pro,oti,I-PERS:FILI,NOUN,Nervae,11,appos
648,Tito,pronepoti,Aelio,Tit,ito,B-PERS:PRAE,PROPN,Imperatori,1,conj
648,Aelio,Tito,Hadriano,Ael,lio,B-PERS:NOMEN,PROPN,Tito,13,flat:name
648,Hadriano,Aelio,Antonino,Had,ano,B-PERS:COG,PROPN,Aelio,14,flat:name
648,Antonino,Hadriano,Augusto,Ant,ino,B-PERS:COG,PROPN,Imperatori,1,nsubj
648,Augusto,Antonino,Pio,Aug,sto,B-PERS:TITLE,PROPN,Antonino,16,flat:name
648,Pio,Augusto,pontifici,Pio,Pio,B-PERS:AG,PROPN,Antonino,16,flat:name
648,pontifici,Pio,maximo,pon,ici,B-TITLE,NOUN,Antonino,16,appos
648,maximo,pontifici,tribunicia,max,imo,I-TITLE,ADJ,potestate,22,amod
648,tribunicia,maximo,potestate,tri,cia,B-TITLE,ADJ,potestate,22,amod
648,potestate,tribunicia,III,pot,ate,I-TITLE,NOUN,Imperatori,1,obl
648,III,potestate,consuli,III,III,O,NUM,consuli,24,dep
648,consuli,III,III,con,uli,B-TITLE,NOUN,Imperatori,1,appos
648,III,consuli,patri,III,III,O,NUM,consuli,24,dep
648,patri,III,patriae,pat,tri,B-TITLE,NOUN,Imperatori,1,nmod
648,patriae,patri,indulgentissimo,pat,iae,I-TITLE,ADJ,patri,26,nmod
648,indulgentissimo,patriae,principi,ind,imo,B-TITLE,ADJ,principi,29,amod
648,principi,indulgentissimo,<END>,pri,ipi,I-TITLE,PUNCT,patri,26,nmod
811,Titus,<START>,Vassius,Tit,tus,B-PERS:PRAE,PROPN,dedit,7,nsubj
811,Vassius,Titus,Titi,Vas,ius,B-PERS:NOMEN,PROPN,Titus,1,flat:name
811,Titi,Vassius,libertus,Tit,iti,B-PERS:FILI,PROPN,libertus,4,nmod
811,libertus,Titi,Faventinus,lib,tus,I-PERS:FILI,NOUN,Titus,1,appos
811,Faventinus,libertus,sevir,Fav,nus,B-PERS:COG,PROPN,libertus,4,amod
811,sevir,Faventinus,dedit,sev,vir,O,NOUN,dedit,7,xcomp
811,dedit,sevir,decurionibus,ded,dit,O,VERB,dedit,7,ROOT
811,decurionibus,dedit,<END>,dec,bus,O,NOUN,dedit,7,obl:arg
233,Opus,<START>,doliare,Opu,pus,O,NOUN,doliare,2,obj
233,doliare,Opus,ex,dol,are,O,VERB,doliare,2,ROOT
233,ex,doliare,praediis,ex,ex,O,ADP,praediis,4,case
233,praediis,ex,Auggustorum,pra,iis,O,NOUN,doliare,2,obl
233,Auggustorum,praediis,nnostrorum,Aug,rum,O,NOUN,praediis,4,nmod
233,nnostrorum,Auggustorum,figlinis,nno,rum,O,DET,Auggustorum,5,det
233,figlinis,nnostrorum,Domitianis,fig,nis,O,ADJ,doliare,2,dep
233,Domitianis,figlinis,maioribus,Dom,nis,O,ADJ,figlinis,7,nmod
233,maioribus,Domitianis,Lani,mai,bus,O,NOUN,figlinis,7,amod
233,Lani,maioribus,Pisentini,Lan,ani,O,PROPN,figlinis,7,nmod
233,Pisentini,Lani,<END>,Pis,ini,O,PROPN,Lani,10,amod
796,Dis,<START>,Manibus,Dis,Dis,O,NOUN,Manibus,2,case
796,Manibus,Dis,sacrum,Man,bus,O,PROPN,conservae,8,obl
796,sacrum,Manibus,Trophimus,sac,rum,O,ADJ,Trophimus,4,amod
796,Trophimus,sacrum,Isiadis,Tro,mus,B-PERS:NOMEN,PROPN,conservae,8,nsubj
796,Isiadis,Trophimus,servus,Isi,dis,B-PERS:COG,PROPN,servus,6,nmod
796,servus,Isiadis,Comiceni,ser,vus,O,NOUN,Trophimus,4,appos
796,Comiceni,servus,conservae,Com,eni,B-PERS,PROPN,Trophimus,4,amod
796,conservae,Comiceni,optimae,con,vae,O,VERB,conservae,8,ROOT
796,optimae,conservae,de,opt,mae,O,ADJ,conservae,8,obj
796,de,optimae,se,de,de,O,ADP,se,11,case
796,se,de,bene,se,se,O,PRON,conservae,8,obl
796,bene,se,merenti,ben,ene,O,ADV,merenti,13,advmod
796,merenti,bene,et,mer,nti,O,ADJ,se,11,conj
796,et,merenti,Da,et,et,O,CCONJ,posteris,20,cc
796,Da,et,filio,Da,Da,O,PUNCT,se,11,conj
796,filio,Da,et,fil,lio,O,NOUN,Da,15,appos
796,et,filio,sibi,et,et,O,CCONJ,posteris,20,cc
796,sibi,et,et,sib,ibi,O,PRON,Da,15,conj
796,et,sibi,posterisque,et,et,O,CCONJ,posteris,20,cc
796,posterisque,et,eorum,pos,que,O,NOUN,,-1,
796,eorum,posterisque,<END>,eor,rum,O,PRON,que,21,nmod
682,Crescens,<START>,Sinicerius,Cre,ens,B-PERS:NOMEN,PROPN,vixit,5,nsubj
682,Sinicerius,Crescens,Iudaeus,Sin,ius,B-PERS:COG,PROPN,Crescens,1,flat:name
682,Iudaeus,Sinicerius,proselyItus,Iud,eus,O,PROPN,proselyItus,4,amod
682,proselyItus,Iudaeus,vixit,pro,tus,O,ADV,Crescens,1,appos
682,vixit,proselyItus,annos,vix,xit,O,VERB,fecit,14,advcl
682,annos,vixit,XXXV,ann,nos,O,NOUN,vixit,5,obj
682,XXXV,annos,dormitionem,XXX,XXV,O,NUM,annos,6,nummod
682,dormitionem,XXXV,accepit,dor,nem,O,NOUN,accepit,9,obj
682,accepit,dormitionem,mater,acc,pit,O,VERB,vixit,5,conj
682,mater,accepit,dulcissimo,mat,ter,O,NOUN,accepit,9,nsubj
682,dulcissimo,mater,filioV,dul,imo,O,ADJ,filioV,12,amod
682,filioV,dulcissimo,suo,fil,ioV,O,NOUN,vixit,5,obl
682,suo,filioV,fecit,suo,suo,O,PUNCT,filioV,12,det
682,fecit,suo,quod,fec,cit,O,VERB,fecit,14,ROOT
682,quod,fecit,ipse,quo,uod,O,PRON,debuit,18,mark
682,ipse,quod,mihi,ips,pse,O,DET,debuit,18,nsubj
682,mihi,ipse,debuit,mih,ihi,O,PRON,debuit,18,obl:arg
682,debuit,mihi,facere,deb,uit,O,VERB,fecit,14,ccomp
682,facere,debuit,VIII,fac,ere,O,VERB,debuit,18,xcomp
682,VIII,facere,Kalendas,VII,III,O,NUM,facere,19,obj
682,Kalendas,VIII,Ianuarias,Kal,das,O,NOUN,VIII,20,nmod
682,Ianuarias,Kalendas,<END>,Ian,ias,O,ADJ,Kalendas,21,amod
805,Imperator,<START>,Caesar,Imp,tor,B-PERS:TITLE,NOUN,adiecit,69,nsubj
805,Caesar,Imperator,divi,Cae,sar,B-PERS:TITLE,PROPN,Imperator,70,flat:name
805,divi,Caesar,Hadriani,div,ivi,B-PERS:FILI,VERB,Nervae,79,amod
805,Hadriani,divi,filius,Had,ani,I-PERS:FILI,PROPN,adiecit,69,nmod
805,filius,Hadriani,divi,fil,ius,I-PERS:FILI,NOUN,adiecit,69,appos
805,divi,filius,Traiani,div,ivi,B-PERS:FILI,VERB,Nervae,79,amod
805,Traiani,divi,nepos,Tra,ani,I-PERS:FILI,PROPN,nepos,77,nmod
805,nepos,Traiani,divi,nep,pos,I-PERS:FILI,NOUN,adiecit,69,appos
805,divi,nepos,Nervae,div,ivi,B-PERS:FILI,VERB,Nervae,79,amod
805,Nervae,divi,pronepos,Ner,vae,I-PERS:FILI,PROPN,pronepos,80,nmod
805,pronepos,Nervae,Titus,pro,pos,I-PERS:FILI,X,adiecit,69,conj
805,Titus,pronepos,Aelius,Tit,tus,B-PERS:PRAE,PROPN,adiecit,69,nsubj
805,Aelius,Titus,Hadrianus,Ael,ius,B-PERS:NOMEN,PROPN,Titus,81,flat:name
805,Hadrianus,Aelius,Antoninus,Had,nus,B-PERS:COG,PROPN,Titus,81,flat:name
805,Antoninus,Hadrianus,Augustus,Ant,nus,B-PERS:AG,PROPN,Titus,81,flat:name
805,Augustus,Antoninus,Pius,Aug,tus,B-PERS:TITLE,PROPN,Titus,81,flat:name
805,Pius,Augustus,pontifex,Piu,ius,B-PERS:AG,ADJ,Titus,81,flat:name
805,pontifex,Pius,maximus,pon,fex,B-TITLE,NOUN,Titus,81,appos
805,maximus,pontifex,tribunicia,max,mus,I-TITLE,ADJ,potestate,90,amod
805,tribunicia,maximus,potestate,tri,cia,B-TITLE,ADJ,potestate,90,amod
805,potestate,tribunicia,XXII,pot,ate,I-TITLE,NOUN,Titus,81,obl
805,XXII,potestate,consul,XXI,XII,O,NUM,consul,23,dep
805,consul,XXII,IIII,con,sul,B-TITLE,NOUN,adiecit,69,dep
805,IIII,consul,pater,III,III,O,NUM,consul,91,nummod
805,pater,IIII,patriae,pat,ter,B-TITLE,NOUN,adiecit,69,dep
805,patriae,pater,salutem,pat,iae,I-TITLE,ADJ,salutem,95,nmod
805,salutem,patriae,dicit,sal,tem,O,NOUN,dicit,96,obj
805,dicit,salutem,IIIIviris,dic,cit,O,VERB,dicit,28,conj
805,IIIIviris,dicit,et,III,ris,O,NUM,dicit,96,obl:arg
805,et,IIIIviris,decurionibus,et,et,O,CCONJ,decurionibus,99,cc
805,decurionibus,et,Obulculensium,dec,bus,O,NOUN,IIIIviris,97,conj
805,Obulculensium,decurionibus,a,Obu,ium,B-LOC,ADJ,salutem,95,nmod
805,a,Obulculensium,Lucilio,a,a,O,ADP,Lucilio,34,case
805,Lucilio,a,Africano,Luc,lio,B-PERS:PRAE,PROPN,subici,43,obl:agent
805,Africano,Lucilio,proconsule,Afr,ano,B-PERS:COG,PROPN,Lucilio,34,flat:name
805,proconsule,Africano,clarissimo,pro,ule,O,NOUN,Lucilio,34,appos
805,clarissimo,proconsule,viro,cla,imo,O,ADJ,viro,38,amod
805,viro,clarissimo,adversus,vir,iro,O,NOUN,Lucilio,34,appos
805,adversus,viro,exemplum,adv,sus,O,ADP,exemplum,40,case
805,exemplum,adversus,decreti,exe,lum,O,NOUN,subici,43,obl
805,decreti,exemplum,mei,dec,eti,O,NOUN,exemplum,40,nmod
805,mei,decreti,subici,mei,mei,O,DET,decreti,41,det
805,subici,mei,iussi,sub,ici,O,VERB,iussi,44,ccomp
805,iussi,subici,haec,ius,ssi,O,VERB,dicit,28,ccomp
805,haec,iussi,legato,hae,aec,O,DET,valete,48,nsubj
805,legato,haec,bene,leg,ato,O,NOUN,valete,48,obl
805,bene,legato,valete,ben,ene,O,ADV,valete,48,advmod
805,valete,bene,Quintillo,val,ete,O,VERB,dicit,28,advcl:abs
805,Quintillo,valete,et,Qui,llo,B-PERS,PROPN,consulibus,52,nsubj
805,et,Quintillo,Prisco,et,et,O,CCONJ,decurionibus,99,cc
805,Prisco,et,consulibus,Pri,sco,B-PERS,VERB,Quintillo,49,conj
805,consulibus,Prisco,beneficium,con,bus,O,NOUN,valete,48,advcl:abs
805,beneficium,consulibus,cuius,ben,ium,O,NOUN,exigi,66,nsubj:pass
805,cuius,beneficium,auctor,cui,ius,O,PUNCT,auctor,55,nmod
805,auctor,cuius,non,auc,tor,O,NOUN,probatus,57,nsubj:pass
805,non,auctor,probatus,non,non,O,PART,probatus,57,advmod:neg
805,probatus,non,esset,pro,tus,O,VERB,beneficium,53,acl:relcl
805,esset,probatus,Obulculensium,ess,set,O,AUX,probatus,57,aux:pass
805,Obulculensium,esset,et,Obu,ium,B-LOC,ADJ,salutem,95,nmod
805,et,Obulculensium,longa,et,et,O,CCONJ,decurionibus,99,cc
805,longa,et,huius,lon,nga,O,ADJ,consuetudine,64,amod
805,huius,longa,exactionis,hui,ius,O,DET,exactionis,63,det
805,exactionis,huius,consuetudine,exa,nis,O,NOUN,consuetudine,64,nmod
805,consuetudine,exactionis,vicesimam,con,ine,O,NOUN,exigi,66,obl
805,vicesimam,consuetudine,exigi,vic,mam,O,ADJ,exigi,66,nsubj:pass
805,exigi,vicesimam,post,exi,igi,O,VERB,dicit,28,ccomp
805,post,exigi,quae,pos,ost,O,ADV,quae,68,case
805,quae,post,adiecit,qua,uae,O,PRON,adiecit,69,obl
805,adiecit,quae,Imperator,adi,cit,O,VERB,consuetudine,64,acl:relcl
805,Imperator,adiecit,Caesar,Imp,tor,B-PERS:TITLE,NOUN,adiecit,69,nsubj
805,Caesar,Imperator,divi,Cae,sar,B-PERS:TITLE,PROPN,Imperator,70,flat:name
805,divi,Caesar,Hadriani,div,ivi,B-PERS:FILI,VERB,Nervae,79,amod
805,Hadriani,divi,filius,Had,ani,I-PERS:FILI,PROPN,adiecit,69,nmod
805,filius,Hadriani,divi,fil,ius,I-PERS:FILI,NOUN,adiecit,69,appos
805,divi,filius,Traiani,div,ivi,B-PERS:FILI,VERB,Nervae,79,amod
805,Traiani,divi,nepos,Tra,ani,I-PERS:FILI,PROPN,nepos,77,nmod
805,nepos,Traiani,divi,nep,pos,I-PERS:FILI,NOUN,adiecit,69,appos
805,divi,nepos,Nervae,div,ivi,B-PERS:FILI,VERB,Nervae,79,amod
805,Nervae,divi,pronepos,Ner,vae,I-PERS:FILI,PROPN,pronepos,80,nmod
805,pronepos,Nervae,Titus,pro,pos,I-PERS:FILI,X,adiecit,69,conj
805,Titus,pronepos,Aelius,Tit,tus,B-PERS:PRAE,PROPN,adiecit,69,nsubj
805,Aelius,Titus,Hadrianus,Ael,ius,B-PERS:NOMEN,PROPN,Titus,81,flat:name
805,Hadrianus,Aelius,Antoninus,Had,nus,B-PERS:COG,PROPN,Titus,81,flat:name
805,Antoninus,Hadrianus,Augustus,Ant,nus,B-PERS:AG,PROPN,Titus,81,flat:name
805,Augustus,Antoninus,Pius,Aug,tus,B-PERS:TITLE,PROPN,Titus,81,flat:name
805,Pius,Augustus,pontifex,Piu,ius,B-PERS:AG,ADJ,Titus,81,flat:name
805,pontifex,Pius,maximus,pon,fex,B-TITLE,NOUN,Titus,81,appos
805,maximus,pontifex,tribunicia,max,mus,I-TITLE,ADJ,potestate,90,amod
805,tribunicia,maximus,potestate,tri,cia,B-TITLE,ADJ,potestate,90,amod
805,potestate,tribunicia,consul,pot,ate,I-TITLE,NOUN,Titus,81,obl
805,consul,potestate,IIII,con,sul,B-TITLE,NOUN,adiecit,69,dep
805,IIII,consul,pater,III,III,O,NUM,consul,91,nummod
805,pater,IIII,patriae,pat,ter,B-TITLE,NOUN,adiecit,69,dep
805,patriae,pater,salutem,pat,iae,I-TITLE,ADJ,salutem,95,nmod
805,salutem,patriae,dicit,sal,tem,O,NOUN,dicit,96,obj
805,dicit,salutem,IIIIviris,dic,cit,O,VERB,dicit,28,conj
805,IIIIviris,dicit,et,III,ris,O,NUM,dicit,96,obl:arg
805,et,IIIIviris,decurionibus,et,et,O,CCONJ,decurionibus,99,cc
805,decurionibus,et,Obulculensium,dec,bus,O,NOUN,IIIIviris,97,conj
805,Obulculensium,decurionibus,<END>,Obu,ium,B-LOC,ADJ,salutem,95,nmod
483,Hic,<START>,requiescit,Hic,Hic,O,ADV,requiescit,2,nsubj
483,requiescit,Hic,in,req,cit,O,VERB,requiescit,2,ROOT
483,in,requiescit,pace,in,in,O,ADP,pace,4,case
483,pace,in,a,pac,ace,O,PUNCT,requiescit,2,obl
483,a,pace,quae,a,a,O,ADP,quae,6,case
483,quae,a,vixit,qua,uae,O,PRON,vixit,7,obl
483,vixit,quae,annos,vix,xit,O,VERB,pace,4,acl:relcl
483,annos,vixit,plus,ann,nos,O,NOUN,vixit,7,obl
483,plus,annos,miVnus,plu,lus,O,ADV,deposita,11,advmod
483,miVnus,plus,deposita,miV,nus,O,INTJ,deposita,11,discourse
483,deposita,miVnus,VIIGT,dep,ita,O,VERB,requiescit,2,advcl
483,VIIGT,deposita,die,VII,IGT,O,NUM,deposita,11,mark
483,die,VIIGT,post,die,die,O,PUNCT,deposita,11,obl
483,post,die,consulatum,pos,ost,O,ADV,consulatum,15,case
483,consulatum,post,Basili,con,tum,O,NOUN,die,13,appos
483,Basili,consulatum,viri,Bas,ili,B-PERS,PROPN,consulatum,15,nmod
483,viri,Basili,c,vir,iri,O,NOUN,Hic,1,nmod
483,c,viri,clarissimi,c,c,O,PUNCT,clarissimi,19,cc
483,clarissimi,c,<END>,cla,imi,O,ADJ,viri,17,amod
361,Herculi,<START>,Augusto,Her,uli,O,PROPN,sacrum,3,nmod
361,Augusto,Herculi,sacrum,Aug,sto,O,PROPN,Herculi,1,flat:name
361,sacrum,Augusto,Sextus,sac,rum,O,ADJ,dedit,9,obj
361,Sextus,sacrum,Attius,Sex,tus,B-PERS:NOMEN,PROPN,dedit,9,nsubj
361,Attius,Sextus,A,Att,ius,B-PERS:COG,PROPN,Sextus,4,flat:name
361,A,Attius,D,A,A,O,ADP,D,7,case
361,D,A,donum,D,D,O,NOUN,Sextus,4,appos
361,donum,D,dedit,don,num,O,NOUN,dedit,9,obj
361,dedit,donum,<END>,ded,dit,O,VERB,dedit,9,ROOT
839,Livia,<START>,Augustae,Liv,via,B-PERS:NOMEN,PROPN,Livia,1,ROOT
839,Augustae,Livia,liberta,Aug,tae,B-PERS:FILI,PROPN,liberta,3,nmod
839,liberta,Augustae,thermutario,lib,rta,I-PERS:FILI,NOUN,Livia,1,appos
839,thermutario,liberta,<END>,the,rio,O,ADJ,Livia,1,appos
237,Marti,<START>,Augusto,Mar,rti,O,PROPN,Marti,1,ROOT
237,Augusto,Marti,pro,Aug,sto,O,PROPN,Marti,1,flat:name
237,pro,Augusto,salute,pro,pro,O,ADP,salute,4,case
237,salute,pro,Quinti,sal,ute,O,NOUN,Marti,1,conj
237,Quinti,salute,Mai,Qui,nti,B-PERS:NOMEN,PROPN,salute,4,nmod
237,Mai,Quinti,Ce,Mai,Mai,B-PERS:COG,ADJ,salute,4,nmod
237,Ce,Mai,<END>,Ce,Ce,O,INTJ,Marti,1,conj
628,cum,<START>,iis,cum,cum,O,ADP,iis,2,case
628,iis,cum,quas,iis,iis,O,PRON,dumtaxat,6,nmod
628,quas,iis,postea,qua,uas,O,PRON,duxissent,5,obj
628,postea,quas,duxissent,pos,tea,O,ADV,duxissent,5,advmod:tmod
628,duxissent,postea,dumtaxat,dux,ent,O,VERB,iis,2,acl:relcl
628,dumtaxat,duxissent,singuli,dum,xat,O,ADV,dumtaxat,6,ROOT
628,singuli,dumtaxat,singulas,sin,uli,O,ADJ,singulas,8,nsubj
628,singulas,singuli,<END>,sin,las,O,ADJ,dumtaxat,6,acl:relcl
958,o,<START>,Marci,o,o,O,PUNCT,filio,3,advmod:emph
958,Marci,o,filio,Mar,rci,B-PERS:FILI,PROPN,filio,3,nmod
958,filio,Marci,Cornelia,fil,lio,I-PERS:FILI,NOUN,praefecto,13,dep
958,Cornelia,filio,Dextro,Cor,lia,B-PERS:TRIBE,PROPN,filio,17,flat
958,Dextro,Cornelia,aeIdili,Dex,tro,B-PERS:COG,ADJ,aeIdili,6,amod
958,aeIdili,Dextro,IIIIviro,aeI,ili,B-TITLE,ADV,filio,3,nmod
958,IIIIviro,aeIdili,iure,III,iro,O,NOUN,filio,17,nmod
958,iure,IIIIviro,dicundo,iur,ure,O,NOUN,dicundo,9,obl
958,dicundo,iure,quaestori,dic,ndo,O,VERB,quaestori,10,acl:relcl
958,quaestori,dicundo,tribuno,qua,ori,O,NOUN,quaestori,10,ROOT
958,tribuno,quaestori,militum,tri,uno,B-TITLE,NOUN,quaestori,10,appos
958,militum,tribuno,praefecto,mil,tum,O,NOUN,tribuno,11,nmod
958,praefecto,militum,fabrum,pra,cto,B-TITLE,NOUN,quaestori,10,conj
958,fabrum,praefecto,nio,fab,rum,O,NOUN,praefecto,13,obj
958,nio,fabrum,Quinti,nio,nio,O,VERB,filio,17,det
958,Quinti,nio,filio,Qui,nti,B-PERS:FILI,PROPN,filio,17,nmod
958,filio,Quinti,Cornelia,fil,lio,I-PERS:FILI,NOUN,praefecto,13,dep
958,Cornelia,filio,IIIIviro,Cor,lia,B-PERS:TRIBE,PROPN,filio,17,flat
958,IIIIviro,Cornelia,aedili,III,iro,O,NOUN,filio,17,nmod
958,aedili,IIIIviro,<END>,aed,ili,B-TITLE,NOUN,filio,17,appos
583,Armea,<START>,me,Arm,mea,O,PROPN,docuit,3,nsubj
583,me,Armea,docuit,me,me,O,PRON,docuit,3,obj
583,docuit,me,recte,doc,uit,O,VERB,docuit,3,ROOT
583,recte,docuit,beIne,rec,cte,O,ADV,beIne,5,advmod
583,beIne,recte,dicere,beI,Ine,O,ADV,docuit,3,dep
583,dicere,beIne,cunctis,dic,ere,O,VERB,docuit,3,xcomp
583,cunctis,dicere,<END>,cun,tis,O,DET,dicere,6,obl:arg
273,Arti,<START>,Tiberio,Art,rti,B-PERS,NOUN,Arti,1,ROOT
273,Tiberio,Arti,Claudio,Tib,rio,B-PERS:PRAE,PROPN,Arti,1,dep
273,Claudio,Tiberio,Art,Cla,dio,B-PERS:NOMEN,PROPN,Tiberio,2,flat:name
273,Art,Claudio,filio,Art,Art,B-PERS:FILI,NOUN,Arti,1,appos
273,filio,Art,et,fil,lio,I-PERS:FILI,NOUN,Art,4,appos
273,et,filio,libertis,et,et,O,CCONJ,libertis,7,cc
273,libertis,et,libertabusque,lib,tis,O,ADJ,Art,4,conj
273,libertabusque,libertis,suis,lib,que,O,VERB,,-1,
273,suis,libertabusque,<END>,sui,uis,O,DET,que,9,det
202,Memoriae,<START>,aeternae,Mem,iae,O,NOUN,curaverunt,31,obl:arg
202,aeternae,Memoriae,Exomni,aet,nae,O,ADJ,Memoriae,1,amod
202,Exomni,aeternae,Paterniani,Exo,mni,B-PERS:NOMEN,NOUN,Memoriae,1,nmod
202,Paterniani,Exomni,quondam,Pat,ani,B-PERS:COG,PROPN,Exomni,3,amod
202,quondam,Paterniani,centurionis,quo,dam,O,ADV,Paterniae,13,amod
202,centurionis,quondam,legionarii,cen,nis,O,NOUN,Exomni,3,appos
202,legionarii,centurionis,idemque,leg,rii,O,ADJ,centurionis,6,amod
202,idemque,legionarii,memoriae,ide,que,O,DET,,-1,
202,memoriae,idemque,dulcissimae,mem,iae,O,NOUN,Memoriae,1,conj
202,dulcissimae,memoriae,quondam,dul,mae,O,ADJ,memoriae,10,amod
202,quondam,dulcissimae,Paterniae,quo,dam,O,ADV,Paterniae,13,amod
202,Paterniae,quondam,Paternianae,Pat,iae,B-PERS:NOMEN,ADJ,filiae,15,amod
202,Paternianae,Paterniae,filiae,Pat,nae,B-PERS:COG,ADJ,filiae,15,amod
202,filiae,Paternianae,eius,fil,iae,O,NOUN,filiae,15,conj
202,eius,filiae,Tertinia,eiu,ius,O,ADV,filiae,15,det
202,Tertinia,eius,Victorina,Ter,nia,B-PERS:NOMEN,PROPN,filiae,15,flat
202,Victorina,Tertinia,mater,Vic,ina,B-PERS:COG,PROPN,filiae,15,conj
202,mater,Victorina,infelicissima,mat,ter,O,NOUN,Tertinia,17,appos
202,infelicissima,mater,marito,inf,ima,O,ADJ,filiae,15,amod
202,marito,infelicissima,et,mar,ito,O,NOUN,infelicissima,20,obl
202,et,marito,filiae,et,et,O,CCONJ,dedicaverunt,35,cc
202,filiae,et,et,fil,iae,O,NOUN,filiae,15,conj
202,et,filiae,Paternia,et,et,O,CCONJ,dedicaverunt,35,cc
202,Paternia,et,Victorina,Pat,nia,B-PERS:NOMEN,NOUN,Victorina,26,amod
202,Victorina,Paternia,patri,Vic,ina,B-PERS:COG,PROPN,filiae,15,conj
202,patri,Victorina,et,pat,tri,O,NOUN,filiae,15,appos
202,et,patri,sorori,et,et,O,CCONJ,dedicaverunt,35,cc
202,sorori,et,ponendum,sor,ori,O,NOUN,patri,27,conj
202,ponendum,sorori,curaverunt,pon,dum,O,VERB,curaverunt,31,ccomp
202,curaverunt,ponendum,et,cur,unt,O,VERB,curaverunt,31,ROOT
202,et,curaverunt,sub,et,et,O,CCONJ,dedicaverunt,35,cc
202,sub,et,ascia,sub,sub,O,ADP,ascia,34,case
202,ascia,sub,dedicaverunt,asc,cia,O,X,dedicaverunt,35,obl
202,dedicaverunt,ascia,<END>,ded,unt,O,VERB,curaverunt,31,conj
14,Caius,<START>,Domitius,Cai,ius,B-PERS:PRAE,PROPN,fecit,15,nsubj
14,Domitius,Caius,Zmaragdus,Dom,ius,B-PERS:NOMEN,PROPN,Caius,1,flat:name
14,Zmaragdus,Domitius,domo,Zma,dus,B-PERS:COG,NOUN,Caius,1,flat:name
14,domo,Zmaragdus,Antiochia,dom,omo,O,NOUN,Caius,1,appos
14,Antiochia,domo,decurio,Ant,hia,O,PROPN,domo,4,nmod
14,decurio,Antiochia,municipii,dec,rio,B-TITLE,NOUN,fecit,15,xcomp
14,municipii,decurio,Aeli,mun,pii,O,NOUN,decurio,6,nmod
14,Aeli,municipii,Carnunti,Ael,eli,B-PERS:NOMEN,PROPN,municipii,7,nmod
14,Carnunti,Aeli,amphitheatrum,Car,nti,B-PERS:COG,PROPN,municipii,7,nmod
14,amphitheatrum,Carnunti,impensa,amp,rum,O,NOUN,fecit,15,obj
14,impensa,amphitheatrum,sua,imp,nsa,O,ADJ,fecit,15,obl
14,sua,impensa,solo,sua,sua,O,DET,impensa,11,det
14,solo,sua,publico,sol,olo,O,PUNCT,impensa,11,det
14,publico,solo,fecit,pub,ico,O,ADJ,fecit,15,obl
14,fecit,publico,<END>,fec,cit,O,VERB,fecit,15,ROOT
428,Dis,<START>,Manibus,Dis,Dis,O,NOUN,Manibus,2,case
428,Manibus,Dis,sacrum,Man,bus,O,PROPN,vixit,8,obl
428,sacrum,Manibus,Nampame,sac,rum,O,ADJ,vixit,8,dep
428,Nampame,sacrum,Diofanti,Nam,ame,B-PERS:NOMEN,PROPN,vixit,8,nsubj
428,Diofanti,Nampame,filia,Dio,nti,B-PERS:FILI,PROPN,filia,6,nmod
428,filia,Diofanti,pia,fil,lia,I-PERS:FILI,NOUN,Nampame,4,appos
428,pia,filia,vixit,pia,pia,O,NOUN,filia,6,amod
428,vixit,pia,annos,vix,xit,O,VERB,vixit,8,ROOT
428,annos,vixit,XXXXI,ann,nos,O,NOUN,vixit,8,obj
428,XXXXI,annos,hic,XXX,XXI,O,NUM,annos,9,nummod
428,hic,XXXXI,sita,hic,hic,O,ADV,sita,12,advmod:lmod
428,sita,hic,est,sit,ita,O,ADJ,vixit,8,conj
428,est,sita,<END>,est,est,O,AUX,sita,12,aux:pass
240,Iulius,<START>,CC,Iul,ius,B-PERS:NOMEN,PROPN,Iulius,1,ROOT
240,CC,Iulius,vi,CC,CC,O,PUNCT,Iulius,1,acl
240,vi,CC,cxit,vi,vi,O,NUM,Iulius,1,nummod
240,cxit,vi,annis,cxi,xit,O,X,Iulius,1,acl
240,annis,cxit,menses,ann,nis,O,NOUN,Iulius,1,obl
240,menses,annis,in,men,ses,O,NOUN,annis,5,appos
240,in,menses,pace,in,in,O,ADP,pace,8,case
240,pace,in,<END>,pac,ace,O,PUNCT,annis,5,nmod
85,Marcus,<START>,Valerius,Mar,cus,B-PERS:PRAE,PROPN,terminarunt,17,nsubj
85,Valerius,Marcus,Marci,Val,ius,B-PERS:NOMEN,PROPN,Marcus,1,flat:name
85,Marci,Valerius,filius,Mar,rci,B-PERS:FILI,PROPN,filius,4,nmod
85,filius,Marci,Mani,fil,ius,I-PERS:FILI,NOUN,Publius,8,appos
85,Mani,filius,nepos,Man,ani,B-PERS:FILI,PROPN,Marcus,1,nmod
85,nepos,Mani,Messalla,nep,pos,I-PERS:FILI,NOUN,Mani,5,appos
85,Messalla,nepos,Publius,Mes,lla,B-PERS:COG,PROPN,Marcus,1,conj
85,Publius,Messalla,Servilius,Pub,ius,B-PERS:PRAE,PROPN,Marcus,1,conj
85,Servilius,Publius,Cai,Ser,ius,B-PERS:NOMEN,PROPN,Publius,8,flat:name
85,Cai,Servilius,filius,Cai,Cai,B-PERS:FILI,PROPN,filius,11,nmod
85,filius,Cai,Isauricus,fil,ius,I-PERS:FILI,NOUN,Publius,8,appos
85,Isauricus,filius,censores,Isa,cus,B-PERS:COG,PROPN,Marcus,1,conj
85,censores,Isauricus,ex,cen,res,O,NOUN,Marcus,1,appos
85,ex,censores,senatus,ex,ex,O,ADP,consulto,30,case
85,senatus,ex,consulto,sen,tus,O,NOUN,consulto,30,nmod
85,consulto,senatus,terminarunt,con,lto,O,NOUN,restituerunt,31,obl
85,terminarunt,consulto,recta,ter,unt,O,VERB,terminarunt,17,ROOT
85,recta,terminarunt,regione,rec,cta,O,ADJ,restituerunt,31,advcl:abs
85,regione,recta,proximus,reg,one,O,NOUN,recta,18,nsubj:pass
85,proximus,regione,cippus,pro,mus,O,ADJ,restituerunt,31,advcl:pred
85,cippus,proximus,pedes,cip,pus,O,NOUN,proximus,20,conj
85,pedes,cippus,curatores,ped,des,O,X,proximus,20,conj
85,curatores,pedes,riparum,cur,res,O,NOUN,proximus,20,conj
85,riparum,curatores,qui,rip,rum,O,ADJ,curatores,23,nmod
85,qui,riparum,primi,qui,qui,O,PUNCT,terminaverunt,27,nsubj
85,primi,qui,terminaverunt,pri,imi,O,PUNCT,terminaverunt,27,advcl:pred
85,terminaverunt,primi,ex,ter,unt,O,VERB,proximus,20,conj
85,ex,terminaverunt,senatus,ex,ex,O,ADP,consulto,30,case
85,senatus,ex,consulto,sen,tus,O,NOUN,consulto,30,nmod
85,consulto,senatus,restituerunt,con,lto,O,NOUN,restituerunt,31,obl
85,restituerunt,consulto,<END>,res,unt,O,VERB,terminarunt,17,conj
533,II,<START>,III,II,II,O,NUM,II,1,ROOT
533,III,II,IV,III,III,O,NUM,II,1,conj
533,IV,III,IIIIIII,IV,IV,O,NUM,II,1,conj
533,IIIIIII,IV,V,III,III,O,NUM,II,1,conj
533,V,IIIIIII,I,V,V,O,,II,1,conj
533,I,V,III,I,I,O,NUM,II,1,conj
533,III,I,IIIIII,III,III,O,NUM,II,1,conj
533,IIIIII,III,I,III,III,O,NUM,II,1,conj
533,I,IIIIII,I,I,I,O,NUM,II,1,conj
533,I,I,III,I,I,O,NUM,II,1,conj
533,III,I,I,III,III,O,NUM,II,1,conj
533,I,III,I,I,I,O,NUM,II,1,conj
533,I,I,IIIII,I,I,O,NUM,II,1,conj
533,IIIII,I,<END>,III,III,O,NUM,II,1,conj
173,Marci,<START>,filio,Mar,rci,B-PERS:FILI,PROPN,MIO,6,nmod
173,filio,Marci,Quirina,fil,lio,I-PERS:FILI,NOUN,Marci,1,appos
173,Quirina,filio,o,Qui,ina,B-PERS:TRIBE,PROPN,Marci,1,nmod
173,o,Quirina,Lolliano,o,o,O,PUNCT,Lolliano,5,cc
173,Lolliano,o,MIO,Lol,ano,B-PERS:NOMEN,PROPN,Marci,1,conj
173,MIO,Lolliano,<END>,MIO,MIO,B-PERS:COG,VERB,MIO,6,ROOT
290,A,<START>,Accaus,A,A,O,ADP,Accaus,2,case
290,Accaus,A,Accaus,Acc,aus,O,PROPN,Accaus,2,flat:name
290,Accaus,Accaus,Octavius,Acc,aus,B-PERS:NOMEN,PROPN,Accaus,2,flat:name
290,Octavius,Accaus,de,Oct,ius,B-PERS:COG,PROPN,Accaus,2,conj
290,de,Octavius,sua,de,de,O,ADP,pecunia,7,case
290,sua,de,pecunia,sua,sua,O,DET,pecunia,7,det
290,pecunia,sua,<END>,pec,nia,O,NOUN,Accaus,2,nmod
486,Viva,<START>,Annia,Viv,iva,O,VERB,Annia,2,amod
486,Annia,Viva,Cai,Ann,nia,B-PERS:NOMEN,PROPN,Annia,2,ROOT
486,Cai,Annia,liberta,Cai,Cai,B-PERS:FILI,PROPN,liberta,4,nmod
486,liberta,Cai,Secunda,lib,rta,I-PERS:FILI,NOUN,Annia,2,appos
486,Secunda,liberta,obitus,Sec,nda,B-PERS:NOMEN,ADJ,Annia,2,appos
486,obitus,Secunda,Caius,obi,tus,O,NOUN,Annia,2,appos
486,Caius,obitus,Annius,Cai,ius,B-PERS:PRAE,PROPN,Annia,2,flat
486,Annius,Caius,mulieris,Ann,ius,B-PERS:NOMEN,PROPN,Caius,7,flat:name
486,mulieris,Annius,libertus,mul,ris,B-PERS:FILI,NOUN,libertus,10,nmod
486,libertus,mulieris,Anina,lib,tus,I-PERS:FILI,NOUN,Caius,7,appos
486,Anina,libertus,in,Ani,ina,B-PERS:COG,ADJ,Annia,2,appos
486,in,Anina,fronte,in,in,O,ADP,agro,17,case
486,fronte,in,pedes,fro,nte,O,NOUN,Anina,11,nmod
486,pedes,fronte,XII,ped,des,O,X,Annia,2,conj
486,XII,pedes,in,XII,XII,O,NUM,pedes,18,nummod
486,in,XII,agro,in,in,O,ADP,agro,17,case
486,agro,in,pedes,agr,gro,O,NOUN,pedes,14,nmod
486,pedes,agro,XII,ped,des,O,X,Annia,2,conj
486,XII,pedes,<END>,XII,XII,O,NUM,pedes,18,nummod
330,Dis,<START>,Manibus,Dis,Dis,O,NOUN,Manibus,2,case
330,Manibus,Dis,sacrum,Man,bus,O,PROPN,vixit,6,obl
330,sacrum,Manibus,Maria,sac,rum,O,ADJ,vixit,6,xcomp
330,Maria,sacrum,Faustina,Mar,ria,B-PERS:NOMEN,PROPN,vixit,6,nsubj
330,Faustina,Maria,vixit,Fau,ina,B-PERS:COG,PROPN,Cornia,12,flat
330,vixit,Faustina,annos,vix,xit,O,VERB,posuit,16,advcl
330,annos,vixit,LXXV,ann,nos,O,NOUN,vixit,6,obj
330,LXXV,annos,hic,LXX,XXV,O,NUM,annos,7,nummod
330,hic,LXXV,sita,hic,hic,O,ADV,sita,10,advmod:lmod
330,sita,hic,est,sit,ita,O,ADJ,vixit,6,conj
330,est,sita,Cornia,est,est,O,AUX,sita,10,aux:pass
330,Cornia,est,Faustina,Cor,nia,B-PERS:NOMEN,PROPN,posuit,16,nsubj
330,Faustina,Cornia,aviae,Fau,ina,B-PERS:COG,PROPN,Cornia,12,flat
330,aviae,Faustina,pia,avi,iae,O,NOUN,pia,15,nmod
330,pia,aviae,posuit,pia,pia,O,NOUN,posuit,16,obj
330,posuit,pia,<END>,pos,uit,O,VERB,posuit,16,ROOT
684,Terminus,<START>,hic,Ter,nus,O,ADJ,maneo,3,obj
684,hic,Terminus,maneo,hic,hic,O,ADV,maneo,3,advmod:lmod
684,maneo,hic,pede,man,neo,O,VERB,maneo,3,ROOT
684,pede,maneo,claudus,ped,ede,O,NOUN,maneo,3,obl
684,claudus,pede,utroque,cla,dus,O,ADJ,maneo,3,xcomp
684,utroque,claudus,horti,utr,que,O,DET,horti,7,det
684,horti,utroque,divitis,hor,rti,O,NOUN,Terminus,1,nmod
684,divitis,horti,at,div,tis,O,ADJ,horti,7,amod
684,at,divitis,procul,at,at,O,CCONJ,procul,10,cc
684,procul,at,hinc,pro,cul,O,ADV,maneo,3,dep
684,hinc,procul,rege,hin,inc,O,ADV,procul,10,orphan
684,rege,hinc,plaustra,reg,ege,O,NOUN,procul,10,orphan
684,plaustra,rege,bubulce,pla,tra,O,NOUN,iacebis,37,obl
684,bubulce,plaustra,quod,bub,lce,O,NOUN,procul,10,orphan
684,quod,bubulce,si,quo,uod,O,PRON,excutiere,25,mark
684,si,quod,forte,si,si,O,SCONJ,vitaverit,23,mark
684,forte,si,tuus,for,rte,O,ADV,vitaverit,23,advmod
684,tuus,forte,non,tuu,uus,O,DET,vitaverit,23,nsubj
684,non,tuus,me,non,non,O,PART,vitaverit,23,advmod:neg
684,me,non,non,me,me,O,PRON,vitaverit,23,obj
684,non,me,me,non,non,O,PART,vitaverit,23,advmod:neg
684,me,non,vitaverit,me,me,O,PRON,vitaverit,23,obj
684,vitaverit,me,axis,vit,rit,O,VERB,excutiere,25,advcl
684,axis,vitaverit,excutiere,axi,xis,O,NOUN,excutiere,25,obj
684,excutiere,axis,rotis,exc,ere,O,VERB,procul,10,advcl
684,rotis,excutiere,et,rot,tis,O,NOUN,excutiere,25,obj
684,et,rotis,tractus,et,et,O,CCONJ,tractus,28,cc
684,tractus,et,ut,tra,tus,O,VERB,rotis,26,conj
684,ut,tractus,Hector,ut,ut,O,SCONJ,iacebis,37,mark
684,Hector,ut,Homeri,Hec,tor,B-PERS,PROPN,iacebis,37,nsubj
684,Homeri,Hector,debilior,Hom,eri,O,PROPN,Hector,30,nmod
684,debilior,Homeri,nobis,deb,ior,O,ADJ,iacebis,37,xcomp
684,nobis,debilior,inter,nob,bis,O,PRON,iacebis,37,obl
684,inter,nobis,tua,int,ter,O,ADP,plaustra,36,case
684,tua,inter,plaustra,tua,tua,O,DET,plaustra,36,det
684,plaustra,tua,iacebis,pla,tra,O,NOUN,iacebis,37,obl
684,iacebis,plaustra,<END>,iac,bis,O,VERB,maneo,3,advcl
319,Deus,<START>,et,Deu,eus,O,NOUN,conserva,5,nsubj
319,et,Deus,sancti,et,et,O,CCONJ,Georgi,4,cc
319,sancti,et,Georgi,san,cti,O,ADJ,Georgi,4,amod
319,Georgi,sancti,conserva,Geo,rgi,O,PROPN,Deus,1,conj
319,conserva,Georgi,servo,con,rva,O,VERB,conserva,5,ROOT
319,servo,conserva,tuo,ser,rvo,O,NOUN,conserva,5,obj
319,tuo,servo,Georgio,tuo,tuo,O,DET,servo,6,det
319,Georgio,tuo,filio,Geo,gio,B-PERS,PROPN,servo,6,flat
319,filio,Georgio,Marini,fil,lio,I-PERS,NOUN,Georgio,8,appos
319,Marini,filio,<END>,Mar,ini,I-PERS,PROPN,filio,9,nmod
455,Tiberio,<START>,Claudio,Tib,rio,B-PERS:PRAE,PROPN,dedit,31,nsubj
455,Claudio,Tiberio,Caesare,Cla,dio,B-PERS:NOMEN,PROPN,Tiberio,1,flat:name
455,Caesare,Claudio,Augusto,Cae,are,B-PERS:TITLE,PROPN,Tiberio,1,flat:name
455,Augusto,Caesare,Germanico,Aug,sto,B-PERS:TITLE,PROPN,Tiberio,1,conj
455,Germanico,Augusto,pontifice,Ger,ico,B-PERS:AG,PROPN,Augusto,4,amod
455,pontifice,Germanico,maximo,pon,ice,B-TITLE,NOUN,Tiberio,1,appos
455,maximo,pontifice,tribunicia,max,imo,I-TITLE,ADJ,potestate,9,amod
455,tribunicia,maximo,potestate,tri,cia,B-TITLE,ADJ,potestate,9,amod
455,potestate,tribunicia,V,pot,ate,I-TITLE,NOUN,Tiberio,1,conj
455,V,potestate,imperatore,V,V,O,,imperatore,11,nummod
455,imperatore,V,X,imp,ore,B-TITLE,NOUN,Tiberio,1,conj
455,X,imperatore,patre,X,X,O,NUM,Tiberio,1,conj
455,patre,X,patriae,pat,tre,B-TITLE,NOUN,Tiberio,1,appos
455,patriae,patre,consule,pat,iae,I-TITLE,ADJ,patris,24,nmod
455,consule,patriae,designato,con,ule,B-TITLE,NOUN,Tiberio,1,conj
455,designato,consule,IIII,des,ato,O,VERB,consule,15,acl
455,IIII,designato,Optatus,III,III,O,NUM,consule,15,nummod
455,Optatus,IIII,Reburri,Opt,tus,B-PERS:NOMEN,VERB,libertus,20,acl
455,Reburri,Optatus,libertus,Reb,rri,B-PERS:COG,NOUN,libertus,20,nmod
455,libertus,Reburri,imaginem,lib,tus,O,NOUN,Tiberio,1,appos
455,imaginem,libertus,Caesaris,ima,nem,O,NOUN,dedit,31,obj
455,Caesaris,imaginem,Augusti,Cae,ris,O,PROPN,imaginem,21,nmod
455,Augusti,Caesaris,patris,Aug,sti,O,PROPN,Caesaris,22,conj
455,patris,Augusti,patriae,pat,ris,O,NOUN,Augusti,23,appos
455,patriae,patris,Imperatoris,pat,iae,O,ADJ,patris,24,nmod
455,Imperatoris,patriae,primus,Imp,ris,O,NOUN,patris,24,nmod
455,primus,Imperatoris,de,pri,mus,O,ADJ,dedit,31,advcl:pred
455,de,primus,sua,de,de,O,ADP,pecunia,30,case
455,sua,de,pecunia,sua,sua,O,DET,pecunia,30,det
455,pecunia,sua,dedit,pec,nia,O,NOUN,dedit,31,obl
455,dedit,pecunia,eamque,ded,dit,O,VERB,dedit,31,ROOT
455,eamque,dedit,cum,eam,que,O,DET,,-1,
455,cum,eamque,Optato,cum,cum,O,ADP,dedicavit,39,mark
455,Optato,cum,et,Opt,ato,B-PERS,VERB,dedicavit,39,nsubj
455,et,Optato,Reburro,et,et,O,CCONJ,Reburro,37,cc
455,Reburro,et,filiis,Reb,rro,B-PERS,NOUN,Optato,35,conj
455,filiis,Reburro,dedicavit,fil,iis,O,NOUN,Optato,35,appos
455,dedicavit,filiis,senatus,ded,vit,O,VERB,dedit,31,conj
455,senatus,dedicavit,decrevit,sen,tus,O,NOUN,decrevit,41,nsubj
455,decrevit,senatus,perpetuo,dec,vit,O,VERB,dedit,31,conj
455,perpetuo,decrevit,bonis,per,tuo,O,ADV,interesse,45,advmod
455,bonis,perpetuo,publicis,bon,nis,O,NOUN,interesse,45,obl:arg
455,publicis,bonis,interesse,pub,cis,O,ADJ,bonis,43,amod
455,interesse,publicis,<END>,int,sse,O,PUNCT,decrevit,41,ccomp
250,I,<START>,E,I,I,O,NUM,dedit,13,obl
250,E,I,quorum,E,E,O,ADP,subscripta,5,case
250,quorum,E,nomina,quo,rum,O,PRON,nomina,4,nmod
250,nomina,quorum,subscripta,nom,ina,O,ADJ,subscripta,5,nsubj:pass
250,subscripta,nomina,sunt,sub,pta,O,VERB,I,1,nmod
250,sunt,subscripta,ipsis,sun,unt,O,PUNCT,subscripta,5,aux:pass
250,ipsis,sunt,liberis,ips,sis,O,DET,liberis,8,det
250,liberis,ipsis,postLerisque,lib,ris,O,ADJ,dedit,13,obl:arg
250,postLerisque,liberis,eorum,pos,que,O,ADJ,,-1,
250,eorum,postLerisque,civitatem,eor,rum,O,PRON,que,10,nmod
250,civitatem,eorum,dedit,civ,tem,O,NOUN,dedit,13,obj
250,dedit,civitatem,et,ded,dit,O,VERB,dedit,13,ROOT
250,et,dedit,conubium,et,et,O,CCONJ,data,25,cc
250,conubium,et,cum,con,ium,O,NOUN,data,25,obj
250,cum,conubium,uxoribus,cum,cum,O,ADP,iis,31,case
250,uxoribus,cum,quas,uxo,bus,O,NOUN,conubium,15,nmod
250,quas,uxoribus,tunc,qua,uas,O,PRON,duxissent,34,obj
250,tunc,quas,habuissent,tun,unc,O,ADV,habuissent,20,advmod:tmod
250,habuissent,tunc,cum,hab,ent,O,VERB,uxoribus,17,acl:relcl
250,cum,habuissent,est,cum,cum,O,ADP,iis,31,case
250,est,cum,civitas,est,est,O,AUX,data,25,aux:pass
250,civitas,est,iis,civ,tas,O,NOUN,data,25,nsubj:pass
250,iis,civitas,data,iis,iis,O,PRON,siqui,27,orphan
250,data,iis,aut,dat,ata,O,VERB,dedit,13,conj
250,aut,data,siqui,aut,aut,O,CCONJ,siqui,27,cc
250,siqui,aut,caelibes,siq,qui,O,PRON,civitatem,12,conj
250,caelibes,siqui,essent,cae,bes,O,ADJ,siqui,27,amod
250,essent,caelibes,cum,ess,ent,O,AUX,siqui,27,cop
250,cum,essent,iis,cum,cum,O,ADP,iis,31,case
250,iis,cum,quas,iis,iis,O,PRON,siqui,27,orphan
250,quas,iis,postea,qua,uas,O,PRON,duxissent,34,obj
250,postea,quas,duxissent,pos,tea,O,ADV,duxissent,34,advmod:tmod
250,duxissent,postea,<END>,dux,ent,O,VERB,iis,31,acl:relcl
847,Dis,<START>,Manibus,Dis,Dis,O,NOUN,Manibus,2,case
847,Manibus,Dis,sacrum,Man,bus,O,PROPN,vixit,6,obl
847,sacrum,Manibus,Calpurnia,sac,rum,O,ADJ,vixit,6,xcomp
847,Calpurnia,sacrum,Caesita,Cal,nia,B-PERS:NOMEN,ADJ,vixit,6,nsubj
847,Caesita,Calpurnia,vixit,Cae,ita,B-PERS:COG,ADJ,Calpurnia,4,flat
847,vixit,Caesita,annos,vix,xit,O,VERB,vixit,6,ROOT
847,annos,vixit,XXV,ann,nos,O,NOUN,vixit,6,obl
847,XXV,annos,hic,XXV,XXV,O,NUM,annos,7,nummod
847,hic,XXV,sita,hic,hic,O,ADV,sita,10,advmod:lmod
847,sita,hic,est,sit,ita,O,ADJ,vixit,6,conj
847,est,sita,Calpurnius,est,est,O,AUX,sita,10,aux:pass
847,Calpurnius,est,Felix,Cal,ius,B-PERS:NOMEN,PROPN,vixit,6,nsubj
847,Felix,Calpurnius,pater,Fel,lix,B-PERS:COG,PROPN,Calpurnius,12,flat:name
847,pater,Felix,et,pat,ter,O,NOUN,Calpurnius,12,appos
847,et,pater,Hirria,et,et,O,CCONJ,fecerunt,21,cc
847,Hirria,et,Rogata,Hir,ria,B-PERS,NOUN,fecerunt,21,nsubj
847,Rogata,Hirria,mater,Rog,ata,B-PERS:COG,VERB,Hirria,16,flat
847,mater,Rogata,filiae,mat,ter,O,NOUN,Hirria,16,appos
847,filiae,mater,dulcissimae,fil,iae,O,NOUN,Hirria,16,nmod
847,dulcissimae,filiae,fecerunt,dul,mae,O,ADJ,filiae,19,amod
847,fecerunt,dulcissimae,<END>,fec,unt,O,VERB,vixit,6,conj
280,Lucio,<START>,Pinario,Luc,cio,B-PERS:PRAE,PROPN,vixit,9,nsubj
280,Pinario,Lucio,Luci,Pin,rio,B-PERS:NOMEN,PROPN,Lucio,1,flat:name
280,Luci,Pinario,filio,Luc,uci,B-PERS:FILI,PROPN,filio,4,nmod
280,filio,Luci,Galeria,fil,lio,I-PERS:FILI,NOUN,miserrimum,29,obl
280,Galeria,filio,Nattae,Gal,ria,B-PERS:TRIBE,PROPN,Lucio,1,flat:name
280,Nattae,Galeria,aedili,Nat,tae,B-PERS:COG,PROPN,aedili,7,nmod
280,aedili,Nattae,IIviro,aed,ili,O,NOUN,Galeria,5,appos
280,IIviro,aedili,vixit,IIv,iro,O,PROPN,Lucio,1,conj
280,vixit,IIviro,annos,vix,xit,O,VERB,decreverunt,24,advcl
280,annos,vixit,XXII,ann,nos,O,NOUN,vixit,9,obj
280,XXII,annos,huic,XXI,XII,O,NUM,annos,10,nummod
280,huic,XXII,decuriones,hui,uic,O,DET,annos,10,det
280,decuriones,huic,ob,dec,nes,O,NOUN,decreverunt,24,nsubj
280,ob,decuriones,industriam,ob,ob,O,ADP,industriam,15,case
280,industriam,ob,et,ind,iam,O,NOUN,decreverunt,24,obl
280,et,industriam,pudorem,et,et,O,CCONJ,sibi,34,cc
280,pudorem,et,eius,pud,rem,O,NOUN,industriam,15,conj
280,eius,pudorem,funus,eiu,ius,O,ADV,pudorem,17,nmod
280,funus,eius,publicum,fun,nus,O,NOUN,decreverunt,24,obj
280,publicum,funus,et,pub,cum,O,ADJ,funus,19,amod
280,et,publicum,locum,et,et,O,CCONJ,sibi,34,cc
280,locum,et,sepulturae,loc,cum,O,NOUN,funus,19,conj
280,sepulturae,locum,decreverunt,sep,rae,O,NOUN,locum,22,nmod
280,decreverunt,sepulturae,Bivellia,dec,unt,O,VERB,decreverunt,24,ROOT
280,Bivellia,decreverunt,Firma,Biv,lia,B-PERS:NOMEN,PROPN,decreverunt,24,dep
280,Firma,Bivellia,mater,Fir,rma,B-PERS:COG,NOUN,Bivellia,25,flat:name
280,mater,Firma,quod,mat,ter,O,NOUN,Bivellia,25,appos
280,quod,mater,miserrimum,quo,uod,O,PRON,miserrimum,29,nsubj
280,miserrimum,quod,est,mis,mum,O,ADJ,Bivellia,25,acl:relcl
280,est,miserrimum,filio,est,est,O,AUX,miserrimum,29,cop
280,filio,est,pio,fil,lio,O,NOUN,miserrimum,29,obl
280,pio,filio,et,pio,pio,O,ADJ,filio,31,amod
280,et,pio,sibi,et,et,O,CCONJ,sibi,34,cc
280,sibi,et,<END>,sib,ibi,O,PRON,miserrimum,29,conj
456,Aquis,<START>,Sinuessanis,Aqu,uis,B-LOC,NOUN,I,4,nmod
456,Sinuessanis,Aquis,ob,Sin,nis,I-LOC,PROPN,Aquis,1,amod
456,ob,Sinuessanis,I,ob,ob,O,ADP,I,4,case
456,I,ob,Titus,I,I,O,NUM,I,4,ROOT
456,Titus,I,Caunius,Tit,tus,B-PERS:PRAE,PROPN,I,4,nsubj
456,Caunius,Titus,Priscus,Cau,ius,B-PERS:NOMEN,PROPN,Titus,5,flat:name
456,Priscus,Caunius,legatus,Pri,cus,B-PERS:COG,PROPN,Titus,5,flat:name
456,legatus,Priscus,Augusti,leg,tus,B-TITLE,NOUN,Titus,5,appos
456,Augusti,legatus,pro,Aug,sti,I-TITLE,PROPN,consul,12,nmod
456,pro,Augusti,praetore,pro,pro,I-TITLE,ADP,praetore,11,case
456,praetore,pro,consul,pra,ore,I-TITLE,NOUN,consul,12,nmod
456,consul,praetore,designatus,con,sul,B-TITLE,NOUN,Titus,5,appos
456,designatus,consul,cum,des,tus,O,VERB,consul,12,acl
456,cum,designatus,Vera,cum,cum,O,ADP,Vera,15,case
456,Vera,cum,uxore,Ver,era,B-PERS,NOUN,I,4,obl
456,uxore,Vera,et,uxo,ore,O,NOUN,Vera,15,appos
456,et,uxore,Firmino,et,et,O,CCONJ,Prisca,20,cc
456,Firmino,et,et,Fir,ino,B-PERS,PROPN,Vera,15,conj
456,et,Firmino,Prisca,et,et,O,CCONJ,Prisca,20,cc
456,Prisca,et,filiis,Pri,sca,B-PERS,ADJ,Firmino,18,conj
456,filiis,Prisca,<END>,fil,iis,O,NOUN,Firmino,18,appos
902,Domino,<START>,nostro,Dom,ino,O,NOUN,Domino,1,ROOT
902,nostro,Domino,Flavio,nos,tro,O,DET,Domino,1,det
902,Flavio,nostro,Claudio,Fla,vio,B-PERS:PRAE,PROPN,Domino,1,flat
902,Claudio,Flavio,Iuliano,Cla,dio,B-PERS:NOMEN,PROPN,Flavio,3,flat:name
902,Iuliano,Claudio,Pio,Iul,ano,B-PERS:COG,PROPN,Domino,1,appos
902,Pio,Iuliano,Felici,Pio,Pio,B-PERS:AG,PROPN,Iuliano,5,flat:name
902,Felici,Pio,Invicto,Fel,ici,B-PERS:AG,PROPN,Iuliano,5,flat:name
902,Invicto,Felici,Augusto,Inv,cto,B-PERS:AG,ADJ,Augusto,9,amod
902,Augusto,Invicto,milia,Aug,sto,B-PERS:TITLE,PROPN,Domino,1,flat
902,milia,Augusto,XVI,mil,lia,O,NUM,Domino,1,appos
902,XVI,milia,<END>,XVI,XVI,O,NUM,milia,10,nummod
762,et,<START>,Caio,et,et,O,CCONJ,Ulpiae,27,cc
762,Caio,et,Iunio,Cai,aio,B-PERS:PRAE,PROPN,Caio,2,conj
762,Iunio,Caio,Nicandro,Iun,nio,B-PERS:NOMEN,PROPN,Caio,15,flat:name
762,Nicandro,Iunio,filio,Nic,dro,B-PERS:COG,PROPN,Caio,2,flat:name
762,filio,Nicandro,annorum,fil,lio,O,NOUN,Caio,2,appos
762,annorum,filio,XXXVIII,ann,rum,O,NOUN,Caio,2,appos
762,XXXVIII,annorum,Mattiae,XXX,III,O,NUM,annorum,6,nummod
762,Mattiae,XXXVIII,Publi,Mat,iae,B-PERS:NOMEN,PROPN,Caio,2,appos
762,Publi,Mattiae,filiae,Pub,bli,B-PERS:COG,PROPN,Mattiae,8,nmod
762,filiae,Publi,Verinae,fil,iae,O,NOUN,Publi,9,appos
762,Verinae,filiae,annorum,Ver,nae,O,ADJ,filiae,10,amod
762,annorum,Verinae,XXIIII,ann,rum,O,NOUN,Caio,2,appos
762,XXIIII,annorum,et,XXI,III,O,NUM,annorum,12,nummod
762,et,XXIIII,Caio,et,et,O,CCONJ,Ulpiae,27,cc
762,Caio,et,Iunio,Cai,aio,B-PERS:PRAE,PROPN,Caio,2,conj
762,Iunio,Caio,Isaeo,Iun,nio,B-PERS:NOMEN,PROPN,Caio,15,flat:name
762,Isaeo,Iunio,veterano,Isa,aeo,B-PERS:COG,PROPN,Caio,15,flat:name
762,veterano,Isaeo,ex,vet,ano,O,ADJ,Caio,15,amod
762,ex,veterano,decurione,ex,ex,O,ADP,decurione,20,case
762,decurione,ex,alae,dec,one,O,NOUN,veterano,18,obl
762,alae,decurione,I,ala,lae,O,NOUN,decurione,20,nmod
762,I,alae,Commagenorum,I,I,O,NUM,mensis,31,amod
762,Commagenorum,I,annorum,Com,rum,O,PROPN,annorum,24,nmod
762,annorum,Commagenorum,LX,ann,rum,O,NOUN,Caio,2,appos
762,LX,annorum,et,LX,LX,O,NUM,annorum,24,nummod
762,et,LX,Ulpiae,et,et,O,CCONJ,Ulpiae,27,cc
762,Ulpiae,et,Afrodisiae,Ulp,iae,B-PERS:NOMEN,PROPN,Caio,2,conj
762,Afrodisiae,Ulpiae,annorum,Afr,iae,B-PERS:COG,PROPN,Ulpiae,27,flat:name
762,annorum,Afrodisiae,XXV,ann,rum,O,NOUN,Caio,2,appos
762,XXV,annorum,mensis,XXV,XXV,O,NUM,annorum,29,nummod
762,mensis,XXV,I,men,sis,O,NOUN,Caio,2,nmod
762,I,mensis,<END>,I,I,O,NUM,mensis,31,amod
548,quod,<START>,praecepit,quo,uod,O,PRON,praecepit,2,nsubj
548,praecepit,quod,vectigali,pra,pit,O,VERB,censuerunt,12,dislocated
548,vectigali,praecepit,ampliato,vec,ali,O,ADJ,praecepit,2,obl:arg
548,ampliato,vectigali,veri,amp,ato,O,VERB,censuerunt,12,advcl:abs
548,veri,ampliato,pontes,ver,eri,O,ADJ,pontes,6,amod
548,pontes,veri,con,pon,tes,O,NOUN,ponendam,10,nsubj:pass
548,con,pontes,statuam,con,con,O,ADP,statuam,8,case
548,statuam,con,equestrem,sta,uam,O,NOUN,ponendam,10,obl
548,equestrem,statuam,ponendam,equ,rem,O,ADJ,statuam,8,amod
548,ponendam,equestrem,universi,pon,dam,O,VERB,censuerunt,12,ccomp
548,universi,ponendam,censuerunt,uni,rsi,O,ADJ,ponendam,10,nsubj:pass
548,censuerunt,universi,<END>,cen,unt,O,VERB,censuerunt,12,ROOT
181,Imperatori,<START>,Caesari,Imp,ori,B-PERS:TITLE,NOUN,restituerunt,10,vocative
181,Caesari,Imperatori,Marco,Cae,ari,B-PERS:TITLE,PROPN,restituerunt,10,obl:arg
181,Marco,Caesari,Aurelio,Mar,rco,B-PERS:PRAE,PROPN,restituerunt,10,obl:arg
181,Aurelio,Marco,Antonio,Aur,lio,B-PERS:NOMEN,PROPN,Marco,3,flat:name
181,Antonio,Aurelio,Gordiano,Ant,nio,B-PERS:COG,PROPN,Marco,3,flat:name
181,Gordiano,Antonio,Pio,Gor,ano,B-PERS:COG,ADJ,Marco,3,flat:name
181,Pio,Gordiano,Felici,Pio,Pio,B-PERS:AG,PROPN,Marco,3,flat:name
181,Felici,Pio,Augusto,Fel,ici,B-PERS:AG,PROPN,Pio,7,flat:name
181,Augusto,Felici,restituerunt,Aug,sto,B-PERS:TITLE,PROPN,restituerunt,10,obl:arg
181,restituerunt,Augusto,per,res,unt,O,VERB,restituerunt,10,ROOT
181,per,restituerunt,Cuspidium,per,per,O,ADP,Cuspidium,12,case
181,Cuspidium,per,Flaminium,Cus,ium,B-PERS:PRAE,PROPN,restituerunt,10,obl
181,Flaminium,Cuspidium,Severum,Fla,ium,B-PERS:NOMEN,PROPN,Cuspidium,12,flat:name
181,Severum,Flaminium,legatum,Sev,rum,B-PERS:COG,NOUN,Cuspidium,12,flat:name
181,legatum,Severum,pro,leg,tum,O,NOUN,Severum,14,appos
181,pro,legatum,praetore,pro,pro,O,ADP,praetore,17,case
181,praetore,pro,milia,pra,ore,O,NOUN,restituerunt,10,advcl:abs
181,milia,praetore,CXLI,mil,lia,O,NUM,restituerunt,10,obj
181,CXLI,milia,<END>,CXL,XLI,O,NUM,milia,18,nummod
558,s,<START>,et,s,s,O,PUNCT,coniugi,3,cc
558,et,s,coniugi,et,et,O,CCONJ,coniugi,3,cc
558,coniugi,et,Valentino,con,ugi,O,NOUN,coniugi,3,ROOT
558,Valentino,coniugi,et,Val,ino,B-PERS,PROPN,coniugi,3,nmod
558,et,Valentino,a,et,et,O,CCONJ,coniugi,3,cc
558,a,et,<END>,a,a,O,ADP,coniugi,3,dep
629,Caius,<START>,Fadius,Cai,ius,B-PERS:PRAE,PROPN,fecit,9,nsubj
629,Fadius,Caius,Cai,Fad,ius,B-PERS:NOMEN,PROPN,Caius,1,flat:name
629,Cai,Fadius,Fadi,Cai,Cai,B-PERS:FILI,PROPN,Epictetus,7,nmod
629,Fadi,Cai,Cerdonis,Fad,adi,I-PERS:FILI,PROPN,Cai,3,flat:name
629,Cerdonis,Fadi,libertus,Cer,nis,I-PERS:FILI,NOUN,libertus,6,nmod
629,libertus,Cerdonis,Epictetus,lib,tus,I-PERS:FILI,NOUN,Cai,3,appos
629,Epictetus,libertus,vivuOs,Epi,tus,B-PERS:COG,PROPN,Caius,1,appos
629,vivuOs,Epictetus,fecit,viv,uOs,O,ADV,fecit,9,obj
629,fecit,vivuOs,sibi,fec,cit,O,VERB,fecit,9,ROOT
629,sibi,fecit,et,sib,ibi,O,PRON,fecit,9,obl:arg
629,et,sibi,patrono,et,et,O,CCONJ,omnibus,15,cc
629,patrono,et,et,pat,ono,O,NOUN,sibi,10,conj
629,et,patrono,suis,et,et,O,CCONJ,omnibus,15,cc
629,suis,et,omnibus,sui,uis,O,DET,omnibus,15,det
629,omnibus,suis,<END>,omn,bus,O,DET,sibi,10,conj
424,Marcus,<START>,Alfius,Mar,cus,B-PERS:PRAE,PROPN,iussit,13,nsubj
424,Alfius,Marcus,Marci,Alf,ius,B-PERS:NOMEN,PROPN,Marcus,1,flat:name
424,Marci,Alfius,filius,Mar,rci,B-PERS:FILI,PROPN,filius,4,nmod
424,filius,Marci,Colonus,fil,ius,I-PERS:FILI,NOUN,Lucius,7,appos
424,Colonus,filius,IIIIvir,Col,nus,B-PERS:COG,NOUN,Marcus,1,flat:name
424,IIIIvir,Colonus,Lucius,III,vir,O,NUM,Marcus,1,appos
424,Lucius,IIIIvir,Servilius,Luc,ius,B-PERS:PRAE,PROPN,Marcus,1,conj
424,Servilius,Lucius,Luci,Ser,ius,B-PERS:NOMEN,PROPN,Lucius,7,flat:name
424,Luci,Servilius,filius,Luc,uci,B-PERS:FILI,PROPN,filius,10,nmod
424,filius,Luci,frater,fil,ius,I-PERS:FILI,NOUN,Lucius,7,appos
424,frater,filius,fieri,fra,ter,O,NOUN,fieri,12,xcomp
424,fieri,frater,iussit,fie,eri,O,VERB,iussit,13,ccomp
424,iussit,fieri,<END>,ius,sit,O,VERB,iussit,13,ROOT
844,Avidia,<START>,Maximina,Avi,dia,B-PERS:NOMEN,PROPN,posuit,8,nsubj
844,Maximina,Avidia,G,Max,ina,B-PERS:COG,PROPN,Avidia,1,amod
844,G,Maximina,domum,G,G,O,PUNCT,Avidia,1,amod
844,domum,G,aeternam,dom,mum,O,NOUN,posuit,8,obj
844,aeternam,domum,viva,aet,nam,O,ADJ,domum,4,amod
844,viva,aeternam,sibi,viv,iva,O,ADJ,posuit,8,xcomp
844,sibi,viva,posuit,sib,ibi,O,PRON,posuit,8,obl:arg
844,posuit,sibi,si,pos,uit,O,VERB,posuit,8,ROOT
844,si,posuit,quis,si,si,O,SCONJ,superposuerit,13,mark
844,quis,si,alium,qui,uis,O,PRON,superposuerit,13,nsubj
844,alium,quis,corpus,ali,ium,O,DET,corpus,12,det
844,corpus,alium,superposuerit,cor,pus,O,NOUN,superposuerit,13,obj
844,superposuerit,corpus,det,sup,rit,O,VERB,det,14,advcl
844,det,superposuerit,fisco,det,det,O,PUNCT,posuit,8,conj
844,fisco,det,denarios,fis,sco,O,NOUN,det,14,obl
844,denarios,fisco,CCCmilia,den,ios,O,NOUN,det,14,obj
844,CCCmilia,denarios,<END>,CCC,lia,O,NUM,denarios,16,amod
11,Volcano,<START>,Augusto,Vol,ano,O,PROPN,solvit,6,nsubj
11,Augusto,Volcano,votum,Aug,sto,O,PROPN,Volcano,1,flat:name
11,votum,Augusto,libens,vot,tum,O,NOUN,solvit,6,obj
11,libens,votum,merito,lib,ens,O,ADJ,solvit,6,xcomp
11,merito,libens,solvit,mer,ito,O,VERB,solvit,6,obl
11,solvit,merito,Caius,sol,vit,O,VERB,solvit,6,ROOT
11,Caius,solvit,Iulius,Cai,ius,B-PERS:PRAE,PROPN,solvit,6,nsubj
11,Iulius,Caius,Lampsacus,Iul,ius,B-PERS:NOMEN,PROPN,Caius,7,flat:name
11,Lampsacus,Iulius,et,Lam,cus,B-PERS:COG,PROPN,Caius,7,flat:name
11,et,Lampsacus,Iulia,et,et,O,CCONJ,Iulia,11,cc
11,Iulia,et,Heo,Iul,lia,B-PERS:PRAE,PROPN,Caius,7,conj
11,Heo,Iulia,Hec,Heo,Heo,B-PERS:NOMEN,INTJ,Caius,7,conj
11,Hec,Heo,<END>,Hec,Hec,B-PERS:COG,DET,solvit,6,conj
200,Telete,<START>,annorum,Tel,ete,B-PERS,PROPN,sita,5,parataxis
200,annorum,Telete,XXIII,ann,rum,O,NOUN,Telete,1,nmod
200,XXIII,annorum,hic,XXI,III,O,NUM,annorum,2,nummod
200,hic,XXIII,sita,hic,hic,O,ADV,sita,5,advmod:lmod
200,sita,hic,est,sit,ita,O,ADJ,sita,5,ROOT
200,est,sita,sit,est,est,O,AUX,sita,5,aux:pass
200,sit,est,tibi,sit,sit,O,AUX,sita,5,aux:pass
200,tibi,sit,terra,tib,ibi,O,PRON,sita,5,obl:arg
200,terra,tibi,levis,ter,rra,O,NOUN,sita,5,nsubj:pass
200,levis,terra,<END>,lev,vis,O,ADJ,terra,9,amod
426,Dis,<START>,Manibus,Dis,Dis,O,NOUN,Manibus,2,case
426,Manibus,Dis,sacrum,Man,bus,O,PROPN,fecit,15,obl
426,sacrum,Manibus,Attia,sac,rum,O,ADJ,Victoria,5,amod
426,Attia,sacrum,Victoria,Att,tia,B-PERS:NOMEN,ADJ,sacrum,3,conj
426,Victoria,Attia,qui,Vic,ria,B-PERS:COG,PROPN,fecit,15,dislocated
426,qui,Victoria,et,qui,qui,O,PUNCT,vixit,9,nsubj
426,et,qui,Vincentia,et,et,O,CCONJ,Vincentia,8,advmod:emph
426,Vincentia,et,vixit,Vin,tia,B-PERS,NOUN,vixit,9,obl
426,vixit,Vincentia,annis,vix,xit,O,VERB,Victoria,5,acl:relcl
426,annis,vixit,L,ann,nis,O,NOUN,vixit,9,obl
426,L,annis,mense,L,L,O,PUNCT,vixit,9,obl
426,mense,L,I,men,nse,O,NOUN,vixit,9,obl
426,I,mense,pater,I,I,O,NUM,vixit,9,obl
426,pater,I,fecit,pat,ter,O,NOUN,fecit,15,nsubj
426,fecit,pater,<END>,fec,cit,O,VERB,fecit,15,ROOT
535,Lucio,<START>,Minicio,Luc,cio,B-PERS:PRAE,PROPN,Lucius,86,nsubj
535,Minicio,Lucio,Luci,Min,cio,B-PERS:NOMEN,PROPN,Lucio,1,flat:name
535,Luci,Minicio,filio,Luc,uci,B-PERS:FILI,PROPN,filio,4,nmod
535,filio,Luci,Galeria,fil,lio,I-PERS:FILI,NOUN,Lucio,1,appos
535,Galeria,filio,Natali,Gal,ria,B-PERS:TRIBE,PROPN,Lucio,1,flat:name
535,Natali,Galeria,Quadronio,Nat,ali,B-PERS:COG,PROPN,Lucio,1,conj
535,Quadronio,Natali,Vero,Qua,nio,B-PERS:AG,NOUN,Natali,6,flat:name
535,Vero,Quadronio,Iuniori,Ver,ero,B-PERS:AG,ADV,Natali,6,flat:name
535,Iuniori,Vero,consuli,Iun,ori,B-PERS:AG,PROPN,Natali,6,amod
535,consuli,Iuniori,auguri,con,uli,B-TITLE,NOUN,Natali,6,appos
535,auguri,consuli,proconsuli,aug,uri,O,NOUN,Lucio,1,conj
535,proconsuli,auguri,provinciae,pro,uli,O,NOUN,auguri,11,nmod
535,provinciae,proconsuli,Africae,pro,iae,B-LOC,NOUN,legato,52,nmod
535,Africae,provinciae,legato,Afr,cae,I-LOC,PROPN,provinciae,53,flat
535,legato,Africae,Augusti,leg,ato,B-TITLE,NOUN,Lucio,1,conj
535,Augusti,legato,pro,Aug,sti,I-TITLE,PROPN,candidato,45,nmod
535,pro,Augusti,praetore,pro,pro,I-TITLE,ADP,praetore,18,case
535,praetore,pro,provinciae,pra,ore,I-TITLE,NOUN,Lucio,1,conj
535,provinciae,praetore,Moesiae,pro,iae,B-LOC,NOUN,legato,52,nmod
535,Moesiae,provinciae,inferioris,Moe,iae,I-LOC,ADJ,provinciae,19,flat
535,inferioris,Moesiae,curatori,inf,ris,I-LOC,ADJ,praetore,18,amod
535,curatori,inferioris,operum,cur,ori,B-TITLE,NOUN,curatori,22,conj
535,operum,curatori,publicorum,ope,rum,I-TITLE,NOUN,curatori,22,nmod
535,publicorum,operum,et,pub,rum,I-TITLE,NOUN,operum,23,amod
535,et,publicorum,aedium,et,et,I-TITLE,CCONJ,tempore,51,cc
535,aedium,et,sacrarum,aed,ium,I-TITLE,NOUN,curatori,28,nmod
535,sacrarum,aedium,curatori,sac,rum,I-TITLE,ADJ,aedium,26,amod
535,curatori,sacrarum,viae,cur,ori,O,NOUN,curatori,22,conj
535,viae,curatori,Flaminiae,via,iae,O,NOUN,curatori,28,nmod
535,Flaminiae,viae,praefecto,Fla,iae,O,ADJ,viae,29,amod
535,praefecto,Flaminiae,alimentorum,pra,cto,B-TITLE,NOUN,Lucio,1,conj
535,alimentorum,praefecto,legato,ali,rum,O,NOUN,praefecto,31,nmod
535,legato,alimentorum,Augusti,leg,ato,B-TITLE,NOUN,Lucio,1,conj
535,Augusti,legato,legionis,Aug,sti,I-TITLE,PROPN,candidato,45,nmod
535,legionis,Augusti,VI,leg,nis,O,NOUN,Lucio,1,conj
535,VI,legionis,Victricis,VI,VI,O,NUM,legionis,35,nummod
535,Victricis,VI,in,Vic,cis,O,NOUN,Geminae,76,appos
535,in,Victricis,Britannia,in,in,O,ADP,Britannia,39,case
535,Britannia,in,praetori,Bri,nia,B-LOC,PROPN,praetori,40,nmod
535,praetori,Britannia,tribuno,pra,ori,B-TITLE,NOUN,Lucio,1,conj
535,tribuno,praetori,plebis,tri,uno,O,NOUN,Lucio,1,conj
535,plebis,tribuno,candidato,ple,bis,O,NOUN,tribuno,41,nmod
535,candidato,plebis,quaestori,can,ato,O,NOUN,Lucio,1,conj
535,quaestori,candidato,candidato,qua,ori,O,NOUN,Lucio,1,conj
535,candidato,quaestori,divi,can,ato,O,NOUN,Lucio,1,conj
535,divi,candidato,Hadriani,div,ivi,O,VERB,Augusti,48,amod
535,Hadriani,divi,Augusti,Had,ani,B-PERS:NOMEN,PROPN,Augusti,48,amod
535,Augusti,Hadriani,et,Aug,sti,B-PERS:TITLE,PROPN,candidato,45,nmod
535,et,Augusti,eodem,et,et,O,CCONJ,tempore,51,cc
535,eodem,et,tempore,eod,dem,O,DET,tempore,51,det
535,tempore,eodem,legato,tem,ore,O,NOUN,Lucio,1,conj
535,legato,tempore,provinciae,leg,ato,O,NOUN,Lucio,1,conj
535,provinciae,legato,Africae,pro,iae,B-LOC,NOUN,legato,52,nmod
535,Africae,provinciae,dioceseos,Afr,cae,I-LOC,PROPN,provinciae,53,flat
535,dioceseos,Africae,Carthaginiensium,dio,eos,O,NOUN,Lucio,1,conj
535,Carthaginiensium,dioceseos,proconsulis,Car,ium,O,PROPN,proconsulis,57,nmod
535,proconsulis,Carthaginiensium,patris,pro,lis,O,NOUN,Lucio,1,conj
535,patris,proconsulis,sui,pat,ris,O,NOUN,proconsulis,57,nmod
535,sui,patris,tribuno,sui,sui,O,DET,patris,58,det
535,tribuno,sui,militum,tri,uno,B-TITLE,NOUN,Lucio,1,conj
535,militum,tribuno,legionis,mil,tum,O,NOUN,tribuno,60,nmod
535,legionis,militum,primae,leg,nis,O,NOUN,Lucio,1,conj
535,primae,legionis,Adiutricis,pri,mae,O,ADJ,legionis,62,amod
535,Adiutricis,primae,Piae,Adi,cis,B-LOC,ADJ,legionis,62,conj
535,Piae,Adiutricis,Fidelis,Pia,iae,I-LOC,PROPN,Lucio,1,conj
535,Fidelis,Piae,item,Fid,lis,I-LOC,ADJ,Piae,71,flat:name
535,item,Fidelis,legionis,ite,tem,I-LOC,ADV,legionis,74,advmod
535,legionis,item,XI,leg,nis,I-LOC,NOUN,Lucio,1,conj
535,XI,legionis,Claudiae,XI,XI,I-LOC,NUM,Lucio,1,nummod
535,Claudiae,XI,Piae,Cla,iae,I-LOC,PROPN,Lucio,1,conj
535,Piae,Claudiae,Fidelis,Pia,iae,I-LOC,PROPN,Lucio,1,conj
535,Fidelis,Piae,item,Fid,lis,I-LOC,ADJ,Piae,71,flat:name
535,item,Fidelis,legionis,ite,tem,I-LOC,ADV,legionis,74,advmod
535,legionis,item,XIIII,leg,nis,I-LOC,NOUN,Lucio,1,conj
535,XIIII,legionis,Geminae,XII,III,I-LOC,NUM,Lucio,1,conj
535,Geminae,XIIII,Martiae,Gem,nae,I-LOC,ADJ,Lucio,1,conj
535,Martiae,Geminae,Victricis,Mar,iae,O,ADJ,Geminae,76,flat:name
535,Victricis,Martiae,triumviro,Vic,cis,O,NOUN,Geminae,76,appos
535,triumviro,Victricis,monetali,tri,iro,O,NOUN,Geminae,76,appos
535,monetali,triumviro,aere,mon,ali,O,ADJ,aere,81,amod
535,aere,monetali,argento,aer,ere,O,NOUN,Lucio,1,dep
535,argento,aere,auro,arg,nto,O,NOUN,Lucio,1,conj
535,auro,argento,flando,aur,uro,O,NOUN,flando,84,nsubj:pass
535,flando,auro,feriundo,fla,ndo,O,VERB,feriundo,85,advcl:abs
535,feriundo,flando,Lucius,fer,ndo,O,VERB,Lucio,1,conj
535,Lucius,feriundo,Sempronius,Luc,ius,B-PERS:PRAE,PROPN,locus,90,nsubj
535,Sempronius,Lucius,Carpio,Sem,ius,B-PERS:NOMEN,PROPN,Lucius,86,flat:name
535,Carpio,Sempronius,cliens,Car,pio,B-PERS:COG,PROPN,Lucius,86,flat:name
535,cliens,Carpio,locus,cli,ens,O,NOUN,Lucius,86,appos
535,locus,cliens,datus,loc,cus,O,NOUN,datus,91,xcomp
535,datus,locus,decreto,dat,tus,O,VERB,datus,91,ROOT
535,decreto,datus,decurionum,dec,eto,O,NOUN,datus,91,obl
535,decurionum,decreto,<END>,dec,num,O,NOUN,decreto,92,nmod
32,Tiberio,<START>,Iulio,Tib,rio,B-PERS:PRAE,PROPN,fecit,14,obl:arg
32,Iulio,Tiberio,Tiberi,Iul,lio,B-PERS:NOMEN,PROPN,Tiberio,1,flat:name
32,Tiberi,Iulio,filio,Tib,eri,B-PERS:FILI,PROPN,filio,4,nmod
32,filio,Tiberi,Celso,fil,lio,I-PERS:FILI,NOUN,Tiberio,1,appos
32,Celso,filio,Polemaeano,Cel,lso,B-PERS:COG,PROPN,Tiberio,1,flat:name
32,Polemaeano,Celso,consuli,Pol,ano,B-PERS:AG,PROPN,Celso,5,flat:name
32,consuli,Polemaeano,proconsuli,con,uli,B-TITLE,NOUN,Tiberio,1,appos
32,proconsuli,consuli,Asiae,pro,uli,B-TITLE,NOUN,consuli,7,nmod
32,Asiae,proconsuli,Tiberius,Asi,iae,B-LOC,PROPN,proconsuli,8,nmod
32,Tiberius,Asiae,Iulius,Tib,ius,B-PERS:PRAE,PROPN,fecit,14,nsubj
32,Iulius,Tiberius,Aquila,Iul,ius,B-PERS:NOMEN,PROPN,Tiberius,10,flat:name
32,Aquila,Iulius,consul,Aqu,ila,B-PERS:COG,PROPN,Tiberius,10,flat:name
32,consul,Aquila,fecit,con,sul,B-TITLE,NOUN,fecit,14,xcomp
32,fecit,consul,<END>,fec,cit,O,VERB,fecit,14,ROOT
580,Iovi,<START>,Optimo,Iov,ovi,O,PROPN,posuit,13,obl:arg
580,Optimo,Iovi,Maximo,Opt,imo,O,ADJ,Iovi,1,amod
580,Maximo,Optimo,DoliYcheno,Max,imo,O,PROPN,Iovi,1,conj
580,DoliYcheno,Maximo,Iulius,Dol,eno,O,PROPN,Iovi,1,conj
580,Iulius,DoliYcheno,Valentinus,Iul,ius,B-PERS:NOMEN,PROPN,posuit,13,nsubj
580,Valentinus,Iulius,ordinatus,Val,nus,B-PERS:COG,PROPN,Iulius,5,flat:name
580,ordinatus,Valentinus,Germania,ord,tus,O,VERB,Iulius,5,acl
580,Germania,ordinatus,superiore,Ger,nia,B-LOC,PROPN,ordinatus,7,obl
580,superiore,Germania,ex,sup,ore,I-LOC,ADJ,Germania,8,amod
580,ex,superiore,iussu,ex,ex,O,ADP,iussu,11,case
580,iussu,ex,ipsius,ius,ssu,O,NOUN,posuit,13,obl
580,ipsius,iussu,posuit,ips,ius,O,DET,iussu,11,nmod
580,posuit,ipsius,pro,pos,uit,O,VERB,posuit,13,ROOT
580,pro,posuit,se,pro,pro,O,ADP,se,15,case
580,se,pro,et,se,se,O,PRON,posuit,13,obl
580,et,se,suis,et,et,O,CCONJ,Extricato,23,cc
580,suis,et,libens,sui,uis,O,DET,se,15,conj
580,libens,suis,laetus,lib,ens,O,ADJ,posuit,13,advcl:pred
580,laetus,libens,merito,lae,tus,O,ADJ,posuit,13,advcl:pred
580,merito,laetus,Praesente,mer,ito,O,VERB,laetus,19,obl
580,Praesente,merito,et,Pra,nte,B-PERS,VERB,merito,20,flat
580,et,Praesente,Extricato,et,et,O,CCONJ,Extricato,23,cc
580,Extricato,et,II,Ext,ato,B-PERS,VERB,Praesente,21,conj
580,II,Extricato,consulibus,II,II,O,NUM,Praesente,21,flat
580,consulibus,II,<END>,con,bus,O,NOUN,merito,20,nmod
405,Dis,<START>,Manibus,Dis,Dis,O,NOUN,Manibus,2,case
405,Manibus,Dis,securitati,Man,bus,O,PROPN,fecit,8,dep
405,securitati,Manibus,perpetuae,sec,ati,O,NOUN,Manibus,2,nmod
405,perpetuae,securitati,Iulius,per,uae,O,ADJ,securitati,3,amod
405,Iulius,perpetuae,Secundinus,Iul,ius,B-PERS:NOMEN,PROPN,fecit,8,nsubj
405,Secundinus,Iulius,vivus,Sec,nus,B-PERS:COG,PROPN,Iulius,5,amod
405,vivus,Secundinus,fecit,viv,vus,O,ADJ,fecit,8,xcomp
405,fecit,vivus,sibi,fec,cit,O,VERB,fecit,8,ROOT
405,sibi,fecit,et,sib,ibi,O,PRON,fecit,8,ccomp
405,et,sibi,Prisciae,et,et,O,CCONJ,aelio,26,cc
405,Prisciae,et,Albinae,Pri,iae,B-PERS:NOMEN,PROPN,Secundino,27,nmod
405,Albinae,Prisciae,coniugi,Alb,nae,B-PERS:COG,PROPN,Prisciae,11,amod
405,coniugi,Albinae,et,con,ugi,O,NOUN,Prisciae,11,appos
405,et,coniugi,Romaniae,et,et,O,CCONJ,aelio,26,cc
405,Romaniae,et,Catullinae,Rom,iae,B-PERS:NOMEN,PROPN,coniugi,17,nmod
405,Catullinae,Romaniae,coniugi,Cat,nae,B-PERS:COG,ADJ,Romaniae,15,amod
405,coniugi,Catullinae,annorum,con,ugi,O,NOUN,Prisciae,11,appos
405,annorum,coniugi,XXV,ann,rum,O,NOUN,coniugi,17,nmod
405,XXV,annorum,et,XXV,XXV,O,NUM,annorum,18,nummod
405,et,XXV,Iuliae,et,et,O,CCONJ,aelio,26,cc
405,Iuliae,et,Secundinae,Iul,iae,B-PERS:NOMEN,PROPN,Prisciae,11,conj
405,Secundinae,Iuliae,sorori,Sec,nae,B-PERS:COG,ADJ,Iuliae,21,amod
405,sorori,Secundinae,et,sor,ori,O,NOUN,Iuliae,21,appos
405,et,sorori,Aur,et,et,O,CCONJ,aelio,26,cc
405,Auraelio,et,Secundino,Aur,lio,B-PERS:NOMEN,PROPN,aelio,26,nmod
405,Secundino,aelio,filio,Sec,ino,B-PERS:COG,ADJ,sibi,9,conj
405,filio,Secundino,<END>,fil,lio,B-PERS:FILI,NOUN,Secundino,27,appos
278,Maria,<START>,famula,Mar,ria,B-PERS:NOMEN,PROPN,requievit,7,nsubj
278,famula,Maria,dei,fam,ula,O,NOUN,Maria,1,appos
278,dei,famula,vixit,dei,dei,O,PUNCT,famula,2,nmod
278,vixit,dei,annos,vix,xit,O,VERB,Maria,1,acl
278,annos,vixit,XVIIII,ann,nos,O,NOUN,vixit,4,obj
278,XVIIII,annos,requievit,XVI,III,O,NUM,annos,5,nummod
278,requievit,XVIIII,in,req,vit,O,VERB,requievit,7,ROOT
278,in,requievit,pace,in,in,O,ADP,pace,9,case
278,pace,in,die,pac,ace,O,PUNCT,requievit,7,obl
278,die,pace,III,die,die,O,PUNCT,requievit,7,obl
278,III,die,Nonas,III,III,O,NUM,die,10,nummod
278,Nonas,III,Februarias,Non,nas,O,NOUN,die,10,nmod
278,Februarias,Nonas,aera,Feb,ias,O,ADJ,Nonas,12,amod
278,aera,Februarias,DLVI,aer,era,O,NOUN,requievit,7,obj
278,DLVI,aera,<END>,DLV,LVI,O,NUM,aera,14,nummod
445,VX,<START>,annis,VX,VX,O,NUM,annis,2,nummod
445,annis,VX,Lucius,ann,nis,O,NOUN,Lucius,3,obl
445,Lucius,annis,Lucilius,Luc,ius,B-PERS:PRAE,PROPN,Lucius,3,ROOT
445,Lucilius,Lucius,V,Luc,ius,B-PERS:NOMEN,PROPN,Lucius,3,flat:name
445,V,Lucilius,Cornelia,V,V,O,,Lucius,3,flat:name
445,Cornelia,V,Pa,Cor,lia,B-PERS,PROPN,Lucius,3,conj
445,Pa,Cornelia,parentibus,Pa,Pa,O,NOUN,Cornelia,6,flat:name
445,parentibus,Pa,et,par,bus,O,NOUN,Lucius,3,appos
445,et,parentibus,filio,et,et,O,CCONJ,filio,10,cc
445,filio,et,<END>,fil,lio,O,NOUN,parentibus,8,conj
772,PervenRsse,<START>,mihi,Per,sse,O,VERB,PervenRsse,1,ROOT
772,mihi,PervenRsse,V,mih,ihi,O,PRON,PervenRsse,1,obl:arg
772,V,mihi,nutrici,V,V,O,,nutrici,4,nummod
772,nutrici,V,X,nut,ici,O,NOUN,PervenRsse,1,obl:arg
772,X,nutrici,Ioli,X,X,O,NUM,nutrici,4,nummod
772,Ioli,X,SCEI,Iol,oli,O,PROPN,X,5,nmod
772,SCEI,Ioli,<END>,SCE,CEI,O,VERB,PervenRsse,1,dep
373,Caio,<START>,Annio,Cai,aio,B-PERS:PRAE,PROPN,IIItriere,4,obl:arg
373,Annio,Caio,Anubioni,Ann,nio,B-PERS:NOMEN,PROPN,Caio,1,flat:name
373,Anubioni,Annio,IIItriere,Anu,oni,B-PERS:COG,PROPN,Caio,1,flat:name
373,IIItriere,Anubioni,Pace,III,ere,O,NUM,militavit,11,xcomp
373,Pace,IIItriere,natione,Pac,ace,O,NOUN,IIItriere,4,obl
373,natione,Pace,Aegyptio,nat,one,O,NOUN,Pace,5,nmod
373,Aegyptio,natione,vixit,Aeg,tio,O,ADJ,vixit,8,nsubj
373,vixit,Aegyptio,annos,vix,xit,O,VERB,IIItriere,4,conj
373,annos,vixit,XXXVI,ann,nos,O,NOUN,vixit,8,obl
373,XXXVI,annos,militavit,XXX,XVI,O,NUM,annos,9,nummod
373,militavit,XXXVI,annis,mil,vit,O,VERB,militavit,11,ROOT
373,annis,militavit,XVI,ann,nis,O,NOUN,militavit,11,obl
373,XVI,annis,Pison,XVI,XVI,O,NUM,annis,12,nummod
373,Pison,XVI,Achillas,Pis,son,B-PERS:NOMEN,PROPN,militavit,11,nsubj
373,Achillas,Pison,et,Ach,las,B-PERS:COG,DET,Pison,14,conj
373,et,Achillas,Iulius,et,et,O,CCONJ,Iulius,17,cc
373,Iulius,et,Eudaemon,Iul,ius,B-PERS:NOMEN,PROPN,Achillas,15,conj
373,Eudaemon,Iulius,heredes,Eud,mon,B-PERS:COG,PROPN,Achillas,15,acl
373,heredes,Eudaemon,bene,her,des,O,NOUN,militavit,11,conj
373,bene,heredes,merenti,ben,ene,O,ADV,merenti,21,advmod
373,merenti,bene,fecerunt,mer,nti,O,ADJ,fecerunt,22,advcl
373,fecerunt,merenti,<END>,fec,unt,O,VERB,militavit,11,conj
723,Quintus,<START>,Aurelius,Qui,tus,B-PERS:PRAE,PROPN,iussit,13,nsubj
723,Aurelius,Quintus,Symmachus,Aur,ius,B-PERS:NOMEN,PROPN,Quintus,1,flat:name
723,Symmachus,Aurelius,vir,Sym,hus,B-PERS:COG,PROPN,Quintus,1,flat:name
723,vir,Symmachus,clarissimus,vir,vir,O,VERB,Quintus,1,appos
723,clarissimus,vir,proconsule,cla,mus,O,ADJ,vir,4,amod
723,proconsule,clarissimus,provinciae,pro,ule,B-TITLE,NOUN,vir,4,appos
723,provinciae,proconsule,Africae,pro,iae,B-LOC,NOUN,proconsule,6,nmod
723,Africae,provinciae,vice,Afr,cae,I-LOC,PROPN,provinciae,7,flat
723,vice,Africae,sacra,vic,ice,O,NOUN,iussit,13,obl
723,sacra,vice,iudicans,sac,cra,O,ADJ,vice,9,amod
723,iudicans,sacra,constitui,iud,ans,O,VERB,iussit,13,advcl
723,constitui,iudicans,iussit,con,tui,O,VERB,iussit,13,ccomp
723,iussit,constitui,<END>,ius,sit,O,VERB,iussit,13,ROOT
401,Idibus,<START>,Iuniis,Idi,bus,O,NOUN,adfuerunt,8,obl
401,Iuniis,Idibus,in,Iun,iis,O,ADJ,Idibus,1,amod
401,in,Iuniis,basilica,in,in,O,ADP,basilica,4,case
401,basilica,in,Augusti,bas,ica,O,NOUN,adfuerunt,8,obl
401,Augusti,basilica,Anniana,Aug,sti,O,PROPN,basilica,4,nmod
401,Anniana,Augusti,scribendo,Ann,ana,O,ADJ,adfuerunt,8,nsubj
401,scribendo,Anniana,adfuerunt,scr,ndo,O,VERB,adfuerunt,8,advcl
401,adfuerunt,scribendo,Lucius,adf,unt,O,VERB,adfuerunt,8,ROOT
401,Lucius,adfuerunt,Oppius,Luc,ius,B-PERS:PRAE,PROPN,adfuerunt,8,advcl
401,Oppius,Lucius,Rufinus,Opp,ius,B-PERS:NOMEN,PROPN,Lucius,9,flat:name
401,Rufinus,Oppius,Marcus,Ruf,nus,B-PERS:COG,PROPN,Lucius,9,conj
401,Marcus,Rufinus,Laelius,Mar,cus,B-PERS:PRAE,PROPN,Lucius,9,conj
401,Laelius,Marcus,Placidus,Lae,ius,B-PERS:NOMEN,PROPN,Marcus,12,flat:name
401,Placidus,Laelius,Titus,Pla,dus,B-PERS:COG,ADJ,Lucius,9,conj
401,Titus,Placidus,Apusulenus,Tit,tus,B-PERS:PRAE,PROPN,Lucius,9,conj
401,Apusulenus,Titus,Lupercus,Apu,nus,B-PERS:NOMEN,PROPN,Titus,15,flat:name
401,Lupercus,Apusulenus,quod,Lup,cus,B-PERS:COG,PROPN,Lucius,9,conj
401,quod,Lupercus,Lucius,quo,uod,O,PRON,Lucius,19,mark
401,Lucius,quod,Annius,Luc,ius,B-PERS:PRAE,PROPN,adfuerunt,8,advcl
401,Annius,Lucius,Modestus,Ann,ius,B-PERS:NOMEN,PROPN,Lucius,19,flat:name
401,Modestus,Annius,Quintus,Mod,tus,B-PERS:COG,PROPN,Lucius,19,conj
401,Quintus,Modestus,Tedius,Qui,tus,B-PERS:PRAE,PROPN,Lucius,19,conj
401,Tedius,Quintus,Rivus,Ted,ius,B-PERS:NOMEN,PROPN,Quintus,22,flat:name
401,Rivus,Tedius,<END>,Riv,vus,B-PERS:COG,NOUN,Quintus,22,amod
79,Deae,<START>,Suli,Dea,eae,O,NOUN,pax,9,nmod
79,Suli,Deae,Minervae,Sul,uli,O,PROPN,Deae,1,flat:name
79,Minervae,Suli,Solinus,Min,vae,O,PROPN,Deae,1,vocative
79,Solinus,Minervae,dono,Sol,nus,B-PERS,PROPN,Deae,1,conj
79,dono,Solinus,Numini,don,ono,O,NOUN,Deae,1,conj
79,Numini,dono,tuo,Num,ini,O,NOUN,dono,5,nmod
79,tuo,Numini,Maiestati,tuo,tuo,O,DET,Numini,6,det
79,Maiestati,tuo,pax,Mai,ati,O,PROPN,dono,5,appos
79,pax,Maiestati,sam,pax,pax,O,NOUN,pax,9,ROOT
79,sam,pax,balnearem,sam,sam,O,PUNCT,pax,9,dep
79,balnearem,sam,et,bal,rem,O,NOUN,pax,9,xcomp
79,et,balnearem,palleum,et,et,O,CCONJ,relinquas,56,cc
79,palleum,et,nec,pal,eum,O,ADJ,balnearem,11,conj
79,nec,palleum,permittas,nec,nec,O,CCONJ,nalleum,54,cc
79,permittas,nec,somnum,per,tas,O,VERB,pax,9,conj
79,somnum,permittas,nec,som,num,O,NOUN,xe,50,obj
79,nec,somnum,sanitatem,nec,nec,O,CCONJ,nalleum,54,cc
79,sanitatem,nec,ei,san,tem,O,NOUN,nalleum,54,obj
79,ei,sanitatem,qui,ei,ei,O,PUNCT,deg,47,obl:arg
79,qui,ei,mihi,qui,qui,O,PUNCT,deg,47,nsubj
79,mihi,qui,fraudem,mih,ihi,O,PRON,fecit,23,obl:arg
79,fraudem,mihi,fecit,fra,dem,O,NOUN,fecit,23,obj
79,fecit,fraudem,si,fec,cit,O,VERB,ei,19,acl:relcl
79,si,fecit,vir,si,si,O,SCONJ,retulerint,64,mark
79,vir,si,si,vir,vir,O,VERB,permittas,15,conj
79,si,vir,femina,si,si,O,SCONJ,retulerint,64,mark
79,femina,si,si,fem,ina,O,NOUN,vir,25,conj
79,si,femina,servus,si,si,O,SCONJ,retulerint,64,mark
79,servus,si,si,ser,vus,O,NOUN,femina,27,conj
79,si,servus,liber,si,si,O,SCONJ,retulerint,64,mark
79,liber,si,nis,lib,ber,O,X,femina,27,conj
79,nis,liber,si,nis,nis,O,PRON,retulerint,64,mark
79,si,nis,se,si,si,O,SCONJ,retulerint,64,mark
79,se,si,retegens,se,se,O,PRON,retegens,35,obj
79,retegens,se,istas,ret,ens,O,VERB,detulerit,41,advcl
79,istas,retegens,species,ist,tas,O,DET,res,63,det
79,species,istas,ad,spe,ies,O,PUNCT,detulerit,41,nsubj
79,ad,species,templum,ad,ad,O,ADP,templum,60,case
79,templum,ad,tuum,tem,lum,O,NOUN,retulerint,64,obl
79,tuum,templum,detulerit,tuu,uum,O,DET,templum,60,det
79,detulerit,tuum,liberi,det,rit,O,VERB,vir,25,conj
79,liberi,detulerit,sui,lib,eri,O,ADJ,vir,25,conj
79,sui,liberi,sua,sui,sui,O,DET,liberi,42,det
79,sua,sui,et,sua,sua,O,DET,liberi,42,det
79,et,sua,qui,et,et,O,CCONJ,relinquas,56,cc
79,qui,et,deg,qui,qui,O,PUNCT,deg,47,nsubj
79,deg,qui,ei,deg,deg,O,NUM,vir,25,conj
79,ei,deg,quoque,ei,ei,O,PUNCT,deg,47,obl:arg
79,quoque,ei,xe,quo,que,O,ADV,ei,48,discourse
79,xe,quoque,somnum,xe,xe,O,ADV,vir,25,conj
79,somnum,xe,nec,som,num,O,NOUN,xe,50,obj
79,nec,somnum,sanitatem,nec,nec,O,CCONJ,nalleum,54,cc
79,sanitatem,nec,nalleum,san,tem,O,NOUN,nalleum,54,obj
79,nalleum,sanitatem,et,nal,eum,O,NOUN,vir,25,conj
79,et,nalleum,relinquas,et,et,O,CCONJ,relinquas,56,cc
79,relinquas,et,nis,rel,uas,O,VERB,vir,25,conj
79,nis,relinquas,si,nis,nis,O,PRON,retulerint,64,mark
79,si,nis,ad,si,si,O,SCONJ,retulerint,64,mark
79,ad,si,templum,ad,ad,O,ADP,templum,60,case
79,templum,ad,tuum,tem,lum,O,NOUN,retulerint,64,obl
79,tuum,templum,istas,tuu,uum,O,DET,templum,60,det
79,istas,tuum,res,ist,tas,O,DET,res,63,det
79,res,istas,retulerint,res,res,O,NOUN,retulerint,64,nsubj
79,retulerint,res,<END>,ret,int,O,VERB,vir,25,advcl
538,DIis,<START>,Manibus,DIi,Iis,O,PROPN,vixit,5,obl
538,Manibus,DIis,Geminia,Man,bus,O,PROPN,DIis,1,flat:name
538,Geminia,Manibus,Prima,Gem,nia,B-PERS:NOMEN,PROPN,DIis,1,appos
538,Prima,Geminia,vixit,Pri,ima,B-PERS:COG,ADJ,Geminia,3,amod
538,vixit,Prima,annos,vix,xit,O,VERB,vixit,18,ROOT
538,annos,vixit,CV,ann,nos,O,NOUN,vixit,18,obj
538,CV,annos,cum,CV,CV,O,PUNCT,vixit,5,obl
538,cum,CV,filiis,cum,cum,O,ADP,filiis,9,case
538,filiis,cum,suis,fil,iis,O,NOUN,vixit,5,obl
538,suis,filiis,Smasala,sui,uis,O,DET,filiis,9,det
538,Smasala,suis,vixit,Sma,ala,B-PERS,PROPN,vixit,5,nsubj
538,vixit,Smasala,XX,vix,xit,O,VERB,vixit,18,ROOT
538,XX,vixit,Fidelis,XX,XX,O,NUM,vixit,5,obl:tmod
538,Fidelis,XX,vixit,Fid,lis,B-PERS,ADJ,vixit,15,xcomp
538,vixit,Fidelis,annos,vix,xit,O,VERB,vixit,18,ROOT
538,annos,vixit,Paulina,ann,nos,O,NOUN,vixit,18,obj
538,Paulina,annos,vixit,Pau,ina,B-PERS,PROPN,vixit,5,nsubj
538,vixit,Paulina,annos,vix,xit,O,VERB,vixit,18,ROOT
538,annos,vixit,XII,ann,nos,O,NOUN,vixit,18,obj
538,XII,annos,Martialis,XII,XII,O,NUM,annos,19,nummod
538,Martialis,XII,VIII,Mar,lis,B-PERS,PROPN,vixit,18,nsubj
538,VIII,Martialis,<END>,VII,III,O,NUM,Martialis,21,nummod
576,Nerone,<START>,Caesare,Ner,one,B-PERS:PRAE,PROPN,consulibus,7,nsubj
576,Caesare,Nerone,II,Cae,are,B-PERS:NOMEN,PROPN,Nerone,1,flat:name
576,II,Caesare,Lucio,II,II,O,NUM,Nerone,1,nummod
576,Lucio,II,Caesio,Luc,cio,B-PERS:PRAE,PROPN,Nerone,1,conj
576,Caesio,Lucio,Martiale,Cae,sio,B-PERS:NOMEN,PROPN,Lucio,4,flat:name
576,Martiale,Caesio,consulibus,Mar,ale,B-PERS:COG,PROPN,Lucio,4,flat:name
576,consulibus,Martiale,IV,con,bus,O,NOUN,consulibus,7,ROOT
576,IV,consulibus,Idus,IV,IV,O,NUM,consulibus,7,nummod
576,Idus,IV,Septembres,Idu,dus,O,NOUN,consulibus,7,obl:tmod
576,Septembres,Idus,Cai,Sep,res,O,NOUN,Idus,9,amod
576,Cai,Septembres,I,Cai,Cai,O,PROPN,Nerone,1,appos
576,I,Cai,<END>,I,I,O,NUM,Cai,11,flat:name
549,nillae,<START>,coniugi,nil,lae,B-PERS,DET,sequetur,14,nsubj
549,coniugi,nillae,annorum,con,ugi,O,NOUN,nillae,1,nmod
549,annorum,coniugi,et,ann,rum,O,NOUN,coniugi,2,nmod
549,et,annorum,Publio,et,et,O,CCONJ,posuit,9,cc
549,Publio,et,Aelio,Pub,lio,B-PERS:PRAE,PROPN,posuit,9,nsubj
549,Aelio,Publio,Maximiano,Ael,lio,B-PERS:NOMEN,PROPN,Publio,5,flat:name
549,Maximiano,Aelio,filio,Max,ano,B-PERS:COG,PROPN,Publio,5,amod
549,filio,Maximiano,posuit,fil,lio,O,NOUN,Publio,5,appos
549,posuit,filio,hic,pos,uit,O,VERB,nillae,1,conj
549,hic,posuit,tumulus,hic,hic,O,ADV,tumulus,11,det
549,tumulus,hic,heredem,tum,lus,O,NOUN,sequetur,14,nsubj
549,heredem,tumulus,non,her,dem,O,NOUN,sequetur,14,xcomp
549,non,heredem,sequetur,non,non,O,PART,sequetur,14,advmod:neg
549,sequetur,non,<END>,seq,tur,O,VERB,sequetur,14,ROOT
711,Caio,<START>,Mucio,Cai,aio,B-PERS:PRAE,PROPN,posuit,23,obl:arg
711,Mucio,Caio,Quinti,Muc,cio,B-PERS:NOMEN,PROPN,Caio,1,flat:name
711,Quinti,Mucio,filio,Qui,nti,B-PERS:FILI,PROPN,Caio,1,nmod
711,filio,Quinti,Fabia,fil,lio,I-PERS:FILI,NOUN,Caio,1,appos
711,Fabia,filio,Scaevae,Fab,bia,B-PERS:TRIBE,PROPN,posuit,23,obl
711,Scaevae,Fabia,primo,Sca,vae,B-PERS:COG,PROPN,Fabia,5,nmod
711,primo,Scaevae,pilo,pri,imo,O,ADV,pilo,8,amod
711,pilo,primo,legionis,pil,ilo,O,NOUN,Caio,1,appos
711,legionis,pilo,VI,leg,nis,O,NOUN,pilo,8,nmod
711,VI,legionis,Ferratae,VI,VI,O,NUM,legionis,9,nummod
711,Ferratae,VI,praefecto,Fer,tae,O,PROPN,pilo,8,nmod
711,praefecto,Ferratae,cohortis,pra,cto,B-TITLE,NOUN,pilo,8,appos
711,cohortis,praefecto,ex,coh,tis,O,NOUN,praefecto,12,nmod
711,ex,cohortis,testamento,ex,ex,O,ADP,testamento,15,case
711,testamento,ex,ipsius,tes,nto,O,NOUN,ipsius,16,obl
711,ipsius,testamento,Caius,ips,ius,O,DET,posuit,23,dep
711,Caius,ipsius,Mucius,Cai,ius,B-PERS:PRAE,PROPN,posuit,23,nsubj
711,Mucius,Caius,Cai,Muc,ius,B-PERS:NOMEN,PROPN,Caius,17,flat:name
711,Cai,Mucius,filius,Cai,Cai,B-PERS:FILI,PROPN,filius,20,nmod
711,filius,Cai,Fabia,fil,ius,I-PERS:FILI,NOUN,Caius,17,appos
711,Fabia,filius,Scaeva,Fab,bia,B-PERS:TRIBE,PROPN,posuit,23,obl
711,Scaeva,Fabia,posuit,Sca,eva,B-PERS:COG,PROPN,Fabia,21,nmod
711,posuit,Scaeva,<END>,pos,uit,O,VERB,posuit,23,ROOT
42,Aulo,<START>,Antonio,Aul,ulo,B-PERS:PRAE,PROPN,Aulo,1,ROOT
42,Antonio,Aulo,Auli,Ant,nio,B-PERS:NOMEN,PROPN,Aulo,1,flat:name
42,Auli,Antonio,filio,Aul,uli,B-PERS:FILI,PROPN,filio,4,nmod
42,filio,Auli,Pomptina,fil,lio,I-PERS:FILI,NOUN,Aulo,1,appos
42,Pomptina,filio,Pelagiano,Pom,ina,B-PERS:TRIBE,ADJ,Aulo,1,appos
42,Pelagiano,Pomptina,IIIIviro,Pel,ano,B-PERS:COG,ADJ,Pomptina,5,flat:name
42,IIIIviro,Pelagiano,quinquennali,III,iro,O,NOUN,Aulo,1,appos
42,quinquennali,IIIIviro,equiti,qui,ali,O,ADJ,equiti,9,amod
42,equiti,quinquennali,Romano,equ,iti,O,NOUN,decuriones,19,nmod
42,Romano,equiti,rarissimo,Rom,ano,O,ADJ,equiti,9,amod
42,rarissimo,Romano,innocentissimoque,rar,imo,O,ADJ,innocentissimo,12,amod
42,innocentissimoque,rarissimo,curatori,inn,que,O,ADJ,,-1,
42,curatori,innocentissimoque,rei,cur,ori,B-TITLE,NOUN,equiti,9,appos
42,rei,curatori,publicae,rei,rei,I-TITLE,NOUN,curatori,14,nmod
42,publicae,rei,et,pub,cae,I-TITLE,ADJ,rei,15,amod
42,et,publicae,patrono,et,et,O,CCONJ,plebs,22,cc
42,patrono,et,decuriones,pat,ono,O,NOUN,equiti,9,conj
42,decuriones,patrono,Augustales,dec,nes,O,NOUN,datus,25,obj
42,Augustales,decuriones,et,Aug,les,O,ADJ,decuriones,19,amod
42,et,Augustales,plebs,et,et,O,CCONJ,plebs,22,cc
42,plebs,et,Petelinorum,ple,ebs,O,NOUN,decuriones,19,conj
42,Petelinorum,plebs,locus,Pet,rum,B-LOC,PROPN,plebs,22,nmod
42,locus,Petelinorum,datus,loc,cus,O,NOUN,decuriones,19,conj
42,datus,locus,decreto,dat,tus,O,VERB,datus,25,ROOT
42,decreto,datus,decurionum,dec,eto,O,NOUN,datus,25,obl
42,decurionum,decreto,<END>,dec,num,O,NOUN,decreto,26,nmod
886,Piae,<START>,Fidelis,Pia,iae,O,PROPN,auctore,10,dislocated
886,Fidelis,Piae,et,Fid,lis,O,ADJ,Piae,6,flat:name
886,et,Fidelis,legato,et,et,O,CCONJ,legato,4,cc
886,legato,et,legionis,leg,ato,O,NOUN,Piae,1,conj
886,legionis,legato,Piae,leg,nis,O,NOUN,legato,4,nmod
886,Piae,legionis,Fidelis,Pia,iae,O,PROPN,auctore,10,dislocated
886,Fidelis,Piae,huic,Fid,lis,O,ADJ,Piae,6,flat:name
886,huic,Fidelis,senatus,hui,uic,O,DET,senatus,9,det
886,senatus,huic,auctore,sen,tus,O,NOUN,auctore,10,nmod
886,auctore,senatus,Imperatore,auc,ore,O,NOUN,censuit,26,advcl:abs
886,Imperatore,auctore,Caesare,Imp,ore,B-PERS:TITLE,NOUN,ponendam,25,obl:agent
886,Caesare,Imperatore,Lucio,Cae,are,B-PERS:TITLE,PROPN,Imperatore,11,nsubj
886,Lucio,Caesare,Septimio,Luc,cio,B-PERS:PRAE,PROPN,Imperatore,11,conj
886,Septimio,Lucio,Severo,Sep,mio,B-PERS:NOMEN,PROPN,Lucio,13,flat:name
886,Severo,Septimio,Pertinace,Sev,ero,B-PERS:COG,PROPN,Lucio,13,conj
886,Pertinace,Severo,Augusto,Per,ace,B-PERS:AG,PROPN,Imperatore,11,conj
886,Augusto,Pertinace,statuam,Aug,sto,B-PERS:TITLE,PROPN,Pertinace,16,flat:name
886,statuam,Augusto,habitu,sta,uam,O,NOUN,foro,22,case
886,habitu,statuam,militari,hab,itu,O,NOUN,foro,22,nmod
886,militari,habitu,in,mil,ari,O,ADJ,habitu,19,amod
886,in,militari,foro,in,in,O,ADP,foro,22,case
886,foro,in,divi,for,oro,O,NOUN,ponendam,25,obl
886,divi,foro,Traiani,div,ivi,O,VERB,foro,22,amod
886,Traiani,divi,ponendam,Tra,ani,O,PROPN,ponendam,25,nmod
886,ponendam,Traiani,censuit,pon,dam,O,VERB,censuit,26,ccomp
886,censuit,ponendam,vas,cen,uit,O,VERB,censuit,26,ROOT
886,vas,censuit,G,vas,vas,O,ADV,censuit,26,obj
886,G,vas,<END>,G,G,O,PUNCT,vas,27,amod
633,Dis,<START>,Manibus,Dis,Dis,O,NOUN,Manibus,2,case
633,Manibus,Dis,Marco,Man,bus,O,PROPN,fecit,10,obl
633,Marco,Manibus,Ulpio,Mar,rco,B-PERS:PRAE,PROPN,fecit,10,obl
633,Ulpio,Marco,Tyranno,Ulp,pio,B-PERS:NOMEN,PROPN,Marco,3,flat:name
633,Tyranno,Ulpio,qui,Tyr,nno,B-PERS:COG,PROPN,Marco,3,flat:name
633,qui,Tyranno,vixit,qui,qui,O,PUNCT,vixit,7,nsubj
633,vixit,qui,annos,vix,xit,O,VERB,Marco,3,acl:relcl
633,annos,vixit,LXV,ann,nos,O,NOUN,vixit,7,obj
633,LXV,annos,fecit,LXV,LXV,O,NUM,annos,8,nummod
633,fecit,LXV,Marcus,fec,cit,O,VERB,fecerunt,27,advcl
633,Marcus,fecit,Ulpius,Mar,cus,B-PERS:PRAE,PROPN,fecerunt,27,nsubj
633,Ulpius,Marcus,Lupercus,Ulp,ius,B-PERS:NOMEN,PROPN,Marcus,11,flat:name
633,Lupercus,Ulpius,collibertus,Lup,cus,B-PERS:COG,PROPN,Marcus,11,flat:name
633,collibertus,Lupercus,vivus,col,tus,O,NOUN,Marcus,11,appos
633,vivus,collibertus,et,viv,vus,O,ADJ,collibertus,14,amod
633,et,vivus,amici,et,et,O,CCONJ,Titus,22,cc
633,amici,et,Tiberius,ami,ici,O,NOUN,Marcus,11,conj
633,Tiberius,amici,Claudius,Tib,ius,B-PERS:PRAE,PROPN,Marcus,11,conj
633,Claudius,Tiberius,Chrysissus,Cla,ius,B-PERS:NOMEN,PROPN,Tiberius,18,flat:name
633,Chrysissus,Claudius,et,Chr,sus,B-PERS:COG,PROPN,Tiberius,18,flat:name
633,et,Chrysissus,Titus,et,et,O,CCONJ,Titus,22,cc
633,Titus,et,Flavius,Tit,tus,B-PERS:PRAE,PROPN,Tiberius,18,conj
633,Flavius,Titus,Helius,Fla,ius,B-PERS:NOMEN,PROPN,Titus,22,flat:name
633,Helius,Flavius,bene,Hel,ius,B-PERS:COG,PROPN,Titus,22,flat:name
633,bene,Helius,merenti,ben,ene,O,ADV,merenti,26,advmod
633,merenti,bene,fecerunt,mer,nti,O,ADJ,fecerunt,27,advcl
633,fecerunt,merenti,<END>,fec,unt,O,VERB,fecerunt,27,ROOT
859,Dis,<START>,Manibus,Dis,Dis,O,NOUN,Manibus,2,case
859,Manibus,Dis,AR,Man,bus,O,PROPN,loca,4,dep
859,AR,Manibus,loca,AR,AR,O,PUNCT,loca,4,dep
859,loca,AR,pura,loc,oca,O,NOUN,fecit,33,dislocated
859,pura,loca,plurima,pur,ura,O,ADJ,loca,4,amod
859,plurima,pura,huius,plu,ima,O,DET,loca,4,det
859,huius,plurima,monuImenti,hui,ius,O,DET,monuImenti,8,det
859,monuImenti,huius,et,mon,nti,O,NOUN,loca,4,nmod
859,et,monuImenti,agri,et,et,O,CCONJ,agri,10,cc
859,agri,et,puri,agr,gri,O,NOUN,monuImenti,8,conj
859,puri,agri,ex,pur,uri,O,ADJ,agri,10,amod
859,ex,puri,causa,ex,ex,O,ADP,causa,13,case
859,causa,ex,empti,cau,usa,O,NOUN,empti,14,obl
859,empti,causa,adque,emp,pti,O,VERB,agri,10,acl
859,adque,empti,donationis,adq,que,O,CCONJ,,-1,
859,donationis,adque,sibi,don,nis,O,NOUN,monuImenti,8,conj
859,sibi,donationis,suisque,sib,ibi,O,PRON,fecit,33,obl:arg
859,suisque,sibi,liber,sui,que,O,DET,,-1,
859,liber,suisque,tis,lib,ber,O,X,fecit,33,xcomp
859,tis,liber,libertis,tis,tis,O,PRON,fecit,33,obl:arg
859,libertis,tis,libertabusque,lib,tis,O,ADJ,tis,22,appos
859,libertabusque,libertis,posterisque,lib,que,O,VERB,,-1,
859,posterisque,libertabusque,eorum,pos,que,O,NOUN,,-1,
859,eorum,posterisque,fabrica,eor,rum,O,PRON,que,27,nmod
859,fabrica,eorum,coque,fab,ica,O,NOUN,instituta,32,nsubj:pass
859,coque,fabrica,instituta,coq,que,O,X,,-1,
859,instituta,coque,fecit,ins,uta,O,NOUN,fecit,33,acl
859,fecit,instituta,<END>,fec,cit,O,VERB,fecit,33,ROOT
140,Numini,<START>,Quintus,Num,ini,O,NOUN,Quintus,2,nmod
140,Quintus,Numini,Postumius,Qui,tus,B-PERS:PRAE,PROPN,Quintus,2,ROOT
140,Postumius,Quintus,<END>,Pos,ius,B-PERS:NOMEN,PROPN,Quintus,2,flat:name
386,Aponia,<START>,Festa,Apo,nia,B-PERS:NOMEN,NOUN,Aponia,1,ROOT
386,Festa,Aponia,Tito,Fes,sta,B-PERS:COG,PROPN,Aponia,1,appos
386,Tito,Festa,Aponio,Tit,ito,B-PERS:NOMEN,PROPN,Aponia,1,conj
386,Aponio,Tito,Cnaeo,Apo,nio,B-PERS:COG,NOUN,Tito,3,flat:name
386,Cnaeo,Aponio,Marcio,Cna,aeo,B-PERS:NOMEN,PROPN,Tito,3,conj
386,Marcio,Cnaeo,<END>,Mar,cio,B-PERS:COG,PROPN,Cnaeo,5,flat:name
457,Procurisidi,<START>,filiae,Pro,idi,B-PERS,NOUN,Procurisidi,1,ROOT
457,filiae,Procurisidi,bene,fil,iae,O,NOUN,Procurisidi,1,appos
457,bene,filiae,merenti,ben,ene,O,ADV,merenti,4,advmod
457,merenti,bene,in,mer,nti,O,ADJ,Procurisidi,1,acl
457,in,merenti,pace,in,in,O,ADP,pace,6,case
457,pace,in,quae,pac,ace,O,PUNCT,Procurisidi,1,nmod
457,quae,pace,vixit,qua,uae,O,PRON,vixit,8,nsubj
457,vixit,quae,annum,vix,xit,O,VERB,pace,6,acl:relcl
457,annum,vixit,I,ann,num,O,NOUN,vixit,8,obl
457,I,annum,et,I,I,O,NUM,annum,9,nummod
457,et,I,menses,et,et,O,CCONJ,Clearcho,21,cc
457,menses,et,V,men,ses,O,NOUN,I,10,conj
457,V,menses,et,V,V,O,,menses,12,nummod
457,et,V,dies,et,et,O,CCONJ,Clearcho,21,cc
457,dies,et,deposita,die,ies,O,X,Ricomere,19,conj
457,deposita,dies,XVII,dep,ita,O,VERB,dies,15,acl
457,XVII,deposita,Kalendas,XVI,VII,O,NUM,dies,15,nummod
457,Kalendas,XVII,Ricomere,Kal,das,O,NOUN,dies,15,nmod
457,Ricomere,Kalendas,et,Ric,ere,B-PERS,VERB,consulibus,22,nsubj
457,et,Ricomere,Clearcho,et,et,O,CCONJ,Clearcho,21,cc
457,Clearcho,et,consulibus,Cle,cho,B-PERS,PROPN,Ricomere,19,conj
457,consulibus,Clearcho,<END>,con,bus,O,NOUN,pace,6,nmod
933,qui,<START>,et,qui,qui,O,PUNCT,qui,1,ROOT
933,et,qui,gni,et,et,O,CCONJ,gni,3,advmod:emph
933,gni,et,in,gni,gni,O,NOUN,positus,6,obl
933,in,gni,pace,in,in,O,ADP,pace,5,case
933,pace,in,positus,pac,ace,O,PUNCT,positus,6,obl
933,positus,pace,<END>,pos,tus,O,VERB,qui,1,acl
814,Dis,<START>,Manibus,Dis,Dis,O,NOUN,Manibus,2,case
814,Manibus,Dis,Philadelphus,Man,bus,O,PROPN,Manibus,2,ROOT
814,Philadelphus,Manibus,Philandri,Phi,hus,B-PERS:NOMEN,PROPN,Manibus,2,nsubj
814,Philandri,Philadelphus,Cappadox,Phi,dri,B-PERS:COG,PROPN,miles,6,nmod
814,Cappadox,Philandri,miles,Cap,dox,B-LOC,PROPN,Philandri,4,flat:name
814,miles,Cappadox,cohortis,mil,les,O,NOUN,Philadelphus,3,appos
814,cohortis,miles,XXXII,coh,tis,O,NOUN,miles,6,nmod
814,XXXII,cohortis,Voluntariorum,XXX,XII,O,NUM,Philadelphus,3,nummod
814,Voluntariorum,XXXII,centuria,Vol,rum,O,ADJ,centuria,10,nmod
814,centuria,Voluntariorum,Ianuari,cen,ria,O,NOUN,Philadelphus,3,conj
814,Ianuari,centuria,annorum,Ian,ari,O,ADJ,centuria,10,nmod
814,annorum,Ianuari,L,ann,rum,O,NOUN,Ianuari,11,nmod
814,L,annorum,stipendiorum,L,L,O,PUNCT,Philadelphus,3,conj
814,stipendiorum,L,XXX,sti,rum,O,NOUN,L,13,nmod
814,XXX,stipendiorum,<END>,XXX,XXX,O,NUM,L,13,nummod
141,Dis,<START>,Manibus,Dis,Dis,O,NOUN,Manibus,2,case
141,Manibus,Dis,sacrum,Man,bus,O,PROPN,vixit,7,obl
141,sacrum,Manibus,Aulus,sac,rum,O,ADJ,Aulus,4,amod
141,Aulus,sacrum,Novius,Aul,lus,B-PERS:PRAE,PROPN,vixit,7,nsubj
141,Novius,Aulus,vator,Nov,ius,B-PERS:NOMEN,ADV,vator,6,amod
141,vator,Novius,vixit,vat,tor,B-PERS:COG,VERB,Aulus,4,appos
141,vixit,vator,Novia,vix,xit,O,VERB,vixit,7,ROOT
141,Novia,vixit,Saturnina,Nov,via,B-PERS:NOMEN,NOUN,vixit,7,advcl:pred
141,Saturnina,Novia,et,Sat,ina,B-PERS:COG,PROPN,Novia,8,appos
141,et,Saturnina,Felix,et,et,O,CCONJ,Felix,11,cc
141,Felix,et,Caesaris,Fel,lix,B-PERS,PROPN,Novia,8,conj
141,Caesaris,Felix,pedisequus,Cae,ris,O,PROPN,pedisequus,13,nmod
141,pedisequus,Caesaris,et,ped,uus,O,ADJ,Felix,11,appos
141,et,pedisequus,sibi,et,et,O,CCONJ,Felix,11,cc
141,sibi,et,posterisque,sib,ibi,O,PRON,vixit,7,obl
141,posterisque,sibi,ssuorum,pos,que,O,NOUN,,-1,
141,ssuorum,posterisque,<END>,ssu,rum,O,NOUN,sibi,15,conj
625,Infans,<START>,bina,Inf,ans,O,NOUN,iacet,3,nsubj
625,bina,Infans,iacet,bin,ina,O,ADJ,iacet,3,advcl:pred
625,iacet,bina,bis,iac,cet,O,VERB,iacet,3,ROOT
625,bis,iacet,denis,bis,bis,O,ADV,denis,5,advmod
625,denis,bis,aucta,den,nis,O,ADJ,iacet,3,advmod
625,aucta,denis,diebus,auc,cta,O,VERB,iacet,3,conj
625,diebus,aucta,quam,die,bus,O,NOUN,aucta,6,obl
625,quam,diebus,nova,qua,uam,O,SCONJ,servat,12,advmod
625,nova,quam,lux,nov,ova,O,ADJ,lux,10,amod
625,lux,nova,animae,lux,lux,O,NOUN,servat,12,nsubj
625,animae,lux,servat,ani,mae,O,NOUN,lux,10,nmod
625,servat,animae,et,ser,vat,O,VERB,iacet,3,dep
625,et,servat,alma,et,et,O,CCONJ,tua,30,cc
625,alma,et,fides,alm,lma,O,X,fides,15,amod
625,fides,alma,cor,fid,des,O,NOUN,lux,10,conj
625,cor,fides,gaudens,cor,cor,O,ADJ,gaudens,17,obj
625,gaudens,cor,corpusque,gau,ens,O,VERB,servat,12,acl
625,corpusque,gaudens,decens,cor,que,O,DET,,-1,
625,decens,corpusque,dulcissima,dec,ens,O,VERB,gaudens,17,advcl:pred
625,dulcissima,decens,verba,dul,ima,O,ADJ,possidet,23,obj
625,verba,dulcissima,possidet,ver,rba,O,NOUN,possidet,23,obj
625,possidet,verba,hic,pos,det,O,VERB,iacet,3,conj
625,hic,possidet,tumulus,hic,hic,O,ADV,tumulus,25,det
625,tumulus,hic,cetera,tum,lus,O,NOUN,possidet,23,nsubj
625,cetera,tumulus,sancta,cet,era,O,NOUN,deus,28,det
625,sancta,cetera,deus,san,cta,O,ADJ,deus,28,amod
625,deus,sancta,et,deu,eus,O,NOUN,tumulus,25,appos
625,et,deus,tua,et,et,O,CCONJ,tua,30,cc
625,tua,et,praecipuo,tua,tua,O,DET,iacet,3,conj
625,praecipuo,tua,vernans,pra,puo,O,VERB,vernans,32,amod
625,vernans,praecipuo,fringuYilla,ver,ans,O,VERB,tua,30,acl
625,fringuYilla,vernans,canore,fri,lla,O,X,tua,30,orphan
625,canore,fringuYilla,garrulitas,can,ore,O,NOUN,tua,30,orphan
625,garrulitas,canore,placuit,gar,tas,O,NOUN,placuit,36,nsubj
625,placuit,garrulitas,sub,pla,uit,O,VERB,iacet,3,conj
625,sub,placuit,meliore,sub,sub,O,ADP,polo,39,case
625,meliore,sub,polo,mel,ore,O,ADJ,polo,39,amod
625,polo,meliore,cum,pol,olo,O,NOUN,placuit,36,obl:tmod
625,cum,polo,Tharsilla,cum,cum,O,ADP,Tharsilla,41,case
625,Tharsilla,cum,tuum,Tha,lla,B-PERS,PROPN,placuit,36,obl
625,tuum,Tharsilla,noUmen,tuu,uum,O,DET,Tharsilla,41,det
625,noUmen,tuum,pro,noU,men,O,NOUN,placuit,36,dep
625,pro,noUmen,nomine,pro,pro,O,ADP,nomine,45,case
625,nomine,pro,fer,nom,ine,O,NOUN,noUmen,43,obl
625,fer,nomine,res,fer,fer,O,ADV,placuit,36,dep
625,res,fer,attamen,res,res,O,NOUN,fer,46,nsubj
625,attamen,res,sanctis,att,men,O,ADV,habenda,51,advmod
625,sanctis,attamen,sidus,san,tis,O,ADJ,habenda,51,obl:arg
625,sidus,sanctis,habenda,sid,dus,O,NOUN,habenda,51,obj
625,habenda,sidus,tuis,hab,nda,O,VERB,fer,46,ccomp
625,tuis,habenda,deposita,tui,uis,O,DET,fer,46,dep
625,deposita,tuis,III,dep,ita,O,VERB,fer,46,ccomp
625,III,deposita,Nonas,III,III,O,NUM,placuit,36,obl:tmod
625,Nonas,III,Iulias,Non,nas,O,NOUN,III,54,nmod
625,Iulias,Nonas,<END>,Iul,ias,O,PROPN,Nonas,55,amod
321,Dis,<START>,Manibus,Dis,Dis,O,NOUN,Manibus,2,case
321,Manibus,Dis,Refio,Man,bus,O,PROPN,curaverunt,30,obl
321,Refio,Manibus,Marcello,Ref,fio,B-PERS:NOMEN,VERB,Manibus,2,flat
321,Marcello,Refio,filio,Mar,llo,B-PERS:COG,PROPN,Refio,3,flat:name
321,filio,Marcello,infelicissimo,fil,lio,O,NOUN,Sergia,25,appos
321,infelicissimo,filio,annorum,inf,imo,O,ADJ,filio,5,nmod
321,annorum,infelicissimo,V,ann,rum,O,NOUN,Refio,3,nmod
321,V,annorum,et,V,V,O,,mensium,10,nummod
321,et,V,mensium,et,et,O,CCONJ,Valeria,21,cc
321,mensium,et,V,men,ium,O,NOUN,annorum,7,conj
321,V,mensium,Valeria,V,V,O,,mensium,10,nummod
321,Valeria,V,Serena,Val,ria,B-PERS:NOMEN,PROPN,Refio,3,conj
321,Serena,Valeria,mater,Ser,ena,B-PERS:COG,PROPN,Valeria,12,appos
321,mater,Serena,et,mat,ter,O,NOUN,Serena,13,appos
321,et,mater,Refius,et,et,O,CCONJ,Valeria,21,cc
321,Refius,et,Celerinus,Ref,ius,B-PERS:NOMEN,PROPN,Refio,3,conj
321,Celerinus,Refius,centurio,Cel,nus,B-PERS:COG,PROPN,Refius,16,amod
321,centurio,Celerinus,pater,cen,rio,B-TITLE,NOUN,Refius,16,appos
321,pater,centurio,et,pat,ter,O,NOUN,Refius,16,appos
321,et,pater,Valeria,et,et,O,CCONJ,Valeria,21,cc
321,Valeria,et,Optima,Val,ria,B-PERS:NOMEN,PROPN,Refio,3,conj
321,Optima,Valeria,avia,Opt,ima,B-PERS:COG,ADJ,Valeria,21,amod
321,avia,Optima,domo,avi,via,O,NOUN,Valeria,21,appos
321,domo,avia,Sergia,dom,omo,O,NOUN,avia,23,nmod
321,Sergia,domo,Savaria,Ser,gia,B-LOC,PROPN,Valeria,21,appos
321,Savaria,Sergia,filio,Sav,ria,O,NOUN,Sergia,25,flat
321,filio,Savaria,pientissimo,fil,lio,O,NOUN,Sergia,25,appos
321,pientissimo,filio,faciendum,pie,imo,O,ADJ,curaverunt,30,dep
321,faciendum,pientissimo,curaverunt,fac,dum,O,VERB,curaverunt,30,xcomp
321,curaverunt,faciendum,<END>,cur,unt,O,VERB,curaverunt,30,ROOT
709,Dis,<START>,Manibus,Dis,Dis,O,NOUN,Manibus,2,case
709,Manibus,Dis,et,Man,bus,O,PROPN,Ararico,25,dep
709,et,Manibus,memoriae,et,et,O,CCONJ,memoriae,4,cc
709,memoriae,et,aeternae,mem,iae,O,NOUN,Manibus,2,conj
709,aeternae,memoriae,Aebuti,aet,nae,O,ADJ,memoriae,4,amod
709,Aebuti,aeternae,Agathonis,Aeb,uti,B-PERS:NOMEN,PROPN,Manibus,2,nmod
709,Agathonis,Aebuti,IIIIIIviro,Aga,nis,B-PERS:COG,PROPN,Aebuti,6,nmod
709,IIIIIIviro,Agathonis,Augustali,III,iro,O,NUM,Aptae,23,orphan
709,Augustali,IIIIIIviro,corporato,Aug,ali,O,ADJ,corporato,10,amod
709,corporato,Augustali,coloniae,cor,ato,O,VERB,Manibus,2,conj
709,coloniae,corporato,Iuliae,col,iae,O,NOUN,IIIIIIviro,20,nmod
709,Iuliae,coloniae,Paternae,Iul,iae,O,PROPN,coloniae,21,amod
709,Paternae,Iuliae,Arelatis,Pat,nae,O,PROPN,coloniae,11,amod
709,Arelatis,Paternae,curatori,Are,tis,B-LOC,PROPN,corporato,10,nmod
709,curatori,Arelatis,eiusdem,cur,ori,O,NOUN,Ararico,25,appos
709,eiusdem,curatori,corporis,eiu,dem,O,DET,corporis,17,det
709,corporis,eiusdem,bis,cor,ris,O,NOUN,curatori,15,nmod
709,bis,corporis,item,bis,bis,O,ADV,item,19,advmod
709,item,bis,IIIIIIviro,ite,tem,O,ADV,IIIIIIviro,20,advmod
709,IIIIIIviro,item,coloniae,III,iro,O,NUM,Aptae,23,orphan
709,coloniae,IIIIIIviro,Iuliae,col,iae,O,NOUN,IIIIIIviro,20,nmod
709,Iuliae,coloniae,Aptae,Iul,iae,O,PROPN,coloniae,21,amod
709,Aptae,Iuliae,nautae,Apt,tae,B-LOC,PROPN,curatori,15,nmod
709,nautae,Aptae,Ararico,nau,tae,O,NOUN,curatori,15,nmod
709,Ararico,nautae,curatori,Ara,ico,B-LOC,PROPN,Ararico,25,ROOT
709,curatori,Ararico,peculii,cur,ori,O,NOUN,Ararico,25,appos
709,peculii,curatori,rei,pec,lii,O,NOUN,curatori,26,nmod
709,rei,peculii,publicae,rei,rei,O,NOUN,peculii,27,nmod
709,publicae,rei,Glanicorum,pub,cae,O,ADJ,rei,28,amod
709,Glanicorum,publicae,qui,Gla,rum,O,PROPN,curatori,26,nmod
709,qui,Glanicorum,vixit,qui,qui,O,PUNCT,vixit,32,nsubj
709,vixit,qui,annos,vix,xit,O,VERB,Glanicorum,30,acl:relcl
709,annos,vixit,LXX,ann,nos,O,NOUN,vixit,32,obl
709,LXX,annos,Aebutia,LXX,LXX,O,NUM,vixit,32,obl
709,Aebutia,LXX,Eutychia,Aeb,tia,B-PERS:NOMEN,ADJ,vixit,32,obl
709,Eutychia,Aebutia,patrono,Eut,hia,B-PERS:COG,NOUN,vixit,32,obl
709,patrono,Eutychia,erga,pat,ono,O,NOUN,vixit,32,obl
709,erga,patrono,se,erg,rga,O,ADP,se,39,case
709,se,erga,pientissimo,se,se,O,PRON,patrono,37,nmod
709,pientissimo,se,<END>,pie,imo,O,ADJ,patrono,37,amod
458,Dis,<START>,Manibus,Dis,Dis,O,NOUN,Manibus,2,case
458,Manibus,Dis,Hilar,Man,bus,O,PROPN,Manibus,2,ROOT
458,Hilar,Manibus,mater,Hil,lar,B-PERS,ADV,Manibus,2,flat
458,mater,Hilar,filio,mat,ter,O,NOUN,Hilar,3,appos
458,filio,mater,defuncto,fil,lio,O,NOUN,mater,4,appos
458,defuncto,filio,annorum,def,cto,O,VERB,filio,5,acl
458,annorum,defuncto,<END>,ann,rum,O,NOUN,filio,5,nmod
874,Publio,<START>,Manilio,Pub,lio,B-PERS:PRAE,PROPN,Publio,17,conj
874,Manilio,Publio,Tiberi,Man,lio,B-PERS:NOMEN,PROPN,Publio,23,flat:name
874,Tiberi,Manilio,filio,Tib,eri,B-PERS:FILI,PROPN,filio,4,nmod
874,filio,Tiberi,Palatina,fil,lio,I-PERS:FILI,NOUN,Publio,1,appos
874,Palatina,filio,Ligiri,Pal,ina,B-PERS:TRIBE,ADJ,Publio,1,nmod
874,Ligiri,Palatina,ex,Lig,iri,B-PERS:COG,VERB,Publio,1,flat:name
874,ex,Ligiri,s,ex,ex,O,ADP,testamento,9,case
874,s,ex,testamento,s,s,O,PUNCT,testamento,9,det
874,testamento,s,de,tes,nto,O,NOUN,curantibus,15,obl
874,de,testamento,HS,de,de,O,ADP,HS,11,case
874,HS,de,LX,HS,HS,O,ADV,curantibus,15,advmod
874,LX,HS,milia,LX,LX,O,NUM,HS,11,advmod
874,milia,LX,nummum,mil,lia,O,NUM,HS,11,nummod
874,nummum,milia,curantibus,num,mum,O,NOUN,milia,13,nmod
874,curantibus,nummum,libertis,cur,bus,O,VERB,curantibus,15,ROOT
874,libertis,curantibus,Publio,lib,tis,O,ADJ,curantibus,15,nsubj
874,Publio,libertis,Manilio,Pub,lio,B-PERS:PRAE,PROPN,Publio,17,conj
874,Manilio,Publio,Phaetonte,Man,lio,B-PERS:NOMEN,PROPN,Publio,23,flat:name
874,Phaetonte,Manilio,Publio,Pha,nte,B-PERS:COG,PROPN,Publio,17,conj
874,Publio,Phaetonte,Manilio,Pub,lio,B-PERS:PRAE,PROPN,Publio,17,conj
874,Manilio,Publio,Homero,Man,lio,B-PERS:NOMEN,PROPN,Publio,23,flat:name
874,Homero,Manilio,Publio,Hom,ero,B-PERS:COG,PROPN,Publio,20,flat:name
874,Publio,Homero,Manilio,Pub,lio,B-PERS:PRAE,PROPN,Publio,17,conj
874,Manilio,Publio,Hilaro,Man,lio,B-PERS:NOMEN,PROPN,Publio,23,flat:name
874,Hilaro,Manilio,<END>,Hil,aro,B-PERS:COG,VERB,Publio,23,flat:name
327,Dis,<START>,Manibus,Dis,Dis,O,NOUN,Manibus,2,case
327,Manibus,Dis,sacratis,Man,bus,O,PROPN,vixit,7,obl
327,sacratis,Manibus,Quintus,sac,tis,O,ADJ,Manibus,2,amod
327,Quintus,sacratis,Caecilius,Qui,tus,B-PERS:PRAE,PROPN,vixit,7,nsubj
327,Caecilius,Quintus,Paulus,Cae,ius,B-PERS:NOMEN,PROPN,Quintus,4,flat:name
327,Paulus,Caecilius,vixit,Pau,lus,B-PERS:COG,PROPN,Quintus,4,flat:name
327,vixit,Paulus,annos,vix,xit,O,VERB,vixit,7,ROOT
327,annos,vixit,LXXXV,ann,nos,O,NOUN,vixit,7,obj
327,LXXXV,annos,hic,LXX,XXV,O,NUM,annos,8,nummod
327,hic,LXXXV,situs,hic,hic,O,ADV,situs,11,nsubj
327,situs,hic,est,sit,tus,O,NOUN,vixit,7,conj
327,est,situs,<END>,est,est,O,AUX,situs,11,cop
127,legatus,<START>,Augusti,leg,tus,B-TITLE,NOUN,VIIviratus,9,appos
127,Augusti,legatus,pro,Aug,sti,I-TITLE,PROPN,legatus,11,nmod
127,pro,Augusti,praetore,pro,pro,I-TITLE,ADP,praetore,14,case
127,praetore,pro,provinciae,pra,ore,I-TITLE,NOUN,exornatus,7,advcl
127,provinciae,praetore,Belgicae,pro,iae,B-LOC,NOUN,praetore,4,nmod
127,Belgicae,provinciae,exornatus,Bel,cae,I-LOC,PROPN,provinciae,5,amod
127,exornatus,Belgicae,sacerdotio,exo,tus,O,VERB,exornatus,7,ROOT
127,sacerdotio,exornatus,VIIviratus,sac,tio,O,NOUN,exornatus,7,obl
127,VIIviratus,sacerdotio,epulonum,VII,tus,O,PROPN,praetore,14,nsubj
127,epulonum,VIIviratus,legatus,epu,num,O,NOUN,VIIviratus,9,nmod
127,legatus,epulonum,Augusti,leg,tus,O,NOUN,VIIviratus,9,appos
127,Augusti,legatus,pro,Aug,sti,O,PROPN,legatus,11,nmod
127,pro,Augusti,praetore,pro,pro,O,ADP,praetore,14,case
127,praetore,pro,exercitus,pra,ore,O,NOUN,exornatus,7,advcl
127,exercitus,praetore,Germanici,exe,tus,O,NOUN,praetore,14,nsubj
127,Germanici,exercitus,inferioris,Ger,ici,B-LOC,PROPN,exercitus,15,amod
127,inferioris,Germanici,<END>,inf,ris,I-LOC,ADJ,Germanici,16,amod
133,Caius,<START>,Vibius,Cai,ius,B-PERS:PRAE,PROPN,Caius,1,conj
133,Vibius,Caius,Polycarpus,Vib,ius,B-PERS:NOMEN,PROPN,Caius,4,flat:name
133,Polycarpus,Vibius,Caius,Pol,pus,B-PERS:COG,PROPN,Caius,1,conj
133,Caius,Polycarpus,Vibius,Cai,ius,B-PERS:PRAE,PROPN,Caius,1,conj
133,Vibius,Caius,Dorus,Vib,ius,B-PERS:NOMEN,PROPN,Caius,4,flat:name
133,Dorus,Vibius,Halus,Dor,rus,B-PERS:COG,PROPN,Caius,4,flat:name
133,Halus,Dorus,Tiberi,Hal,lus,B-PERS:AG,PROPN,Caius,4,conj
133,Tiberi,Halus,Claudi,Tib,eri,B-PERS:PRAE,PROPN,aedituus,11,nmod
133,Claudi,Tiberi,Caesaris,Cla,udi,B-PERS:NOMEN,PROPN,Tiberi,8,flat:name
133,Caesaris,Claudi,aedituus,Cae,ris,B-PERS:COG,PROPN,Tiberi,8,flat:name
133,aedituus,Caesaris,de,aed,uus,O,NOUN,Caius,1,conj
133,de,aedituus,aede,de,de,O,ADP,aede,13,case
133,aede,de,Iovis,aed,ede,O,NOUN,aedituus,11,nmod
133,Iovis,aede,porticus,Iov,vis,O,PROPN,porticus,15,nmod
133,porticus,Iovis,Octaviae,por,cus,O,NOUN,Caius,1,conj
133,Octaviae,porticus,<END>,Oct,iae,O,PROPN,porticus,15,nmod
818,Dis,<START>,Manibus,Dis,Dis,O,NOUN,Manibus,2,case
818,Manibus,Dis,ae,Man,bus,O,PROPN,fecit,11,obl
818,ae,Manibus,Festae,ae,ae,O,CCONJ,coniugi,5,dep
818,Festae,ae,coniugi,Fes,tae,B-PERS,VERB,coniugi,5,amod
818,coniugi,Festae,incomparabili,con,ugi,O,NOUN,fecit,11,obl:arg
818,incomparabili,coniugi,us,inc,ili,O,ADJ,fecit,11,dep
818,us,incomparabili,Martialis,us,us,O,X,fecit,11,nsubj
818,Martialis,us,bene,Mar,lis,B-PERS,PROPN,fecit,11,nsubj
818,bene,Martialis,merenti,ben,ene,O,ADV,merenti,10,advmod
818,merenti,bene,fecit,mer,nti,O,ADJ,fecit,11,xcomp
818,fecit,merenti,<END>,fec,cit,O,VERB,fecit,11,ROOT
398,Salvis,<START>,ddominis,Sal,vis,O,ADJ,ddominis,2,amod
398,ddominis,Salvis,nnostris,ddo,nis,O,NOUN,ddominis,2,ROOT
398,nnostris,ddominis,Honorio,nno,ris,O,DET,ddominis,2,amod
398,Honorio,nnostris,et,Hon,rio,B-PERS,VERB,ddominis,2,flat
398,et,Honorio,Theodosio,et,et,O,CCONJ,Theodosio,6,cc
398,Theodosio,et,iuniore,The,sio,B-PERS:PRAE,PROPN,Honorio,4,conj
398,iuniore,Theodosio,perpetuis,iun,ore,B-PERS:FILI,ADJ,Honorio,4,amod
398,perpetuis,iuniore,Augustis,per,uis,B-PERS:TITLE,ADJ,Augustis,9,amod
398,Augustis,perpetuis,vir,Aug,tis,I-PERS:TITLE,PROPN,Honorio,4,conj
398,vir,Augustis,inlustris,vir,vir,O,VERB,Augustis,9,appos
398,inlustris,vir,praefectus,inl,ris,O,ADJ,vir,10,amod
398,praefectus,inlustris,praetorio,pra,tus,B-TITLE,NOUN,Honorio,4,appos
398,praetorio,praefectus,Illyrici,pra,rio,I-TITLE,ADJ,praefectus,12,nmod
398,Illyrici,praetorio,<END>,Ill,ici,O,ADJ,praetorio,13,nmod
916,Dis,<START>,Manibus,Dis,Dis,O,NOUN,Manibus,2,case
916,Manibus,Dis,Publio,Man,bus,O,PROPN,vixit,6,obl
916,Publio,Manibus,Pontio,Pub,lio,B-PERS:PRAE,PROPN,vixit,16,nsubj
916,Pontio,Publio,Secundino,Pon,tio,B-PERS:NOMEN,PROPN,Publio,13,flat:name
916,Secundino,Pontio,vixit,Sec,ino,B-PERS:COG,ADJ,Publio,3,flat:name
916,vixit,Secundino,annos,vix,xit,O,VERB,vixit,6,conj
916,annos,vixit,X,ann,nos,O,NOUN,vixit,29,obj
916,X,annos,menses,X,X,O,NUM,annos,7,nummod
916,menses,X,III,men,ses,O,NOUN,vixit,6,obl
916,III,menses,dies,III,III,O,NUM,menses,9,amod
916,dies,III,XXIII,die,ies,O,X,vixit,16,obj
916,XXIII,dies,Publio,XXI,III,O,NUM,dies,11,nummod
916,Publio,XXIII,Pontio,Pub,lio,B-PERS:PRAE,PROPN,vixit,16,nsubj
916,Pontio,Publio,Blando,Pon,tio,B-PERS:NOMEN,PROPN,Publio,13,flat:name
916,Blando,Pontio,vixit,Bla,ndo,B-PERS:COG,PROPN,Publio,13,flat:name
916,vixit,Blando,annos,vix,xit,O,VERB,vixit,6,conj
916,annos,vixit,VI,ann,nos,O,NOUN,vixit,29,obj
916,VI,annos,dies,VI,VI,O,NUM,vixit,16,dislocated
916,dies,VI,VII,die,ies,O,X,vixit,16,obj
916,VII,dies,Publius,VII,VII,O,NUM,dies,19,nummod
916,Publius,VII,Pontius,Pub,ius,B-PERS:PRAE,PROPN,vixit,29,nsubj
916,Pontius,Publius,Pontianus,Pon,ius,B-PERS:NOMEN,PROPN,Publius,21,appos
916,Pontianus,Pontius,filiis,Pon,nus,B-PERS:COG,PROPN,Publius,21,appos
916,filiis,Pontianus,et,fil,iis,O,NOUN,Publius,21,appos
916,et,filiis,Valeriae,et,et,O,CCONJ,Valeriae,26,cc
916,Valeriae,et,Blandinae,Val,iae,B-PERS:NOMEN,ADJ,filiis,24,conj
916,Blandinae,Valeriae,coniugi,Bla,nae,B-PERS:COG,PROPN,Valeriae,26,amod
916,coniugi,Blandinae,vixit,con,ugi,O,NOUN,Valeriae,26,appos
916,vixit,coniugi,annos,vix,xit,O,VERB,vixit,6,conj
916,annos,vixit,LXV,ann,nos,O,NOUN,vixit,29,obj
916,LXV,annos,<END>,LXV,LXV,O,NUM,annos,30,nummod
994,Cnaeus,<START>,Pomponius,Cna,eus,B-PERS:PRAE,PROPN,Cnaeus,1,ROOT
994,Pomponius,Cnaeus,Demetrius,Pom,ius,B-PERS:NOMEN,PROPN,Cnaeus,1,flat:name
994,Demetrius,Pomponius,vivBo,Dem,ius,B-PERS:COG,PROPN,Cnaeus,1,appos
994,vivBo,Demetrius,sibi,viv,vBo,O,ADV,Cnaeus,1,amod
994,sibi,vivBo,et,sib,ibi,O,PRON,Cnaeus,1,obl
994,et,sibi,<END>,et,et,O,CCONJ,sibi,5,dep
416,Dis,<START>,Manibus,Dis,Dis,O,NOUN,Manibus,2,case
416,Manibus,Dis,Caio,Man,bus,O,PROPN,posuit,13,obl
416,Caio,Manibus,Iulio,Cai,aio,B-PERS:PRAE,PROPN,defuncto,6,nsubj
416,Iulio,Caio,Veloci,Iul,lio,B-PERS:NOMEN,PROPN,Caio,3,flat:name
416,Veloci,Iulio,defuncto,Vel,oci,B-PERS:NOMEN,ADJ,Caio,3,flat:name
416,defuncto,Veloci,annorum,def,cto,O,VERB,Manibus,2,advcl:abs
416,annorum,defuncto,LXXV,ann,rum,O,NOUN,Manibus,2,nmod
416,LXXV,annorum,Iulius,LXX,XXV,O,NUM,annorum,7,nummod
416,Iulius,LXXV,Saturninus,Iul,ius,B-PERS:NOMEN,PROPN,posuit,13,nsubj
416,Saturninus,Iulius,filius,Sat,nus,B-PERS:COG,PROPN,Iulius,9,flat:name
416,filius,Saturninus,patri,fil,ius,O,NOUN,Iulius,9,appos
416,patri,filius,posuit,pat,tri,O,NOUN,posuit,13,obl:arg
416,posuit,patri,<END>,pos,uit,O,VERB,posuit,13,ROOT
596,Marco,<START>,Ulpio,Mar,rco,B-PERS:PRAE,PROPN,posuit,23,obl:arg
596,Ulpio,Marco,Inamno,Ulp,pio,B-PERS:NOMEN,PROPN,Marco,1,flat:name
596,Inamno,Ulpio,Oramni,Ina,mno,B-PERS:COG,PROPN,Marco,1,flat:name
596,Oramni,Inamno,filio,Ora,mni,B-PERS:FILI,PROPN,filio,5,nmod
596,filio,Oramni,Batavo,fil,lio,I-PERS:FILI,NOUN,Marco,1,appos
596,Batavo,filio,annorum,Bat,avo,B-PERS:AG,PROPN,Marco,1,amod
596,annorum,Batavo,cohortis,ann,rum,O,NOUN,Marco,1,nmod
596,cohortis,annorum,I,coh,tis,O,NOUN,filius,22,nmod
596,I,cohortis,Batavorum,I,I,O,NUM,cohortis,8,nummod
596,Batavorum,I,miliariae,Bat,rum,O,PROPN,cohortis,8,nmod
596,miliariae,Batavorum,civium,mil,iae,O,NOUN,civium,12,amod
596,civium,miliariae,Romanorum,civ,ium,O,NOUN,Batavorum,10,nmod
596,Romanorum,civium,Piae,Rom,rum,O,PROPN,civium,12,amod
596,Piae,Romanorum,Fidelis,Pia,iae,O,PROPN,Marcus,16,nmod
596,Fidelis,Piae,Marcus,Fid,lis,O,ADJ,Piae,14,amod
596,Marcus,Fidelis,Ulpius,Mar,cus,B-PERS:PRAE,PROPN,posuit,23,nsubj
596,Ulpius,Marcus,Aebutianus,Ulp,ius,B-PERS:NOMEN,PROPN,Marcus,16,flat:name
596,Aebutianus,Ulpius,miles,Aeb,nus,B-PERS:COG,PROPN,Marcus,16,amod
596,miles,Aebutianus,cohortis,mil,les,O,NOUN,Marcus,16,appos
596,cohortis,miles,eiusdem,coh,tis,O,NOUN,filius,22,nmod
596,eiusdem,cohortis,filius,eiu,dem,O,DET,cohortis,20,det
596,filius,eiusdem,posuit,fil,ius,O,NOUN,Marcus,16,appos
596,posuit,filius,titulum,pos,uit,O,VERB,posuit,23,ROOT
596,titulum,posuit,memoriae,tit,lum,O,NOUN,posuit,23,obj
596,memoriae,titulum,<END>,mem,iae,O,NOUN,titulum,24,nmod
259,Dis,<START>,Manibus,Dis,Dis,O,NOUN,Manibus,2,case
259,Manibus,Dis,Aurelius,Man,bus,O,PROPN,posuit,13,obl
259,Aurelius,Manibus,Super,Aur,ius,B-PERS:NOMEN,PROPN,Manibus,2,flat:name
259,Super,Aurelius,milesX,Sup,per,B-PERS:COG,PUNCT,milesX,5,case
259,milesX,Super,stipendiorum,mil,esX,O,X,Manibus,2,appos
259,stipendiorum,milesX,annorum,sti,rum,O,NOUN,annorum,7,nmod
259,annorum,stipendiorum,LXV,ann,rum,O,NOUN,milesX,5,nmod
259,LXV,annorum,Avita,LXV,LXV,O,NUM,posuit,13,nsubj
259,Avita,LXV,coniugi,Avi,ita,B-PERS,PROPN,posuit,13,nsubj
259,coniugi,Avita,bene,con,ugi,O,NOUN,posuit,13,obl:arg
259,bene,coniugi,merenti,ben,ene,O,ADV,merenti,12,advmod
259,merenti,bene,posuit,mer,nti,O,ADJ,coniugi,10,amod
259,posuit,merenti,<END>,pos,uit,O,VERB,posuit,13,ROOT
314,Beatissimo,<START>,saeculo,Bea,imo,O,ADJ,saeculo,2,amod
314,saeculo,Beatissimo,ddominorum,sae,ulo,O,NOUN,curante,46,nsubj
314,ddominorum,saeculo,nnostrorum,ddo,rum,O,NOUN,saeculo,2,nmod
314,nnostrorum,ddominorum,Diocletiani,nno,rum,O,DET,ddominorum,3,det
314,Diocletiani,nnostrorum,et,Dio,ani,B-PERS,PROPN,ddominorum,3,nmod
314,et,Diocletiani,Maximiani,et,et,O,CCONJ,pecunia,41,cc
314,Maximiani,et,Auggustorum,Max,ani,B-PERS,PROPN,Diocletiani,5,conj
314,Auggustorum,Maximiani,et,Aug,rum,B-PERS:TITLE,NOUN,Diocletiani,5,conj
314,et,Auggustorum,Constanti,et,et,O,CCONJ,pecunia,41,cc
314,Constanti,et,et,Con,nti,B-PERS,PROPN,Diocletiani,5,conj
314,et,Constanti,Maximiani,et,et,O,CCONJ,pecunia,41,cc
314,Maximiani,et,nobbilissimorum,Max,ani,B-PERS,PROPN,Diocletiani,5,conj
314,nobbilissimorum,Maximiani,Caessarum,nob,rum,O,ADJ,Caessarum,14,amod
314,Caessarum,nobbilissimorum,templum,Cae,rum,B-TITLE,PROPN,Diocletiani,5,conj
314,templum,Caessarum,dei,tem,lum,O,NOUN,conversum,24,nsubj:pass
314,dei,templum,Mercuri,dei,dei,O,PUNCT,templum,15,nmod
314,Mercuri,dei,quod,Mer,uri,O,PROPN,dei,16,flat
314,quod,Mercuri,fuerat,quo,uod,O,PRON,neglegentia,20,nsubj
314,fuerat,quod,neglegentia,fue,rat,O,AUX,neglegentia,20,cop
314,neglegentia,fuerat,temporum,neg,tia,O,NOUN,templum,15,acl:relcl
314,temporum,neglegentia,in,tem,rum,O,NOUN,neglegentia,20,nmod
314,in,temporum,ruinis,in,in,O,ADP,ruinis,23,case
314,ruinis,in,conversum,rui,nis,O,NOUN,conversum,24,obl
314,conversum,ruinis,iussione,con,sum,O,VERB,saeculo,2,acl
314,iussione,conversum,viri,ius,one,O,NOUN,conversum,24,obl
314,viri,iussione,perfectissimi,vir,iri,O,NOUN,iussione,25,nmod
314,perfectissimi,viri,Valeri,per,imi,O,ADJ,praesidis,31,amod
314,Valeri,perfectissimi,Flori,Val,eri,B-PERS:NOMEN,VERB,conversum,24,conj
314,Flori,Valeri,perfectissimi,Flo,ori,B-PERS:COG,PROPN,Valeri,28,conj
314,perfectissimi,Flori,praesidis,per,imi,O,ADJ,praesidis,31,amod
314,praesidis,perfectissimi,provinciae,pra,dis,B-TITLE,NOUN,Valeri,28,conj
314,provinciae,praesidis,Numidiae,pro,iae,B-LOC,NOUN,praesidis,31,nmod
314,Numidiae,provinciae,Militianae,Num,iae,I-LOC,PROPN,provinciae,32,flat
314,Militianae,Numidiae,adT,Mil,nae,I-LOC,ADJ,praesidis,31,amod
314,adT,Militianae,pristinum,adT,adT,O,ADP,statum,37,case
314,pristinum,adT,statum,pri,num,O,NOUN,statum,37,amod
314,statum,pristinum,cum,sta,tum,O,NOUN,conversum,24,obl
314,cum,statum,porticibus,cum,cum,O,ADP,porticibus,39,case
314,porticibus,cum,et,por,bus,O,NOUN,statum,37,nmod
314,et,porticibus,pecunia,et,et,O,CCONJ,pecunia,41,cc
314,pecunia,et,publica,pec,nia,O,NOUN,porticibus,39,conj
314,publica,pecunia,gerunda,pub,ica,O,ADJ,pecunia,41,amod
314,gerunda,publica,nova,ger,nda,O,VERB,instituta,45,amod
314,nova,gerunda,instituta,nov,ova,O,ADJ,instituta,45,amod
314,instituta,nova,curante,ins,uta,O,NOUN,curante,46,nsubj
314,curante,instituta,Iulio,cur,nte,O,VERB,curante,46,ROOT
314,Iulio,curante,Lambessio,Iul,lio,B-PERS:NOMEN,PROPN,curante,46,nsubj
314,Lambessio,Iulio,curatore,Lam,sio,B-PERS:COG,PROPN,Iulio,47,flat:name
314,curatore,Lambessio,rei,cur,ore,B-TITLE,NOUN,Iulio,47,appos
314,rei,curatore,publicae,rei,rei,O,NOUN,curatore,49,nmod
314,publicae,rei,ex,pub,cae,O,ADJ,rei,50,amod
314,ex,publicae,<END>,ex,ex,O,ADP,ruinis,23,case
410,Dis,<START>,Manibus,Dis,Dis,O,NOUN,Manibus,2,case
410,Manibus,Dis,Caio,Man,bus,O,PROPN,vixit,6,obl
410,Caio,Manibus,Terentio,Cai,aio,B-PERS:PRAE,PROPN,Manibus,2,flat
410,Terentio,Caio,Loto,Ter,tio,B-PERS:NOMEN,PROPN,Caio,3,flat:name
410,Loto,Terentio,vixit,Lot,oto,B-PERS:COG,VERB,Caio,3,flat:name
410,vixit,Loto,annos,vix,xit,O,VERB,vixit,6,conj
410,annos,vixit,LVIII,ann,nos,O,NOUN,vixit,6,obl:tmod
410,LVIII,annos,Terentia,LVI,III,O,NUM,annos,7,nummod
410,Terentia,LVIII,Flora,Ter,tia,B-PERS:NOMEN,PROPN,pientissimo,14,nsubj
410,Flora,Terentia,filia,Flo,ora,B-PERS:COG,NOUN,Terentia,9,flat
410,filia,Flora,patri,fil,lia,O,NOUN,Terentia,9,appos
410,patri,filia,suo,pat,tri,O,NOUN,Terentia,9,nmod
410,suo,patri,pientissimo,suo,suo,O,PUNCT,patri,12,det
410,pientissimo,suo,fecit,pie,imo,O,ADJ,fecit,15,obl
410,fecit,pientissimo,et,fec,cit,O,VERB,vixit,6,conj
410,et,fecit,Terentiae,et,et,O,CCONJ,vixit,21,cc
410,Terentiae,et,Beryllidi,Ter,iae,B-PERS:NOMEN,PROPN,vixit,21,obl
410,Beryllidi,Terentiae,matri,Ber,idi,B-PERS:COG,PROPN,Terentiae,17,nmod
410,matri,Beryllidi,eius,mat,tri,O,NOUN,Terentiae,17,appos
410,eius,matri,vixit,eiu,ius,O,ADV,matri,19,nmod
410,vixit,eius,annis,vix,xit,O,VERB,vixit,6,conj
410,annis,vixit,XXVIII,ann,nis,O,NOUN,vixit,21,obl
410,XXVIII,annis,<END>,XXV,III,O,NUM,annis,22,nummod
163,Dis,<START>,Manibus,Dis,Dis,O,NOUN,Manibus,2,case
163,Manibus,Dis,sacrum,Man,bus,O,PROPN,vixit,8,obl
163,sacrum,Manibus,Caius,sac,rum,O,ADJ,vixit,8,dep
163,Caius,sacrum,Apronius,Cai,ius,B-PERS:PRAE,PROPN,vixit,8,nsubj
163,Apronius,Caius,Paternus,Apr,ius,B-PERS:NOMEN,PROPN,Caius,4,flat:name
163,Paternus,Apronius,Bracarus,Pat,nus,B-PERS:COG,PROPN,Caius,4,appos
163,Bracarus,Paternus,vixit,Bra,rus,B-PERS:AG,PROPN,Caius,4,amod
163,vixit,Bracarus,annis,vix,xit,O,VERB,vixit,8,ROOT
163,annis,vixit,XVIII,ann,nis,O,NOUN,vixit,8,obl
163,XVIII,annis,mensibus,XVI,III,O,NUM,annis,9,nummod
163,mensibus,XVIII,X,men,bus,O,NOUN,annis,9,nmod
163,X,mensibus,diebus,X,X,O,NUM,mensibus,11,nummod
163,diebus,X,XXVIII,die,bus,O,NOUN,vixit,8,obl
163,XXVIII,diebus,hic,XXV,III,O,NUM,diebus,13,nummod
163,hic,XXVIII,situs,hic,hic,O,ADV,situs,16,nsubj
163,situs,hic,est,sit,tus,O,NOUN,vixit,8,conj
163,est,situs,mauEsoleum,est,est,O,AUX,situs,16,aux:pass
163,mauEsoleum,est,ei,mau,eum,O,NOUN,fecit,20,obj
163,ei,mauEsoleum,fecit,ei,ei,O,PUNCT,fecit,20,obl:arg
163,fecit,ei,Priamus,fec,cit,O,VERB,vixit,8,conj
163,Priamus,fecit,tu,Pri,mus,B-PERS,VERB,fecit,20,nsubj
163,tu,Priamus,qui,tu,tu,O,PRON,fecit,20,nsubj
163,qui,tu,leges,qui,qui,O,PUNCT,peto,25,nsubj
163,leges,qui,peto,leg,ges,O,NOUN,peto,25,obj
163,peto,leges,ut,pet,eto,O,VERB,tu,22,acl:relcl
163,ut,peto,dicas,ut,ut,O,SCONJ,dicas,27,mark
163,dicas,ut,sit,dic,cas,O,NOUN,fecit,20,advcl
163,sit,dicas,tibi,sit,sit,O,AUX,Manibus,2,acl
163,tibi,sit,terra,tib,ibi,O,PRON,levis,31,obl
163,terra,tibi,levis,ter,rra,O,NOUN,levis,31,nsubj
163,levis,terra,quoniam,lev,vis,O,ADJ,Caius,4,amod
163,quoniam,levis,fuit,quo,iam,O,SCONJ,brevis,35,mark
163,fuit,quoniam,vita,fui,uit,O,AUX,brevis,35,cop
163,vita,fuit,brevis,vit,ita,O,NOUN,brevis,35,nsubj
163,brevis,vita,<END>,bre,vis,O,ADJ,vixit,8,advcl
305,Hic,<START>,requiescit,Hic,Hic,O,ADV,requiescit,2,advmod:lmod
305,requiescit,Hic,in,req,cit,O,VERB,requiescit,2,ROOT
305,in,requiescit,pace,in,in,O,ADP,pace,4,case
305,pace,in,Marcianus,pac,ace,O,PUNCT,requiescit,2,obl
305,Marcianus,pace,qui,Mar,nus,B-PERS,PROPN,requiescit,2,nsubj
305,qui,Marcianus,vixit,qui,qui,O,PUNCT,vixit,7,nsubj
305,vixit,qui,annos,vix,xit,O,VERB,Marcianus,5,acl:relcl
305,annos,vixit,plus,ann,nos,O,NOUN,vixit,7,obl
305,plus,annos,minus,plu,lus,O,ADV,minus,10,advmod
305,minus,plus,LX,min,nus,O,ADV,depositus,12,advmod
305,LX,minus,depositus,LX,LX,O,NUM,depositus,12,obl
305,depositus,LX,sub,dep,tus,O,VERB,Marcianus,5,acl:relcl
305,sub,depositus,die,sub,sub,O,ADP,die,14,case
305,die,sub,XI,die,die,O,PUNCT,depositus,12,obl:tmod
305,XI,die,Kalendas,XI,XI,O,NUM,die,14,nummod
305,Kalendas,XI,Maiarum,Kal,das,O,NOUN,die,14,nmod
305,Maiarum,Kalendas,indictione,Mai,rum,O,NOUN,Kalendas,16,amod
305,indictione,Maiarum,XV,ind,one,O,NOUN,depositus,12,obl
305,XV,indictione,undecies,XV,XV,O,NUM,indictione,18,nummod
305,undecies,XV,post,und,ies,O,ADV,requiescit,2,dep
305,post,undecies,consulatum,pos,ost,O,ADV,consulatum,22,case
305,consulatum,post,Basili,con,tum,O,NOUN,undecies,20,obl
305,Basili,consulatum,viri,Bas,ili,B-PERS,PROPN,consulatum,22,nmod
305,viri,Basili,clarissimi,vir,iri,O,NOUN,undecies,20,nmod
305,clarissimi,viri,<END>,cla,imi,O,ADJ,viri,24,amod
287,Imperator,<START>,Caesar,Imp,tor,B-PERS:TITLE,NOUN,Imperator,1,ROOT
287,Caesar,Imperator,divi,Cae,sar,B-PERS:TITLE,PROPN,Imperator,1,flat
287,divi,Caesar,Antonini,div,ivi,B-PERS:FILI,VERB,Augusti,116,amod
287,Antonini,divi,Magni,Ant,ini,I-PERS:FILI,PROPN,filius,7,nmod
287,Magni,Antonini,Pii,Mag,gni,I-PERS:FILI,ADJ,Pii,6,amod
287,Pii,Magni,filius,Pii,Pii,I-PERS:FILI,PROPN,Severi,9,flat:name
287,filius,Pii,divi,fil,ius,I-PERS:FILI,NOUN,Caesar,2,appos
287,divi,filius,Severi,div,ivi,B-PERS:FILI,VERB,Augusti,116,amod
287,Severi,divi,Pii,Sev,eri,I-PERS:FILI,PROPN,nepos,11,nmod
287,Pii,Severi,nepos,Pii,Pii,I-PERS:FILI,PROPN,Severi,9,flat:name
287,nepos,Pii,Marcus,nep,pos,I-PERS:FILI,NOUN,Caesar,2,appos
287,Marcus,nepos,Aurellius,Mar,cus,B-PERS:PRAE,PROPN,Imperator,1,conj
287,Aurellius,Marcus,Severus,Aur,ius,B-PERS:NOMEN,PROPN,Marcus,12,flat:name
287,Severus,Aurellius,Alexander,Sev,rus,B-PERS:COG,PROPN,Marcus,12,flat:name
287,Alexander,Severus,Pius,Ale,der,B-PERS:AG,PROPN,Marcus,12,flat:name
287,Pius,Alexander,Felix,Piu,ius,B-PERS:AG,ADJ,Marcus,12,flat:name
287,Felix,Pius,Augustus,Fel,lix,B-PERS:AG,PROPN,Marcus,12,conj
287,Augustus,Felix,pontifex,Aug,tus,B-PERS:TITLE,PROPN,Marcus,12,flat:name
287,pontifex,Augustus,maximus,pon,fex,B-TITLE,NOUN,Marcus,12,appos
287,maximus,pontifex,tribunicia,max,mus,I-TITLE,ADJ,pontifex,19,amod
287,tribunicia,maximus,potestate,tri,cia,B-TITLE,ADJ,potestate,22,amod
287,potestate,tribunicia,III,pot,ate,I-TITLE,NOUN,maximus,20,obl
287,III,potestate,consul,III,III,O,NUM,consul,24,amod
287,consul,III,pater,con,sul,B-TITLE,NOUN,Marcus,12,conj
287,pater,consul,patriae,pat,ter,B-TITLE,NOUN,Marcus,12,appos
287,patriae,pater,nomina,pat,iae,I-TITLE,ADJ,nomina,27,nmod
287,nomina,patriae,militum,nom,ina,O,ADJ,Marcus,12,conj
287,militum,nomina,qui,mil,tum,O,NOUN,nomina,27,nmod
287,qui,militum,militaverunt,qui,qui,O,PUNCT,ssunt,48,nsubj
287,militaverunt,qui,in,mil,unt,O,VERB,nomina,27,acl:relcl
287,in,militaverunt,cohortibus,in,in,O,ADP,muro,112,case
287,cohortibus,in,urbanis,coh,bus,O,NOUN,militaverunt,30,obl
287,urbanis,cohortibus,Severianis,urb,nis,O,ADJ,cohortibus,32,amod
287,Severianis,urbanis,quattuor,Sev,nis,O,ADJ,cohortibus,32,amod
287,quattuor,Severianis,X,qua,uor,O,NUM,Marcus,12,acl:relcl
287,X,quattuor,XI,X,X,O,NUM,Marcus,12,nummod
287,XI,X,XII,XI,XI,O,NUM,cohors,90,nummod
287,XII,XI,XIIII,XII,XII,O,NUM,Marcus,12,conj
287,XIIII,XII,subieci,XII,III,O,NUM,Marcus,12,conj
287,subieci,XIIII,qui,sub,eci,O,VERB,Imperator,1,conj
287,qui,subieci,bus,qui,qui,O,PUNCT,ssunt,48,nsubj
287,bus,qui,fortiter,bus,bus,O,NOUN,functi,47,nsubj:pass
287,fortiter,bus,et,for,ter,O,ADV,functi,47,advmod
287,et,fortiter,pie,et,et,O,CCONJ,recognitum,103,cc
287,pie,et,militia,pie,pie,O,ADV,militia,46,amod
287,militia,pie,functi,mil,tia,O,NOUN,fortiter,43,conj
287,functi,militia,ssunt,fun,cti,O,VERB,ssunt,48,advcl
287,ssunt,functi,ius,ssu,unt,O,ADV,Imperator,1,conj
287,ius,ssunt,tribui,ius,ius,O,NOUN,Imperator,1,conj
287,tribui,ius,conubii,tri,bui,O,NOUN,ius,49,nmod
287,conubii,tribui,dumtaxat,con,bii,O,NOUN,ius,49,nmod
287,dumtaxat,conubii,cum,dum,xat,O,ADV,ius,49,advmod
287,cum,dumtaxat,singulis,cum,cum,O,ADP,uxoribus,57,case
287,singulis,cum,et,sin,lis,O,ADJ,uxoribus,57,amod
287,et,singulis,primis,et,et,O,CCONJ,recognitum,103,cc
287,primis,et,uxoribus,pri,mis,O,ADJ,singulis,54,conj
287,uxoribus,primis,ut,uxo,bus,O,NOUN,ius,49,nmod
287,ut,uxoribus,etiamsi,ut,ut,O,SCONJ,tollant,69,mark
287,etiamsi,ut,peregrini,eti,msi,O,SCONJ,iunxerint,66,mark
287,peregrini,etiamsi,iuris,per,ini,O,ADJ,iuris,61,amod
287,iuris,peregrini,feminas,iur,ris,O,NOUN,feminas,62,nmod
287,feminas,iuris,in,fem,nas,O,NOUN,iunxerint,66,obj
287,in,feminas,matrimonio,in,in,O,ADP,muro,112,case
287,matrimonio,in,suo,mat,nio,O,NOUN,iunxerint,66,obl
287,suo,matrimonio,iunxerint,suo,suo,O,PUNCT,matrimonio,64,det
287,iunxerint,suo,proinde,iun,int,O,VERB,tollant,69,advcl
287,proinde,iunxerint,liberos,pro,nde,O,ADV,tollant,69,advmod
287,liberos,proinde,tollant,lib,ros,O,NOUN,tollant,69,obj
287,tollant,liberos,ac,tol,ant,O,VERB,Imperator,1,advcl
287,ac,tollant,si,ac,ac,O,CCONJ,cohors,90,cc
287,si,ac,ex,si,si,O,SCONJ,natos,76,mark
287,ex,si,duobus,ex,ex,O,ADP,tabula,105,case
287,duobus,ex,civibus,duo,bus,O,NUM,civibus,74,nummod
287,civibus,duobus,Romanis,civ,bus,O,NOUN,natos,76,obl
287,Romanis,civibus,natos,Rom,nis,O,ADJ,civibus,74,amod
287,natos,Romanis,ante,nat,tos,O,VERB,cohors,90,advcl
287,ante,natos,diem,ant,nte,O,ADV,diem,78,case
287,diem,ante,VII,die,iem,O,NOUN,natos,76,obl:tmod
287,VII,diem,Idus,VII,VII,O,NUM,diem,78,nummod
287,Idus,VII,Ianuarias,Idu,dus,O,NOUN,diem,78,nmod
287,Ianuarias,Idus,Appio,Ian,ias,O,ADJ,Idus,80,amod
287,Appio,Ianuarias,Claudio,App,pio,B-PERS:PRAE,PROPN,consulibus,89,nsubj
287,Claudio,Appio,Iuliano,Cla,dio,B-PERS:NOMEN,PROPN,Appio,82,flat:name
287,Iuliano,Claudio,II,Iul,ano,B-PERS:COG,PROPN,Appio,82,conj
287,II,Iuliano,Caio,II,II,O,NUM,Appio,82,conj
287,Caio,II,Bruttio,Cai,aio,B-PERS:PRAE,PROPN,Appio,82,conj
287,Bruttio,Caio,Crispino,Bru,tio,B-PERS:NOMEN,PROPN,Caio,86,flat:name
287,Crispino,Bruttio,consulibus,Cri,ino,B-PERS:COG,PROPN,Caio,86,flat:name
287,consulibus,Crispino,cohors,con,bus,O,NOUN,natos,76,advcl:abs
287,cohors,consulibus,XI,coh,ors,O,NOUN,tollant,69,conj
287,XI,cohors,urbana,XI,XI,O,NUM,cohors,90,nummod
287,urbana,XI,Severiana,urb,ana,O,ADJ,cohors,90,amod
287,Severiana,urbana,Lucio,Sev,ana,O,ADJ,urbana,92,flat
287,Lucio,Severiana,Camelio,Luc,cio,B-PERS:PRAE,PROPN,cohors,90,dislocated
287,Camelio,Lucio,Luci,Cam,lio,B-PERS:NOMEN,NOUN,Lucio,94,conj
287,Luci,Camelio,filio,Luc,uci,B-PERS:FILI,PROPN,filio,97,nmod
287,filio,Luci,Palatina,fil,lio,I-PERS:FILI,NOUN,Lucio,94,appos
287,Palatina,filio,Severo,Pal,ina,B-PERS:TRIBE,ADJ,Lucio,94,nmod
287,Severo,Palatina,PuOteolis,Sev,ero,B-PERS:COG,PROPN,Lucio,94,conj
287,PuOteolis,Severo,Descriptum,PuO,lis,O,PROPN,Lucio,94,conj
287,Descriptum,PuOteolis,et,Des,tum,O,VERB,tollant,69,conj
287,et,Descriptum,recognitum,et,et,O,CCONJ,recognitum,103,cc
287,recognitum,et,ex,rec,tum,O,VERB,Descriptum,101,conj
287,ex,recognitum,tabula,ex,ex,O,ADP,tabula,105,case
287,tabula,ex,aerea,tab,ula,O,NOUN,Descriptum,101,obl
287,aerea,tabula,quae,aer,rea,O,ADJ,tabula,105,amod
287,quae,aerea,fixa,qua,uae,O,PRON,fixa,108,nsubj:pass
287,fixa,quae,est,fix,ixa,O,VERB,tabula,105,acl:relcl
287,est,fixa,Romae,est,est,O,AUX,fixa,108,aux:pass
287,Romae,est,in,Rom,mae,O,PROPN,fixa,108,obl
287,in,Romae,muro,in,in,O,ADP,muro,112,case
287,muro,in,post,mur,uro,O,NOUN,fixa,108,obl
287,post,muro,templum,pos,ost,O,ADV,templum,114,case
287,templum,post,divi,tem,lum,O,NOUN,fixa,108,obl
287,divi,templum,Augusti,div,ivi,O,VERB,Augusti,116,amod
287,Augusti,divi,ad,Aug,sti,O,PROPN,templum,114,nmod
287,ad,Augusti,Minervam,ad,ad,O,ADP,Minervam,118,case
287,Minervam,ad,<END>,Min,vam,O,PROPN,templum,114,nmod
645,Locus,<START>,sepulturae,Loc,cus,O,NOUN,Locus,1,ROOT
645,sepulturae,Locus,Cai,sep,rae,O,NOUN,Locus,1,nmod
645,Cai,sepulturae,Divilieni,Cai,Cai,B-PERS:PRAE,PROPN,Locus,1,nmod
645,Divilieni,Cai,Valentis,Div,eni,B-PERS:NOMEN,PROPN,Cai,3,flat:name
645,Valentis,Divilieni,et,Val,tis,B-PERS:COG,VERB,Cai,3,appos
645,et,Valentis,ux,et,et,O,CCONJ,libertis,12,cc
645,ux,et,soribus,ux,ux,O,NUM,soribus,8,nummod
645,soribus,ux,concubinisque,sor,bus,O,NOUN,Cai,3,conj
645,concubinisque,soribus,et,con,que,O,DET,,-1,
645,et,concubinisque,libertis,et,et,O,CCONJ,libertis,12,cc
645,libertis,et,libertabusque,lib,tis,O,ADJ,soribus,8,conj
645,libertabusque,libertis,<END>,lib,que,O,VERB,,-1,
636,Gaiae,<START>,Valeriae,Gai,iae,B-PERS:PRAE,PROPN,Gaiae,1,ROOT
636,Valeriae,Gaiae,Candidiae,Val,iae,B-PERS:NOMEN,ADJ,Gaiae,1,flat:name
636,Candidiae,Valeriae,immatura,Can,iae,B-PERS:COG,PROPN,Gaiae,1,appos
636,immatura,Candidiae,morte,imm,ura,O,ADJ,morte,5,amod
636,morte,immatura,subtractae,mor,rte,O,NOUN,subtractae,6,obj
636,subtractae,morte,quae,sub,tae,O,VERB,Gaiae,1,acl
636,quae,subtractae,annos,qua,uae,O,PRON,fecerunt,17,nsubj
636,annos,quae,XV,ann,nos,O,NOUN,Valerius,10,dep
636,XV,annos,Valerius,XV,XV,O,NUM,annos,8,nummod
636,Valerius,XV,Victor,Val,ius,B-PERS:NOMEN,PROPN,fecerunt,17,nsubj
636,Victor,Valerius,et,Vic,tor,B-PERS:COG,PROPN,Valerius,10,appos
636,et,Victor,Secundinia,et,et,O,CCONJ,Secundinia,13,cc
636,Secundinia,et,Nepotilla,Sec,nia,B-PERS:NOMEN,PROPN,Valerius,10,conj
636,Nepotilla,Secundinia,filiae,Nep,lla,B-PERS:COG,PROPN,Secundinia,13,flat
636,filiae,Nepotilla,dulcissimae,fil,iae,O,NOUN,Secundinia,13,appos
636,dulcissimae,filiae,fecerunt,dul,mae,O,ADJ,filiae,15,amod
636,fecerunt,dulcissimae,<END>,fec,unt,O,VERB,subtractae,6,acl:relcl
354,deberetur,<START>,et,deb,tur,O,VERB,deberetur,1,ROOT
354,et,deberetur,templi,et,et,O,CCONJ,dicaverit,12,cc
354,templi,et,itus,tem,pli,O,NOUN,itus,4,obl:arg
354,itus,templi,et,itu,tus,O,VERB,deberetur,1,conj
354,et,itus,maceries,et,et,O,CCONJ,dicaverit,12,cc
354,maceries,et,per,mac,ies,O,NOUN,dicaverit,12,obj
354,per,maceries,fundum,per,per,O,ADP,fundum,8,case
354,fundum,per,suum,fun,dum,O,NOUN,dicaverit,12,obl
354,suum,fundum,hoc,suu,uum,O,DET,fundum,8,det
354,hoc,suum,nomine,hoc,hoc,O,PROPN,nomine,11,det
354,nomine,hoc,dicaverit,nom,ine,O,NOUN,dicaverit,12,obl
354,dicaverit,nomine,eandem,dic,rit,O,VERB,deberetur,1,conj
354,eandem,dicaverit,coronam,ean,dem,O,DET,coronam,14,det
354,coronam,eandem,us,cor,nam,O,NOUN,pervenire,20,obj
354,us,coronam,ex,us,us,O,X,possit,21,advmod
354,ex,us,decurionum,ex,ex,O,ADP,decreto,18,case
354,decurionum,ex,decreto,dec,num,O,NOUN,decreto,18,nmod
354,decreto,decurionum,s,dec,eto,O,NOUN,pervenire,20,obl
354,s,decreto,pervenire,s,s,O,PUNCT,decreto,18,cc
354,pervenire,s,possit,per,ire,O,VERB,possit,21,xcomp
354,possit,pervenire,Prisco,pos,sit,O,VERB,Prisco,22,acl:relcl
354,Prisco,possit,IIviro,Pri,sco,B-PERS:NOMEN,VERB,deberetur,1,nsubj:pass
354,IIviro,Prisco,<END>,IIv,iro,O,PROPN,Prisco,22,appos
69,Dis,<START>,Manibus,Dis,Dis,O,NOUN,Manibus,2,case
69,Manibus,Dis,s,Man,bus,O,PROPN,Manibus,2,ROOT
69,s,Manibus,Proc,s,s,O,PUNCT,Manibus,2,case
69,Proc,s,XXV,Pro,roc,O,NOUN,Manibus,2,nmod
69,XXV,Proc,menses,XXV,XXV,O,NUM,Proc,4,nummod
69,menses,XXV,Idus,men,ses,O,NOUN,Manibus,2,conj
69,Idus,menses,I,Idu,dus,O,NOUN,menses,6,nmod
69,I,Idus,fratris,I,I,O,NUM,Idus,7,amod
69,fratris,I,<END>,fra,ris,O,NOUN,Idus,7,nmod
679,Herculi,<START>,Invicto,Her,uli,O,PROPN,dedit,9,nmod
679,Invicto,Herculi,Titus,Inv,cto,O,ADJ,Herculi,1,amod
679,Titus,Invicto,Flavius,Tit,tus,B-PERS:PRAE,PROPN,dedit,9,dislocated
679,Flavius,Titus,Augusti,Fla,ius,B-PERS:NOMEN,PROPN,Titus,3,flat:name
679,Augusti,Flavius,libertus,Aug,sti,B-PERS:FILI,PROPN,libertus,6,nmod
679,libertus,Augusti,Eutychus,lib,tus,I-PERS:FILI,NOUN,Titus,3,appos
679,Eutychus,libertus,donum,Eut,hus,B-PERS:COG,PROPN,dedit,9,nsubj
679,donum,Eutychus,dedit,don,num,O,NOUN,dedit,9,obl:arg
679,dedit,donum,<END>,ded,dit,O,VERB,dedit,9,ROOT
834,Vivus,<START>,fecit,Viv,vus,O,ADJ,fecit,2,xcomp
834,fecit,Vivus,Lucius,fec,cit,O,VERB,fecit,2,ROOT
834,Lucius,fecit,Aebutius,Luc,ius,B-PERS:PRAE,PROPN,fecit,2,nsubj
834,Aebutius,Lucius,Luci,Aeb,ius,B-PERS:NOMEN,PROPN,Lucius,3,flat:name
834,Luci,Aebutius,filius,Luc,uci,B-PERS:FILI,PROPN,filius,6,nmod
834,filius,Luci,Oufentina,fil,ius,I-PERS:FILI,NOUN,Lucius,3,appos
834,Oufentina,filius,Kario,Ouf,ina,B-PERS:TRIBE,PROPN,Lucius,3,nmod
834,Kario,Oufentina,sibi,Kar,rio,B-PERS:COG,PROPN,fecit,2,obl
834,sibi,Kario,et,sib,ibi,O,PRON,fecit,2,dep
834,et,sibi,Atiliae,et,et,O,CCONJ,uxori,15,cc
834,Atiliae,et,Marci,Ati,iae,B-PERS:NOMEN,PROPN,uxori,15,amod
834,Marci,Atiliae,filiae,Mar,rci,B-PERS:FILI,PROPN,filio,39,nmod
834,filiae,Marci,Lactillae,fil,iae,I-PERS:FILI,NOUN,Nigidiae,32,appos
834,Lactillae,filiae,uxori,Lac,lae,B-PERS:COG,PROPN,filiae,13,nmod
834,uxori,Lactillae,Lucio,uxo,ori,O,NOUN,sibi,9,conj
834,Lucio,uxori,Aebutio,Luc,cio,B-PERS:PRAE,PROPN,sibi,9,conj
834,Aebutio,Lucio,Ploto,Aeb,tio,B-PERS:NOMEN,PROPN,Lucio,27,flat:name
834,Ploto,Aebutio,filio,Plo,oto,B-PERS:COG,PROPN,Lucio,16,flat:name
834,filio,Ploto,Marco,fil,lio,O,NOUN,matri,36,appos
834,Marco,filio,Aebutio,Mar,rco,B-PERS:PRAE,PROPN,Lucio,16,flat:name
834,Aebutio,Marco,Vero,Aeb,tio,B-PERS:NOMEN,PROPN,Lucio,27,flat:name
834,Vero,Aebutio,filio,Ver,ero,B-PERS:COG,ADV,Marco,20,flat:name
834,filio,Vero,militi,fil,lio,O,NOUN,matri,36,appos
834,militi,filio,legionis,mil,iti,O,NOUN,Marco,20,nmod
834,legionis,militi,XV,leg,nis,O,NOUN,militi,24,nmod
834,XV,legionis,Lucio,XV,XV,O,NUM,legionis,25,nummod
834,Lucio,XV,Aebutio,Luc,cio,B-PERS:PRAE,PROPN,sibi,9,conj
834,Aebutio,Lucio,Lucumonis,Aeb,tio,B-PERS:NOMEN,PROPN,Lucio,27,flat:name
834,Lucumonis,Aebutio,filio,Luc,nis,B-PERS:FILI,PROPN,filio,30,nmod
834,filio,Lucumonis,patri,fil,lio,I-PERS:FILI,NOUN,matri,36,appos
834,patri,filio,Nigidiae,pat,tri,O,NOUN,sibi,9,conj
834,Nigidiae,patri,Nigri,Nig,iae,B-PERS:NOMEN,PROPN,patri,31,nmod
834,Nigri,Nigidiae,filiae,Nig,gri,B-PERS:FILI,PROPN,Nigidiae,32,nmod
834,filiae,Nigri,Cobrunae,fil,iae,I-PERS:FILI,NOUN,Nigidiae,32,appos
834,Cobrunae,filiae,matri,Cob,nae,B-PERS:COG,PROPN,filiae,34,nmod
834,matri,Cobrunae,Valerio,mat,tri,O,NOUN,Nigidiae,32,appos
834,Valerio,matri,Marci,Val,rio,B-PERS:PRAE,PROPN,matri,36,flat
834,Marci,Valerio,filio,Mar,rci,B-PERS:FILI,PROPN,filio,39,nmod
834,filio,Marci,<END>,fil,lio,I-PERS:FILI,NOUN,matri,36,appos
936,s,<START>,Vitalis,s,s,O,PUNCT,vixit,5,advmod:lmod
936,Vitalis,s,bene,Vit,lis,B-PERS,ADJ,s,1,appos
936,bene,Vitalis,merenti,ben,ene,O,ADV,merenti,4,advmod
936,merenti,bene,vixit,mer,nti,O,ADJ,annos,6,acl
936,vixit,merenti,annos,vix,xit,O,VERB,vixit,5,ROOT
936,annos,vixit,menses,ann,nos,O,NOUN,vixit,5,obj
936,menses,annos,VI,men,ses,O,NOUN,vixit,5,obl
936,VI,menses,dies,VI,VI,O,NUM,menses,7,nummod
936,dies,VI,VIII,die,ies,O,X,vixit,5,appos
936,VIII,dies,Idus,VII,III,O,NUM,dies,9,nummod
936,Idus,VIII,M,Idu,dus,O,NOUN,dies,9,nmod
936,M,Idus,<END>,M,M,O,PUNCT,Idus,11,amod
680,Iovi,<START>,Optimo,Iov,ovi,O,PROPN,Lucius,4,dislocated
680,Optimo,Iovi,Maximo,Opt,imo,O,ADJ,Iovi,1,amod
680,Maximo,Optimo,Lucius,Max,imo,O,PROPN,Iovi,1,flat:name
680,Lucius,Maximo,Cammius,Luc,ius,B-PERS:PRAE,PROPN,solvit,13,nsubj
680,Cammius,Lucius,Maximus,Cam,ius,B-PERS:NOMEN,PROPN,Lucius,4,flat:name
680,Maximus,Cammius,praefectus,Max,mus,B-PERS:COG,PROPN,Lucius,4,flat:name
680,praefectus,Maximus,cohortis,pra,tus,O,NOUN,Lucius,4,appos
680,cohortis,praefectus,I,coh,tis,O,NOUN,praefectus,7,nmod
680,I,cohortis,Hispanorum,I,I,O,NUM,cohortis,8,nummod
680,Hispanorum,I,equitatae,His,rum,O,PROPN,I,9,nmod
680,equitatae,Hispanorum,votum,equ,tae,O,NOUN,cohortis,8,nmod
680,votum,equitatae,solvit,vot,tum,O,NOUN,solvit,13,obj
680,solvit,votum,libens,sol,vit,O,VERB,solvit,13,ROOT
680,libens,solvit,merito,lib,ens,O,ADJ,solvit,13,advcl:pred
680,merito,libens,<END>,mer,ito,O,VERB,libens,14,obl
720,Hic,<START>,Positus,Hic,Hic,O,ADV,Positus,2,det
720,Positus,Hic,nio,Pos,tus,O,PROPN,cocus,4,nsubj
720,nio,Positus,cocus,nio,nio,B-PERS:NOMEN,VERB,cocus,4,det
720,cocus,nio,sibi,coc,cus,B-PERS:COG,NOUN,cocus,4,ROOT
720,sibi,cocus,et,sib,ibi,O,PRON,cocus,4,obl
720,et,sibi,Bo,et,et,O,CCONJ,Bo,7,cc
720,Bo,et,hic,Bo,Bo,B-PERS,PUNCT,vixit,10,obl
720,hic,Bo,vero,hic,hic,O,ADV,vixit,10,advmod:lmod
720,vero,hic,vixit,ver,ero,O,ADV,vixit,10,discourse
720,vixit,vero,<END>,vix,xit,O,VERB,cocus,4,conj
238,Quinto,<START>,Statio,Qui,nto,B-PERS:PRAE,ADV,Quinto,1,ROOT
238,Statio,Quinto,Basso,Sta,tio,B-PERS:NOMEN,PROPN,Quinto,1,flat:name
238,Basso,Statio,IIIIviro,Bas,sso,B-PERS:COG,PUNCT,Statio,2,flat:name
238,IIIIviro,Basso,Saepino,III,iro,O,NOUN,Quinto,1,appos
238,Saepino,IIIIviro,et,Sae,ino,B-PERS,PROPN,Saepino,5,ROOT
238,et,Saepino,Tantiae,et,et,O,CCONJ,Tantiae,7,cc
238,Tantiae,et,Secundae,Tan,iae,B-PERS:NOMEN,NOUN,fecit,16,nmod
238,Secundae,Tantiae,ux,Sec,dae,B-PERS:COG,ADJ,Tantiae,7,amod
238,ux,Secundae,sori,ux,ux,O,NUM,fecit,16,nsubj
238,sori,ux,Statiae,sor,ori,O,NOUN,ux,9,nmod
238,Statiae,sori,Lepidae,Sta,iae,B-PERS:NOMEN,PROPN,sori,10,nmod
238,Lepidae,Statiae,patronae,Lep,dae,B-PERS:COG,PROPN,Statiae,11,flat:name
238,patronae,Lepidae,HERCAVEROS,pat,nae,O,NOUN,Statiae,11,appos
238,HERCAVEROS,patronae,libertus,HER,ROS,B-PERS,X,fecit,16,nsubj
238,libertus,HERCAVEROS,fecit,lib,tus,B-PERS:FILI,NOUN,fecit,16,xcomp
238,fecit,libertus,ex,fec,cit,O,VERB,Saepino,5,conj
238,ex,fecit,tstamento,ex,ex,O,ADP,tstamento,18,case
238,tstamento,ex,HS,tst,nto,O,NOUN,fecit,16,obl
238,HS,tstamento,mille,HS,HS,O,ADV,fecit,16,obl
238,mille,HS,hoc,mil,lle,O,NUM,HS,19,nummod
238,hoc,mille,adiectis,hoc,hoc,O,PROPN,adiectis,22,nsubj:pass
238,adiectis,hoc,amplius,adi,tis,O,NOUN,HS,19,conj
238,amplius,adiectis,de,amp,ius,B-PERS:COG,ADV,fecit,16,advmod
238,de,amplius,suo,de,de,O,ADP,HS,26,case
238,suo,de,HS,suo,suo,O,PUNCT,HS,26,det
238,HS,suo,CCCCXLVI,HS,HS,O,ADV,fecit,16,obl
238,CCCCXLVI,HS,<END>,CCC,LVI,O,NUM,HS,26,amod
266,praefecto,<START>,cohortis,pra,cto,B-TITLE,NOUN,praefecto,1,conj
266,cohortis,praefecto,tribuno,coh,tis,O,NOUN,tribuno,3,nmod
266,tribuno,cohortis,cohortis,tri,uno,B-TITLE,NOUN,praefecto,1,conj
266,cohortis,tribuno,I,coh,tis,O,NOUN,tribuno,3,nmod
266,I,cohortis,miliariae,I,I,O,NUM,tribuno,3,nummod
266,miliariae,I,praefecto,mil,iae,O,NOUN,I,5,nmod
266,praefecto,miliariae,alae,pra,cto,B-TITLE,NOUN,praefecto,1,conj
266,alae,praefecto,procuratori,ala,lae,O,NOUN,praefecto,7,nmod
266,procuratori,alae,Augusti,pro,ori,B-TITLE,NOUN,praefecto,7,nmod
266,Augusti,procuratori,<END>,Aug,sti,B-TITLE,PROPN,procuratori,9,nmod
91,Marcus,<START>,Iulius,Mar,cus,B-PERS:PRAE,PROPN,annorum,14,nsubj
91,Iulius,Marcus,Marci,Iul,ius,B-PERS:NOMEN,PROPN,Marcus,1,flat:name
91,Marci,Iulius,filius,Mar,rci,B-PERS:FILI,PROPN,filius,4,nmod
91,filius,Marci,Aniensi,fil,ius,I-PERS:FILI,NOUN,Marcus,1,appos
91,Aniensi,filius,s,Ani,nsi,B-PERS:AG,ADJ,filius,4,nmod
91,s,Aniensi,Foro,s,s,I-PERS,PUNCT,Foro,7,case
91,Foro,s,Iuli,For,oro,B-PERS:AG,NOUN,Marcus,1,nmod
91,Iuli,Foro,Macrinus,Iul,uli,I-PERS:AG,PROPN,Foro,7,nmod
91,Macrinus,Iuli,miles,Mac,nus,B-PERS:COG,PROPN,Iuli,8,flat:name
91,miles,Macrinus,legionis,mil,les,O,NOUN,Iuli,8,appos
91,legionis,miles,IIII,leg,nis,O,NOUN,miles,10,nmod
91,IIII,legionis,Macedonicae,III,III,O,NUM,Iuli,8,nummod
91,Macedonicae,IIII,annorum,Mac,cae,O,ADJ,annorum,14,amod
91,annorum,Macedonicae,XXVI,ann,rum,O,NOUN,annorum,14,ROOT
91,XXVI,annorum,stipendiorum,XXV,XVI,O,NUM,annorum,14,nummod
91,stipendiorum,XXVI,VI,sti,rum,O,NOUN,annorum,14,nmod
91,VI,stipendiorum,hic,VI,VI,O,NUM,stipendiorum,16,nummod
91,hic,VI,situs,hic,hic,O,ADV,situs,19,nsubj
91,situs,hic,est,sit,tus,O,NOUN,annorum,14,conj
91,est,situs,<END>,est,est,O,AUX,situs,19,cop
836,In,<START>,honorem,In,In,O,ADP,honorem,2,case
836,honorem,In,domus,hon,rem,O,NOUN,exaedificaverunt,8,obl
836,domus,honorem,divinae,dom,mus,O,NOUN,honorem,2,nmod
836,divinae,domus,Numinibus,div,nae,O,ADJ,domus,3,amod
836,Numinibus,divinae,Auggustorum,Num,bus,O,NOUN,exaedificaverunt,8,obl
836,Auggustorum,Numinibus,faratorem,Aug,rum,B-TITLE,NOUN,faratorem,7,nmod
836,faratorem,Auggustorum,exaedificaverunt,far,rem,O,NOUN,exaedificaverunt,8,obj
836,exaedificaverunt,faratorem,suo,exa,unt,O,VERB,exaedificaverunt,8,ROOT
836,suo,exaedificaverunt,imNpendio,suo,suo,O,PUNCT,imNpendio,10,det
836,imNpendio,suo,iuniores,imN,dio,O,PROPN,exaedificaverunt,8,obl
836,iuniores,imNpendio,vici,iun,res,O,ADJ,vici,12,amod
836,vici,iuniores,hic,vic,ici,O,VERB,exaedificaverunt,8,dislocated:obj
836,hic,vici,consistentes,hic,hic,O,ADV,consistentes,14,advmod:lmod
836,consistentes,hic,loco,con,tes,O,VERB,honorem,2,acl
836,loco,consistentes,sibi,loc,oco,O,NOUN,concesso,17,nsubj:pass
836,sibi,loco,concesso,sib,ibi,O,PRON,concesso,17,obl
836,concesso,sibi,et,con,sso,O,X,exaedificaverunt,8,advcl:abs
836,et,concesso,donato,et,et,O,CCONJ,donato,19,cc
836,donato,et,a,don,ato,O,VERB,concesso,17,conj
836,a,donato,vicKanis,a,a,O,ADP,vicKanis,21,case
836,vicKanis,a,Bedensibus,vic,nis,O,ADV,concesso,17,conj
836,Bedensibus,vicKanis,dedicatum,Bed,bus,B-LOC,PROPN,vicKanis,21,flat
836,dedicatum,Bedensibus,effectum,ded,tum,O,VERB,concesso,17,conj
836,effectum,dedicatum,I,eff,tum,O,NOUN,dedicatum,23,nsubj:pass
836,I,effectum,Idus,I,I,O,NUM,dedicatum,23,obl
836,Idus,I,Iulias,Idu,dus,O,NOUN,I,25,nmod
836,Iulias,Idus,Imperatore,Iul,ias,O,PROPN,Idus,26,amod
836,Imperatore,Iulias,domino,Imp,ore,B-TITLE,NOUN,concesso,17,conj
836,domino,Imperatore,<END>,dom,ino,O,NOUN,Imperatore,28,appos
863,Lucio,<START>,Vinuleio,Luc,cio,B-PERS:PRAE,PROPN,IIIIviro,7,dislocated
863,Vinuleio,Lucio,Cai,Vin,eio,B-PERS:NOMEN,PROPN,Lucio,1,flat:name
863,Cai,Vinuleio,filio,Cai,Cai,B-PERS:FILI,PROPN,Lucio,1,flat:name
863,filio,Cai,Maecia,fil,lio,I-PERS:FILI,NOUN,Cai,3,appos
863,Maecia,filio,Broccho,Mae,cia,B-PERS:TRIBE,PROPN,Lucio,1,conj
863,Broccho,Maecia,IIIIviro,Bro,cho,B-PERS:COG,PROPN,Maecia,5,flat:name
863,IIIIviro,Broccho,iure,III,iro,O,NOUN,IIIIviro,10,ROOT
863,iure,IIIIviro,dicundo,iur,ure,O,NOUN,dicundo,9,nsubj
863,dicundo,iure,IIIIviro,dic,ndo,O,VERB,IIIIviro,10,acl:relcl
863,IIIIviro,dicundo,quinquennali,III,iro,O,NOUN,IIIIviro,10,ROOT
863,quinquennali,IIIIviro,pontifici,qui,ali,O,ADJ,dedit,14,obl:arg
863,pontifici,quinquennali,senatus,pon,ici,O,NOUN,dedit,14,obl:arg
863,senatus,pontifici,dedit,sen,tus,O,NOUN,dedit,14,nsubj
863,dedit,senatus,<END>,ded,dit,O,VERB,dedit,14,ROOT
55,Lucius,<START>,Varius,Luc,ius,B-PERS:PRAE,PROPN,Lucius,1,ROOT
55,Varius,Lucius,Luci,Var,ius,B-PERS:NOMEN,ADV,Lucius,1,flat:name
55,Luci,Varius,libertus,Luc,uci,B-PERS:FILI,PROPN,libertus,4,nmod
55,libertus,Luci,Ver,lib,tus,I-PERS:FILI,NOUN,Lucius,1,appos
55,Ver,libertus,IIIIIIvir,Ver,Ver,B-PERS:COG,CCONJ,Lucius,1,conj
55,IIIIIIvir,Ver,Augustalis,III,vir,O,NUM,Ver,5,appos
55,Augustalis,IIIIIIvir,libertis,Aug,lis,O,ADJ,libertis,8,amod
55,libertis,Augustalis,libertabusque,lib,tis,O,ADJ,libertabus,9,vocative
55,libertabusque,libertis,eorum,lib,que,O,VERB,,-1,
55,eorum,libertabusque,hoc,eor,rum,O,PRON,que,10,nmod
55,hoc,eorum,monumentum,hoc,hoc,O,PROPN,monumentum,13,det
55,monumentum,hoc,sive,mon,tum,O,NOUN,Lucius,1,conj
55,sive,monumentum,sepulcrum,siv,ive,O,CCONJ,sepulcrum,15,cc
55,sepulcrum,sive,in,sep,rum,O,NOUN,monumentum,13,conj
55,in,sepulcrum,fronte,in,in,O,ADP,agro,21,case
55,fronte,in,pedes,fro,nte,O,NOUN,Lucius,1,conj
55,pedes,fronte,XX,ped,des,O,X,Lucius,1,conj
55,XX,pedes,in,XX,XX,O,NUM,pedes,18,nummod
55,in,XX,agro,in,in,O,ADP,agro,21,case
55,agro,in,pedes,agr,gro,O,NOUN,Lucius,1,conj
55,pedes,agro,<END>,ped,des,O,X,Lucius,1,conj
658,Herculi,<START>,Augusto,Her,uli,O,PROPN,sacrum,3,nmod
658,Augusto,Herculi,sacrum,Aug,sto,O,PROPN,Herculi,1,flat:name
658,sacrum,Augusto,Fabius,sac,rum,O,ADJ,dedit,16,obj
658,Fabius,sacrum,Larini,Fab,ius,B-PERS:NOMEN,PROPN,dedit,16,nsubj
658,Larini,Fabius,Stachumelis,Lar,ini,B-PERS:COG,ADJ,Stachumelis,6,nmod
658,Stachumelis,Larini,filius,Sta,lis,B-PERS:FILI,PROPN,filius,7,nmod
658,filius,Stachumelis,arcuus,fil,ius,I-PERS:FILI,NOUN,Fabius,4,appos
658,arcuus,filius,cum,arc,uus,O,NOUN,dedit,16,xcomp
658,cum,arcuus,camera,cum,cum,O,ADP,camera,10,case
658,camera,cum,signina,cam,era,O,NOUN,arcuus,8,obl
658,signina,camera,et,sig,ina,O,X,camera,10,amod
658,et,signina,osteo,et,et,O,CCONJ,dono,15,cc
658,osteo,et,patriae,ost,teo,O,ADJ,dono,15,amod
658,patriae,osteo,dono,pat,iae,O,ADJ,dono,15,nmod
658,dono,patriae,dedit,don,ono,O,NOUN,camera,10,conj
658,dedit,dono,idemque,ded,dit,O,VERB,dedit,16,ROOT
658,idemque,dedit,dedicavit,ide,que,O,DET,,-1,
658,dedicavit,idemque,<END>,ded,vit,O,VERB,dedit,16,conj
944,Si,<START>,quis,Si,Si,O,PUNCT,vivet,12,mark
944,quis,Si,ex,qui,uis,O,PRON,moriar,10,nsubj
944,ex,quis,iis,ex,ex,O,ADP,amicis,57,case
944,iis,ex,qui,iis,iis,O,PRON,diebus,49,det
944,qui,iis,supra,qui,qui,O,PUNCT,poterunt,51,nsubj
944,supra,qui,scripti,sup,pra,O,ADV,scripti,7,advmod
944,scripti,supra,sunt,scr,pti,O,VERB,iis,4,acl:relcl
944,sunt,scripti,cum,sun,unt,O,PUNCT,scripti,7,aux:pass
944,cum,sunt,moriar,cum,cum,O,ADP,moriar,10,mark
944,moriar,cum,non,mor,iar,O,VERB,vivet,12,csubj
944,non,moriar,vivet,non,non,O,PART,poterunt,51,advmod:neg
944,vivet,non,sive,viv,vet,O,VERB,vivet,12,ROOT
944,sive,vivet,post,siv,ive,O,CCONJ,morietur,17,cc
944,post,sive,mortem,pos,ost,O,ADV,mortem,15,case
944,mortem,post,meam,mor,tem,O,NOUN,morietur,17,obl
944,meam,mortem,morietur,mea,eam,O,DET,mortem,15,det
944,morietur,meam,tum,mor,tur,O,VERB,vivet,12,conj
944,tum,morietur,qui,tum,tum,O,ADV,locum,24,discourse
944,qui,tum,reliqui,qui,qui,O,PUNCT,poterunt,51,nsubj
944,reliqui,qui,erunt,rel,qui,O,NOUN,locum,24,nsubj
944,erunt,reliqui,in,eru,unt,O,AUX,mortui,26,aux:pass
944,in,erunt,eorum,in,in,O,ADP,locum,53,case
944,eorum,in,locum,eor,rum,O,PRON,locum,24,nmod
944,locum,eorum,qui,loc,cum,O,NOUN,convivam,55,obl
944,qui,locum,mortui,qui,qui,O,PUNCT,poterunt,51,nsubj
944,mortui,qui,erunt,mor,tui,O,VERB,locum,24,csubj
944,erunt,mortui,alios,eru,unt,O,AUX,mortui,26,aux:pass
944,alios,erunt,per,ali,ios,O,DET,substituant,31,obj
944,per,alios,suffragia,per,per,O,ADP,suffragia,30,case
944,suffragia,per,substituant,suf,gia,O,NOUN,substituant,31,obl
944,substituant,suffragia,quos,sub,ant,O,VERB,vivet,12,conj
944,quos,substituant,dignissimos,quo,uos,O,PRON,putaverint,34,obj
944,dignissimos,quos,putaverint,dig,mos,O,ADJ,putaverint,34,xcomp
944,putaverint,dignissimos,dum,put,int,O,VERB,alios,28,acl:relcl
944,dum,putaverint,non,dum,dum,O,PUNCT,triginta,40,mark
944,non,dum,minus,non,non,O,PART,poterunt,51,advmod:neg
944,minus,non,in,min,nus,O,ADV,triginta,40,advmod
944,in,minus,perpetuum,in,in,O,ADP,locum,53,case
944,perpetuum,in,triginta,per,uum,O,ADJ,triginta,40,obl
944,triginta,perpetuum,sint,tri,nta,O,NUM,substituant,31,advcl
944,sint,triginta,liceatque,sin,int,O,AUX,substituti,74,aux:pass
944,liceatque,sint,iis,lic,que,O,X,,-1,
944,iis,liceatque,qui,iis,iis,O,PRON,diebus,49,det
944,qui,iis,praesentes,qui,qui,O,PUNCT,poterunt,51,nsubj
944,praesentes,qui,esse,pra,tes,O,ADJ,poterunt,51,xcomp
944,esse,praesentes,iis,ess,sse,O,AUX,praesentes,46,cop
944,iis,esse,diebus,iis,iis,O,PRON,diebus,49,det
944,diebus,iis,non,die,bus,O,NOUN,praesentes,46,obl
944,non,diebus,poterunt,non,non,O,PART,poterunt,51,advmod:neg
944,poterunt,non,in,pot,unt,O,VERB,iis,44,acl:relcl
944,in,poterunt,locum,in,in,O,ADP,locum,53,case
944,locum,in,suum,loc,cum,O,NOUN,convivam,55,obl
944,suum,locum,convivam,suu,uum,O,DET,locum,53,det
944,convivam,suum,ex,con,vam,O,NOUN,poterunt,51,xcomp
944,ex,convivam,amicis,ex,ex,O,ADP,amicis,57,case
944,amicis,ex,suis,ami,cis,O,NOUN,convivam,55,nmod
944,suis,amicis,mittere,sui,uis,O,DET,amicis,57,det
944,mittere,suis,eiusque,mit,ere,O,VERB,vivet,12,conj
944,eiusque,mittere,mauEsolei,eiu,que,O,DET,,-1,
944,mauEsolei,eiusque,claves,mau,lei,O,X,mittere,59,obj
944,claves,mauEsolei,duae,cla,ves,O,NOUN,mittere,59,obj
944,duae,claves,penes,dua,uae,O,NUM,claves,63,nummod
944,penes,duae,aliquem,pen,nes,O,ADP,aliquem,66,case
944,aliquem,penes,libertorum,ali,uem,O,PRON,substituti,74,obl
944,libertorum,aliquem,meorum,lib,rum,O,NOUN,aliquem,66,nmod
944,meorum,libertorum,et,meo,rum,O,DET,libertorum,67,det
944,et,meorum,curatorem,et,et,O,CCONJ,curatorem,70,cc
944,curatorem,et,cuiusque,cur,rem,O,NOUN,aliquem,66,conj
944,cuiusque,curatorem,anni,cui,que,O,DET,anni,72,det
944,anni,cuiusque,sint,ann,nni,O,,curatorem,70,nmod
944,sint,anni,substituti,sin,int,O,AUX,substituti,74,aux:pass
944,substituti,sint,Titus,sub,uti,O,VERB,vivet,12,conj
944,Titus,substituti,Rovcius,Tit,tus,B-PERS:PRAE,PROPN,Titus,75,conj
944,Rovcius,Titus,Maternus,Rov,ius,B-PERS:NOMEN,PROPN,Titus,75,flat:name
944,Maternus,Rovcius,Caius,Mat,nus,B-PERS:COG,PROPN,Titus,75,conj
944,Caius,Maternus,Licinius,Cai,ius,B-PERS:PRAE,PROPN,Titus,75,conj
944,Licinius,Caius,Sotericus,Lic,ius,B-PERS:NOMEN,PROPN,Caius,78,flat:name
944,Sotericus,Licinius,Aulus,Sot,cus,B-PERS:COG,PROPN,Titus,75,conj
944,Aulus,Sotericus,Fulvius,Aul,lus,B-PERS:PRAE,PROPN,Titus,75,conj
944,Fulvius,Aulus,Tarentinus,Ful,ius,B-PERS:NOMEN,PROPN,Aulus,81,flat:name
944,Tarentinus,Fulvius,Titus,Tar,nus,B-PERS:COG,ADJ,Titus,75,conj
944,Titus,Tarentinus,Iulius,Tit,tus,B-PERS:PRAE,PROPN,Titus,75,conj
944,Iulius,Titus,Cosmus,Iul,ius,B-PERS:NOMEN,PROPN,Titus,84,flat:name
944,Cosmus,Iulius,Tiberius,Cos,mus,B-PERS:COG,PROPN,Titus,75,conj
944,Tiberius,Cosmus,Claudius,Tib,ius,B-PERS:PRAE,PROPN,Titus,75,conj
944,Claudius,Tiberius,Etoemus,Cla,ius,B-PERS:NOMEN,PROPN,Titus,75,conj
944,Etoemus,Claudius,Publius,Eto,mus,B-PERS:COG,PROPN,Titus,75,conj
944,Publius,Etoemus,Acilius,Pub,ius,B-PERS:PRAE,PROPN,Titus,75,conj
944,Acilius,Publius,Philodespotus,Aci,ius,B-PERS:NOMEN,PROPN,Publius,90,flat:name
944,Philodespotus,Acilius,Quintus,Phi,tus,B-PERS:COG,PROPN,Titus,75,conj
944,Quintus,Philodespotus,Caninius,Qui,tus,B-PERS:PRAE,PROPN,Titus,75,conj
944,Caninius,Quintus,Eutychus,Can,ius,B-PERS:NOMEN,PROPN,Quintus,93,flat:name
944,Eutychus,Caninius,Quintus,Eut,hus,B-PERS:COG,PROPN,Titus,75,conj
944,Quintus,Eutychus,Iuventius,Qui,tus,B-PERS:PRAE,PROPN,Titus,75,conj
944,Iuventius,Quintus,Venustus,Iuv,ius,B-PERS:NOMEN,PROPN,Quintus,96,flat:name
944,Venustus,Iuventius,Lucius,Ven,tus,B-PERS:COG,PROPN,Iuventius,97,flat
944,Lucius,Venustus,Valerius,Luc,ius,B-PERS:PRAE,PROPN,Titus,75,conj
944,Valerius,Lucius,Cupitus,Val,ius,B-PERS:NOMEN,PROPN,Lucius,99,flat:name
944,Cupitus,Valerius,<END>,Cup,tus,B-PERS:COG,PROPN,Titus,75,conj
407,Dis,<START>,Manibus,Dis,Dis,O,NOUN,Manibus,2,case
407,Manibus,Dis,Caius,Man,bus,O,PROPN,vixit,6,obl
407,Caius,Manibus,Iulius,Cai,ius,B-PERS:PRAE,PROPN,vixit,6,nsubj
407,Iulius,Caius,Pudens,Iul,ius,B-PERS:NOMEN,PROPN,Caius,3,flat:name
407,Pudens,Iulius,vixit,Pud,ens,B-PERS:COG,PROPN,Caius,3,flat:name
407,vixit,Pudens,annos,vix,xit,O,VERB,vixit,6,ROOT
407,annos,vixit,CI,ann,nos,O,NOUN,vixit,6,obj
407,CI,annos,hic,CI,CI,O,NUM,vixit,6,obl:tmod
407,hic,CI,situs,hic,hic,O,ADV,situs,10,nsubj
407,situs,hic,est,sit,tus,O,NOUN,vixit,6,conj
407,est,situs,<END>,est,est,O,AUX,situs,10,cop
381,Dis,<START>,Manibus,Dis,Dis,O,NOUN,Manibus,2,case
381,Manibus,Dis,Ragoniaes,Man,bus,O,PROPN,libertabus,16,obl
381,Ragoniaes,Manibus,Primitivaes,Rag,aes,B-PERS:NOMEN,NOUN,Manibus,2,nmod
381,Primitivaes,Ragoniaes,et,Pri,aes,B-PERS:COG,ADJ,Ragoniaes,3,amod
381,et,Primitivaes,Ragonia,et,et,O,CCONJ,pedes,32,cc
381,Ragonia,et,Quieta,Rag,nia,B-PERS:NOMEN,X,Ragoniaes,3,conj
381,Quieta,Ragonia,sibi,Qui,eta,B-PERS:COG,ADJ,Ragonia,6,amod
381,sibi,Quieta,et,sib,ibi,O,PRON,libertabus,16,obl
381,et,sibi,Quinto,et,et,O,CCONJ,pedes,32,cc
381,Quinto,et,Mantio,Qui,nto,B-PERS:PRAE,ADV,libertabus,16,dep
381,Mantio,Quinto,Agathemero,Man,tio,B-PERS:NOMEN,PROPN,Quinto,10,flat:name
381,Agathemero,Mantio,coniugi,Aga,ero,B-PERS:COG,PROPN,Quinto,10,flat
381,coniugi,Agathemero,et,con,ugi,O,NOUN,Quinto,10,appos
381,et,coniugi,libertis,et,et,O,CCONJ,pedes,32,cc
381,libertis,et,libertabus,lib,tis,O,ADJ,coniugi,13,conj
381,libertabus,libertis,posterisque,lib,bus,O,VERB,libertabus,16,ROOT
381,posterisque,libertabus,aedicula,pos,que,O,NOUN,,-1,
381,aedicula,posterisque,quae,aed,ula,O,NOUN,libertabus,16,obj
381,quae,aedicula,est,qua,uae,O,PRON,ostium,23,nsubj
381,est,quae,contra,est,est,O,AUX,ostium,23,cop
381,contra,est,ostium,con,tra,O,ADV,ostium,23,case
381,ostium,contra,cum,ost,ium,O,NOUN,aedicula,19,acl:relcl
381,cum,ostium,ollas,cum,cum,O,ADP,ollas,25,mark
381,ollas,cum,numeri,oll,las,O,X,aedicula,19,conj
381,numeri,ollas,IIII,num,eri,O,NOUN,ollas,25,nmod
381,IIII,numeri,et,III,III,O,NUM,numeri,26,nummod
381,et,IIII,ante,et,et,O,CCONJ,pedes,32,cc
381,ante,et,aediculam,ant,nte,O,ADV,aediculam,30,case
381,aediculam,ante,L,aed,lam,O,NOUN,pedes,32,obl:lmod
381,L,aediculam,pedes,L,L,O,PUNCT,aediculam,30,nsubj
381,pedes,L,V,ped,des,O,X,ollas,25,conj
381,V,pedes,latum,V,V,O,,pedes,32,nummod
381,latum,V,pedes,lat,tum,O,ADJ,pedes,32,orphan
381,pedes,latum,III,ped,des,O,X,ollas,25,conj
381,III,pedes,<END>,III,III,O,NUM,pedes,35,nummod
125,Dedicata,<START>,V,Ded,ata,O,VERB,Dedicata,1,ROOT
125,V,Dedicata,Idus,V,V,O,,Dedicata,1,nummod
125,Idus,V,Novembres,Idu,dus,O,NOUN,Dedicata,1,nmod
125,Novembres,Idus,consule,Nov,res,O,NOUN,Idus,3,amod
125,consule,Novembres,Flavio,con,ule,O,NOUN,Dedicata,1,advcl:abs
125,Flavio,consule,Mallio,Fla,vio,B-PERS:PRAE,PROPN,consule,5,flat
125,Mallio,Flavio,Theodoro,Mal,lio,B-PERS:NOMEN,PROPN,Flavio,6,flat:name
125,Theodoro,Mallio,viro,The,oro,B-PERS:COG,PROPN,Flavio,6,flat:name
125,viro,Theodoro,clarissimo,vir,iro,O,NOUN,Theodoro,8,appos
125,clarissimo,viro,<END>,cla,imo,O,ADJ,viro,9,amod
492,Imperator,<START>,Caesar,Imp,tor,B-PERS:TITLE,NOUN,Augustus,10,conj
492,Caesar,Imperator,Caius,Cae,sar,B-PERS:TITLE,PROPN,Caesar,2,conj
492,Caius,Caesar,Aurelius,Cai,ius,B-PERS:PRAE,PROPN,Caesar,2,conj
492,Aurelius,Caius,Valerius,Aur,ius,B-PERS:NOMEN,PROPN,Marcus,14,flat:name
492,Valerius,Aurelius,Diocletianus,Val,ius,B-PERS:NOMEN,PROPN,Flavius,19,flat:name
492,Diocletianus,Valerius,Pius,Dio,nus,B-PERS:COG,PROPN,Caesar,2,conj
492,Pius,Diocletianus,Felix,Piu,ius,B-PERS:AG,ADJ,Caesar,2,conj
492,Felix,Pius,Invictus,Fel,lix,B-PERS:AG,PROPN,Caesar,2,conj
492,Invictus,Felix,Augustus,Inv,tus,I-PERS,ADJ,Augustus,10,amod
492,Augustus,Invictus,et,Aug,tus,I-PERS,PROPN,Caesar,2,conj
492,et,Augustus,Imperator,et,et,O,CCONJ,Flavius,19,cc
492,Imperator,et,Caesar,Imp,tor,B-PERS:TITLE,NOUN,Augustus,10,conj
492,Caesar,Imperator,Marcus,Cae,sar,B-PERS:TITLE,PROPN,Caesar,2,conj
492,Marcus,Caesar,Aurelius,Mar,cus,B-PERS:PRAE,PROPN,Caesar,2,conj
492,Aurelius,Marcus,Valerius,Aur,ius,B-PERS:NOMEN,PROPN,Marcus,14,flat:name
492,Valerius,Aurelius,Maximianus,Val,ius,B-PERS:NOMEN,PROPN,Flavius,19,flat:name
492,Maximianus,Valerius,et,Max,nus,B-PERS:COG,PROPN,Caesar,2,conj
492,et,Maximianus,Flavius,et,et,O,CCONJ,Flavius,19,cc
492,Flavius,et,Valerius,Fla,ius,B-PERS:NOMEN,PROPN,Maximianus,17,conj
492,Valerius,Flavius,Constantius,Val,ius,B-PERS:NOMEN,PROPN,Flavius,19,flat:name
492,Constantius,Valerius,<END>,Con,ius,B-PERS:COG,PROPN,Caesar,2,conj
803,Episidi,<START>,Augu,Epi,idi,B-PERS:NOMEN,PROPN,Episidi,1,ROOT
803,Augu,Episidi,Baebius,Aug,ugu,B-PERS:TITLE,NOUN,Episidi,1,nsubj
803,Baebius,Augu,Abascantus,Bae,ius,B-PERS:NOMEN,PROPN,Episidi,1,nsubj
803,Abascantus,Baebius,et,Aba,tus,B-PERS:COG,PROPN,Baebius,3,conj
803,et,Abascantus,Sextus,et,et,O,CCONJ,Sextus,6,cc
803,Sextus,et,Fabius,Sex,tus,B-PERS:NOMEN,PROPN,Baebius,3,conj
803,Fabius,Sextus,<END>,Fab,ius,B-PERS:COG,PROPN,Sextus,6,flat:name
901,ucus,<START>,Atae,ucu,cus,O,NOUN,posuit,7,nsubj
901,Atae,ucus,filius,Ata,tae,B-PERS,PROPN,ucus,1,nmod
901,filius,Atae,vivus,fil,ius,O,NOUN,Atae,2,appos
901,vivus,filius,sibi,viv,vus,O,ADJ,posuit,7,advcl:pred
901,sibi,vivus,titulum,sib,ibi,O,PRON,posuit,7,obl:arg
901,titulum,sibi,posuit,tit,lum,O,NOUN,posuit,7,obj
901,posuit,titulum,et,pos,uit,O,VERB,posuit,7,ROOT
901,et,posuit,coniugi,et,et,O,CCONJ,coniugi,9,cc
901,coniugi,et,Lucitae,con,ugi,O,NOUN,sibi,5,conj
901,Lucitae,coniugi,Kapitonis,Luc,tae,B-PERS:COG,PROPN,coniugi,9,nmod
901,Kapitonis,Lucitae,filiae,Kap,nis,B-PERS:FILI,PROPN,Lucitae,10,flat:name
901,filiae,Kapitonis,annorum,fil,iae,I-PERS:FILI,NOUN,Lucitae,10,appos
901,annorum,filiae,XXXX,ann,rum,O,NOUN,coniugi,9,nmod
901,XXXX,annorum,<END>,XXX,XXX,O,NUM,annorum,13,nummod
431,Marco,<START>,Cutio,Mar,rco,B-PERS:PRAE,PROPN,Marco,1,ROOT
431,Cutio,Marco,Marci,Cut,tio,B-PERS:NOMEN,PROPN,Marco,1,flat:name
431,Marci,Cutio,filio,Mar,rci,B-PERS:FILI,PROPN,filio,4,nmod
431,filio,Marci,Galeria,fil,lio,I-PERS:FILI,NOUN,Marco,1,appos
431,Galeria,filio,Prisco,Gal,ria,B-PERS:TRIBE,PROPN,Marco,1,conj
431,Prisco,Galeria,Messio,Pri,sco,B-PERS:COG,VERB,Marco,1,conj
431,Messio,Prisco,Rustico,Mes,sio,B-PERS:NOMEN,PROPN,Prisco,6,flat:name
431,Rustico,Messio,Aemilio,Rus,ico,B-PERS:COG,PROPN,Prisco,6,flat:name
431,Aemilio,Rustico,Papo,Aem,lio,B-PERS:NOMEN,PROPN,Marco,1,conj
431,Papo,Aemilio,Arrio,Pap,apo,B-PERS:COG,PROPN,Aemilio,9,flat:name
431,Arrio,Papo,Proculo,Arr,rio,B-PERS:NOMEN,PROPN,Aemilio,9,conj
431,Proculo,Arrio,Iulio,Pro,ulo,B-PERS:COG,PROPN,Aemilio,9,conj
431,Iulio,Proculo,Celso,Iul,lio,B-PERS:NOMEN,PROPN,Aemilio,9,conj
431,Celso,Iulio,consuli,Cel,lso,B-PERS:COG,PROPN,Iulio,13,flat:name
431,consuli,Celso,sodali,con,uli,B-TITLE,NOUN,Marco,1,appos
431,sodali,consuli,Augustali,sod,ali,O,NOUN,Marco,1,conj
431,Augustali,sodali,legato,Aug,ali,O,ADJ,legato,18,amod
431,legato,Augustali,pro,leg,ato,B-TITLE,NOUN,Marco,1,conj
431,pro,legato,praetore,pro,pro,I-TITLE,ADP,praetore,52,case
431,praetore,pro,Imperatoris,pra,ore,I-TITLE,NOUN,Marco,1,conj
431,Imperatoris,praetore,Caesaris,Imp,ris,B-PERS:TITLE,NOUN,praetore,20,nmod
431,Caesaris,Imperatoris,Titi,Cae,ris,B-PERS:TITLE,PROPN,Imperatoris,21,nmod
431,Titi,Caesaris,Aelii,Tit,iti,B-PERS:PRAE,PROPN,praetore,20,conj
431,Aelii,Titi,Hadriani,Ael,lii,B-PERS:NOMEN,PROPN,Titi,23,flat:name
431,Hadriani,Aelii,Antonini,Had,ani,B-PERS:COG,PROPN,Titi,23,conj
431,Antonini,Hadriani,Augusti,Ant,ini,B-PERS:AG,PROPN,Titi,23,conj
431,Augusti,Antonini,Pii,Aug,sti,B-PERS:TITLE,PROPN,legato,37,nmod
431,Pii,Augusti,provinciae,Pii,Pii,B-PERS:AG,PROPN,Titi,23,conj
431,provinciae,Pii,Dalmatiae,pro,iae,B-LOC,NOUN,praetore,52,nmod
431,Dalmatiae,provinciae,curatori,Dal,iae,I-LOC,PROPN,Pii,28,flat:name
431,curatori,Dalmatiae,operum,cur,ori,B-TITLE,NOUN,Marco,1,appos
431,operum,curatori,publicorum,ope,rum,I-TITLE,NOUN,curatori,31,nmod
431,publicorum,operum,praefecto,pub,rum,I-TITLE,NOUN,operum,32,amod
431,praefecto,publicorum,aerarii,pra,cto,B-TITLE,NOUN,Marco,1,conj
431,aerarii,praefecto,Saturni,aer,rii,O,NOUN,praefecto,34,nmod
431,Saturni,aerarii,legato,Sat,rni,O,PROPN,praefecto,34,nmod
431,legato,Saturni,Augusti,leg,ato,B-TITLE,NOUN,Marco,1,conj
431,Augusti,legato,legionis,Aug,sti,I-TITLE,PROPN,legato,37,nmod
431,legionis,Augusti,XX,leg,nis,O,NOUN,tribuno,55,nmod
431,XX,legionis,Valeriae,XX,XX,O,NUM,Marco,1,nummod
431,Valeriae,XX,Victricis,Val,iae,O,ADJ,Marco,1,conj
431,Victricis,Valeriae,curatori,Vic,cis,O,NOUN,Valeriae,41,amod
431,curatori,Victricis,viae,cur,ori,B-TITLE,NOUN,Marco,1,appos
431,viae,curatori,Aureliae,via,iae,O,NOUN,curatori,43,nmod
431,Aureliae,viae,praetori,Aur,iae,O,ADJ,viae,44,amod
431,praetori,Aureliae,peregrino,pra,ori,B-TITLE,NOUN,Marco,1,conj
431,peregrino,praetori,tribuno,per,ino,I-TITLE,NOUN,Marco,1,conj
431,tribuno,peregrino,plebis,tri,uno,B-TITLE,NOUN,Marco,1,conj
431,plebis,tribuno,quaestori,ple,bis,I-TITLE,NOUN,tribuno,48,nmod
431,quaestori,plebis,pro,qua,ori,B-TITLE,NOUN,Marco,1,conj
431,pro,quaestori,praetore,pro,pro,B-TITLE,ADP,praetore,52,case
431,praetore,pro,provinciae,pra,ore,I-TITLE,NOUN,Marco,1,conj
431,provinciae,praetore,Africae,pro,iae,B-LOC,NOUN,praetore,52,nmod
431,Africae,provinciae,tribuno,Afr,cae,I-LOC,PROPN,provinciae,53,flat
431,tribuno,Africae,militum,tri,uno,O,NOUN,Marco,1,conj
431,militum,tribuno,legionis,mil,tum,O,NOUN,tribuno,55,nmod
431,legionis,militum,VIII,leg,nis,O,NOUN,tribuno,55,nmod
431,VIII,legionis,Augustae,VII,III,O,NUM,Marco,1,nummod
431,Augustae,VIII,IIIIviro,Aug,tae,O,PROPN,Marco,1,conj
431,IIIIviro,Augustae,viarum,III,iro,O,NOUN,Marco,1,conj
431,viarum,IIIIviro,curandarum,via,rum,O,NOUN,curandarum,62,nsubj
431,curandarum,viarum,Caesia,cur,rum,O,VERB,curandarum,62,ROOT
431,Caesia,curandarum,Senilia,Cae,sia,B-PERS:NOMEN,ADJ,curandarum,62,nsubj
431,Senilia,Caesia,amico,Sen,lia,B-PERS:COG,NOUN,Caesia,63,flat:name
431,amico,Senilia,optimo,ami,ico,O,ADJ,Caesia,63,appos
431,optimo,amico,<END>,opt,imo,O,ADJ,amico,65,amod
946,Operam,<START>,de,Ope,ram,O,NOUN,dedit,5,obj
946,de,Operam,sua,de,de,O,ADP,manu,4,case
946,sua,de,manu,sua,sua,O,DET,manu,4,det
946,manu,sua,dedit,man,anu,O,NOUN,dedit,5,obl
946,dedit,manu,dis,ded,dit,O,VERB,dedit,5,ROOT
946,dis,dedit,Manibus,dis,dis,O,X,dedit,5,obl:arg
946,Manibus,dis,sacrum,Man,bus,O,PROPN,dis,6,flat
946,sacrum,Manibus,Machaonti,sac,rum,O,ADJ,dedit,5,obj
946,Machaonti,sacrum,S,Mac,nti,B-PERS,PROPN,sacrum,8,nmod
946,S,Machaonti,T,S,S,O,PUNCT,posuerunt,20,nsubj
946,T,S,maior,T,T,O,PUNCT,S,10,flat:name
946,maior,T,pater,mai,ior,O,ADJ,T,11,amod
946,pater,maior,Primigenia,pat,ter,O,NOUN,S,10,conj
946,Primigenia,pater,coniunx,Pri,nia,B-PERS,PROPN,coniunx,15,nmod
946,coniunx,Primigenia,cum,con,unx,O,NOUN,pater,13,appos
946,cum,coniunx,filiannia,cum,cum,O,ADP,filiannia,17,case
946,filiannia,cum,bene,fil,nia,O,NOUN,merenti,19,obl
946,bene,filiannia,merenti,ben,ene,O,ADV,merenti,19,advmod
946,merenti,bene,posuerunt,mer,nti,O,ADJ,posuerunt,20,advcl
946,posuerunt,merenti,<END>,pos,unt,O,VERB,dedit,5,advcl
704,Dis,<START>,Manibus,Dis,Dis,O,NOUN,Manibus,2,case
704,Manibus,Dis,Tito,Man,bus,O,PROPN,libertabus,14,obl
704,Tito,Manibus,Flavio,Tit,ito,B-PERS:PRAE,PROPN,Manibus,2,flat:name
704,Flavio,Tito,Decembri,Fla,vio,B-PERS:NOMEN,PROPN,Tito,3,flat:name
704,Decembri,Flavio,a,Dec,bri,B-PERS:COG,ADJ,Tito,3,flat:name
704,a,Decembri,veste,a,a,O,ADP,veste,7,case
704,veste,a,munda,ves,ste,O,NOUN,libertis,13,nmod
704,munda,veste,et,mun,nda,O,ADJ,veste,7,amod
704,et,munda,Sergiae,et,et,O,CCONJ,Felicitati,11,cc
704,Sergiae,et,Felicitati,Ser,iae,B-PERS:NOMEN,PROPN,Felicitati,11,amod
704,Felicitati,Sergiae,coniugi,Fel,ati,B-PERS:COG,NOUN,munda,8,conj
704,coniugi,Felicitati,libertis,con,ugi,O,NOUN,Felicitati,11,appos
704,libertis,coniugi,libertabusque,lib,tis,O,ADJ,libertabus,14,obl
704,libertabusque,libertis,posterisque,lib,que,O,VERB,,-1,
704,posterisque,libertabusque,eorum,pos,que,O,NOUN,,-1,
704,eorum,posterisque,<END>,eor,rum,O,PRON,posteris,16,nmod
295,Dis,<START>,Manibus,Dis,Dis,O,NOUN,Manibus,2,case
295,Manibus,Dis,Marci,Man,bus,O,PROPN,curavit,12,obl
295,Marci,Manibus,Iuli,Mar,rci,B-PERS:PRAE,PROPN,Manibus,2,nmod
295,Iuli,Marci,Probi,Iul,uli,B-PERS:NOMEN,PROPN,Marci,3,flat:name
295,Probi,Iuli,frumentari,Pro,obi,B-PERS:COG,ADJ,Marci,3,flat:name
295,frumentari,Probi,legionis,fru,ari,O,VERB,legionis,7,amod
295,legionis,frumentari,I,leg,nis,O,NOUN,Marci,3,nmod
295,I,legionis,Minerviae,I,I,O,NUM,Marci,3,flat:name
295,Minerviae,I,heres,Min,iae,O,PROPN,I,8,amod
295,heres,Minerviae,faciendum,her,res,O,NOUN,Marci,3,appos
295,faciendum,heres,curavit,fac,dum,O,VERB,curavit,12,ccomp
295,curavit,faciendum,<END>,cur,vit,O,VERB,curavit,12,ROOT
879,Celerinus,<START>,maritus,Cel,nus,B-PERS,PROPN,fecit,3,nsubj
879,maritus,Celerinus,fecit,mar,tus,O,ADJ,Celerinus,1,appos
879,fecit,maritus,decessit,fec,cit,O,VERB,fecit,3,ROOT
879,decessit,fecit,VIII,dec,sit,O,VERB,fecit,3,ccomp
879,VIII,decessit,Idus,VII,III,O,NUM,decessit,4,obl:tmod
879,Idus,VIII,Octobres,Idu,dus,O,NOUN,decessit,4,obl:tmod
879,Octobres,Idus,<END>,Oct,res,O,ADJ,Idus,6,amod
213,Genio,<START>,familiae,Gen,nio,O,PROPN,dedit,11,obl
213,familiae,Genio,monetalis,fam,iae,O,NOUN,Genio,1,nmod
213,monetalis,familiae,Demetrius,mon,lis,O,ADJ,familiae,2,amod
213,Demetrius,monetalis,Caesaris,Dem,ius,B-PERS,PROPN,dedit,11,nsubj
213,Caesaris,Demetrius,nostri,Cae,ris,O,PROPN,servus,7,nmod
213,nostri,Caesaris,servus,nos,tri,O,DET,servus,7,nmod
213,servus,nostri,Epaphroditianus,ser,vus,O,NOUN,dedit,11,xcomp
213,Epaphroditianus,servus,dispensator,Epa,nus,B-PERS,PROPN,Demetrius,4,appos
213,dispensator,Epaphroditianus,donum,dis,tor,O,NOUN,Epaphroditianus,8,appos
213,donum,dispensator,dedit,don,num,O,NOUN,dedit,11,obj
213,dedit,donum,<END>,ded,dit,O,VERB,dedit,11,ROOT
919,Iunoni,<START>,Reginae,Iun,oni,O,PROPN,Reginae,2,dislocated
919,Reginae,Iunoni,Marcus,Reg,nae,O,NOUN,posuit,9,vocative
919,Marcus,Reginae,Ulpius,Mar,cus,B-PERS:PRAE,PROPN,posuit,9,nsubj
919,Ulpius,Marcus,Marcianus,Ulp,ius,B-PERS:NOMEN,PROPN,Marcus,3,flat:name
919,Marcianus,Ulpius,cum,Mar,nus,B-PERS:COG,PROPN,Marcus,3,flat:name
919,cum,Marcianus,suis,cum,cum,O,ADP,suis,7,case
919,suis,cum,libens,sui,uis,O,DET,posuit,9,obl
919,libens,suis,posuit,lib,ens,O,ADJ,posuit,9,xcomp
919,posuit,libens,<END>,pos,uit,O,VERB,posuit,9,ROOT
38,Aulus,<START>,Attiolenus,Aul,lus,B-PERS:PRAE,PROPN,coiravit,7,nsubj
38,Attiolenus,Aulus,Auli,Att,nus,B-PERS:NOMEN,PROPN,Aulus,1,flat:name
38,Auli,Attiolenus,filius,Aul,uli,B-PERS:FILI,PROPN,filius,4,nmod
38,filius,Auli,Velina,fil,ius,I-PERS:FILI,NOUN,Aulus,1,appos
38,Velina,filius,reficiundam,Vel,ina,B-PERS:TRIBE,ADJ,coiravit,7,obj
38,reficiundam,Velina,coiravit,ref,dam,O,VERB,coiravit,7,advcl:pred
38,coiravit,reficiundam,<END>,coi,vit,O,VERB,coiravit,7,ROOT
861,Iulius,<START>,Nasif,Iul,ius,B-PERS:NOMEN,PROPN,ΣUN,12,dep
861,Nasif,Iulius,tribunus,Nas,sif,B-PERS:COG,PROPN,Iulius,1,appos
861,tribunus,Nasif,byn,tri,nus,B-TITLE,NOUN,Iulius,1,appos
861,byn,tribunus,Siraban,by,byn,O,PUNCT,Iulius,1,appos
861,Siraban,byn,byn,Sir,ban,O,PROPN,byn,4,appos
861,byn,Siraban,Iyσihan,byn,byn,O,NOUN,ΣUN,12,appos
861,Iyσihan,byn,Rirachan,Iyσ,han,O,PROPN,byn,4,nmod
861,Rirachan,Iyσihan,BAOM,Rir,han,O,PROPN,Iyσihan,7,flat:name
861,BAOM,Rirachan,SA,BAO,AOM,O,X,byn,4,parataxis
861,SA,BAOM,RASTHI,SA,SA,O,PUNCT,RASTHI,11,advmod
861,RASTHI,SA,ΣUN,RAS,THI,O,VERB,BAOM,9,conj
861,ΣUN,RASTHI,MYSY,ΣUN,ΣUN,O,X,AABSMUN,24,advmod
861,MYSY,ΣUN,RTHIM,MYS,YSY,O,VERB,ΣUN,12,conj
861,RTHIM,MYSY,BAISEM,RTH,HIM,O,ADV,ΣUN,12,conj
861,BAISEM,RTHIM,RM,BAI,SEM,O,VERB,ΣUN,12,conj
861,RM,BAISEM,SABSI,RM,RM,O,NOUN,ΣUN,12,conj
861,SABSI,RM,BEN,SAB,BSI,O,ADV,ΣUN,12,conj
861,BEN,SABSI,MYCNE,BEN,BEN,O,ADV,ΣUN,12,conj
861,MYCNE,BEN,ISAB,MYC,CNE,O,ADJ,ΣUN,12,conj
861,ISAB,MYCNE,SYUFATH,ISA,SAB,O,NOUN,ΣUN,12,conj
861,SYUFATH,ISAB,SY,SYU,ATH,O,X,ΣUN,12,conj
861,SY,SYUFATH,byn,SY,SY,O,CCONJ,ΣUN,12,conj
861,byn,SY,AABSMUN,byn,byn,O,NOUN,ΣUN,12,appos
861,AABSMUN,byn,EOSA,AAB,MUN,O,X,AABSMUN,24,ROOT
861,EOSA,AABSMUN,L,EOS,OSA,O,NOUN,AABSMUN,24,conj
861,L,EOSA,UN,L,L,O,PUNCT,AABSMUN,24,dislocated
861,UN,L,AT,UN,UN,O,PUNCT,L,26,orphan
861,AT,UN,,AT,AT,O,PUNCT,L,26,dep
861,,AT,<END>,,,O,PUNCT,AABSMUN,24,punct
899,Nomen,<START>,qui,Nom,men,O,NOUN,reddidit,43,discourse
899,qui,Nomen,retinens,qui,qui,O,PUNCT,Alexander,6,nsubj
899,retinens,qui,tuum,ret,ens,O,VERB,qui,2,acl
899,tuum,retinens,magnus,tuu,uum,O,DET,quot,12,det
899,magnus,tuum,Alexander,mag,nus,O,ADJ,Alexander,6,amod
899,Alexander,magnus,pallados,Ale,der,O,PROPN,reddidit,43,dislocated
899,pallados,Alexander,inventum,pal,dos,O,NOUN,laborem,11,amod
899,inventum,pallados,medicinalemque,inv,tum,O,VERB,laborem,11,acl
899,medicinalemque,inventum,laborem,med,que,O,ADJ,,-1,
899,laborem,medicinalemque,quot,lab,rem,O,NOUN,Alexander,6,appos
899,quot,laborem,feci,quo,uot,O,DET,occidimus,30,obj
899,feci,quot,studio,fec,eci,O,VERB,laborem,11,acl:relcl
899,studio,feci,proximus,stu,dio,O,NOUN,feci,13,obl
899,proximus,studio,ipse,pro,mus,O,ADJ,testor,18,amod
899,ipse,proximus,meo,ips,pse,O,DET,testor,18,det
899,meo,ipse,testor,meo,meo,O,DET,testor,18,det
899,testor,meo,nunc,tes,tor,O,VERB,feci,13,nsubj
899,nunc,testor,superos,nun,unc,O,ADV,occidimus,30,advmod:tmod
899,superos,nunc,non,sup,ros,O,NOUN,Alexander,6,dep
899,non,superos,hoc,non,non,O,PART,videbar,24,advmod:neg
899,hoc,non,meruisse,hoc,hoc,O,PROPN,meruisse,23,obj
899,meruisse,hoc,videbar,mer,sse,O,VERB,videbar,24,xcomp
899,videbar,meruisse,in,vid,bar,O,VERB,Alexander,6,dep
899,in,videbar,volnus,in,in,O,ADP,volnus,26,case
899,volnus,in,genoris,vol,nus,O,NOUN,meruisse,23,obl
899,genoris,volnus,quot,gen,ris,O,NOUN,volnus,26,nmod
899,quot,genoris,subito,quo,uot,O,DET,occidimus,30,obj
899,subito,quot,occidimus,sub,ito,O,ADV,occidimus,30,advmod
899,occidimus,subito,i,occ,mus,O,VERB,volnus,26,acl:relcl
899,i,occidimus,nunc,i,i,O,PUNCT,occidimus,30,obl
899,nunc,i,et,nun,unc,O,ADV,occidimus,30,advmod:tmod
899,et,nunc,dubias,et,et,O,CCONJ,dubias,34,cc
899,dubias,et,fatorum,dub,ias,O,ADJ,magnus,5,conj
899,fatorum,dubias,negClege,fat,rum,O,NOUN,dubias,34,nmod
899,negClege,fatorum,clades,neg,ege,O,PROPN,reddidit,43,vocative
899,clades,negClege,coniunx,cla,des,O,NOUN,negClege,36,appos
899,coniunx,clades,quod,con,unx,O,NOUN,reddidit,43,nsubj
899,quod,coniunx,potuit,quo,uod,O,PRON,potuit,40,obl
899,potuit,quod,titulum,pot,uit,O,VERB,reddidit,43,advcl
899,titulum,potuit,mihi,tit,lum,O,NOUN,potuit,40,obj
899,mihi,titulum,reddidit,mih,ihi,O,PRON,reddidit,43,obl:arg
899,reddidit,mihi,uni,red,dit,O,VERB,reddidit,43,ROOT
899,uni,reddidit,Valeria,uni,uni,O,NUM,reddidit,43,obl:arg
899,Valeria,uni,Ursilla,Val,ria,B-PERS:NOMEN,PROPN,reddidit,43,dislocated
899,Ursilla,Valeria,<END>,Urs,lla,B-PERS:COG,PROPN,Valeria,45,flat:name
126,Vivus,<START>,Taurinus,Viv,vus,O,ADJ,Taurinus,2,amod
126,Taurinus,Vivus,Deri,Tau,nus,B-PERS:COG,ADJ,habeant,19,nsubj
126,Deri,Taurinus,filius,Der,eri,B-PERS:FILI,VERB,filius,4,nmod
126,filius,Deri,sibi,fil,ius,I-PERS:FILI,NOUN,Taurinus,2,appos
126,sibi,filius,et,sib,ibi,O,PRON,habeant,19,obl:arg
126,et,sibi,Orguarrae,et,et,O,CCONJ,Sambo,12,cc
126,Orguarrae,et,Tauri,Org,rae,B-PERS,PROPN,sibi,5,conj
126,Tauri,Orguarrae,filiae,Tau,uri,B-PERS:FILI,PROPN,Orguarrae,7,nmod
126,filiae,Tauri,uxori,fil,iae,I-PERS:FILI,NOUN,Orguarrae,7,appos
126,uxori,filiae,et,uxo,ori,O,NOUN,Orguarrae,7,appos
126,et,uxori,Sambo,et,et,O,CCONJ,Sambo,12,cc
126,Sambo,et,Taurico,Sam,mbo,B-PERS,PROPN,sibi,5,conj
126,Taurico,Sambo,filiis,Tau,ico,B-PERS:FILI,PROPN,Sambo,12,flat:name
126,filiis,Taurico,suis,fil,iis,I-PERS:FILI,NOUN,Sambo,12,appos
126,suis,filiis,heredum,sui,uis,O,DET,filiis,14,det
126,heredum,suis,meorum,her,dum,O,NOUN,Sambo,12,nmod
126,meorum,heredum,di,meo,rum,O,DET,heredum,16,det
126,di,meorum,habeant,di,di,O,PUNCT,abarcere,20,obj
126,habeant,di,abarcere,hab,ant,O,VERB,habeant,19,ROOT
126,abarcere,habeant,usque,aba,ere,O,VERB,habeant,19,xcomp
126,usque,abarcere,ad,usq,que,O,ADV,monuImentum,23,advmod
126,ad,usque,monuImentum,ad,ad,O,ADP,monuImentum,23,case
126,monuImentum,ad,meum,mon,tum,O,NOUN,abarcere,20,obl
126,meum,monuImentum,latum,meu,eum,O,DET,monuImentum,23,det
126,latum,meum,pedes,lat,tum,O,ADJ,abarcere,20,obl
126,pedes,latum,X,ped,des,O,X,habeant,19,dep
126,X,pedes,hoc,X,X,O,NUM,pedes,26,nummod
126,hoc,X,monumentum,hoc,hoc,O,PROPN,monumentum,29,det
126,monumentum,hoc,nostrum,mon,tum,O,NOUN,sequetur,33,nsubj
126,nostrum,monumentum,heredem,nos,rum,O,PRON,monumentum,29,det
126,heredem,nostrum,non,her,dem,O,NOUN,monumentum,29,conj:expl
126,non,heredem,sequetur,non,non,O,PART,sequetur,33,advmod:neg
126,sequetur,non,nec,seq,tur,O,VERB,habeant,19,conj
126,nec,sequetur,heredem,nec,nec,O,CCONJ,heredem,35,cc
126,heredem,nec,heredis,her,dem,O,NOUN,monumentum,29,conj:expl
126,heredis,heredem,<END>,her,dis,O,NOUN,heredem,35,nmod
24,Sextus,<START>,Lartidius,Sex,tus,B-PERS:PRAE,PROPN,Sextus,1,ROOT
24,Lartidius,Sextus,Sexti,Lar,ius,B-PERS:NOMEN,PROPN,Sextus,1,flat:name
24,Sexti,Lartidius,libertus,Sex,xti,B-PERS:FILI,PROPN,libertus,4,nmod
24,libertus,Sexti,Thelys,lib,tus,I-PERS:FILI,NOUN,Sextus,1,appos
24,Thelys,libertus,magister,The,lys,B-PERS:COG,PROPN,Sextus,1,conj
24,magister,Thelys,quinquennalis,mag,ter,O,NOUN,Sextus,1,appos
24,quinquennalis,magister,familiae,qui,lis,O,ADJ,magister,6,nmod
24,familiae,quinquennalis,annorum,fam,iae,O,NOUN,quinquennalis,7,nmod
24,annorum,familiae,XXX,ann,rum,O,NOUN,magister,6,nmod
24,XXX,annorum,et,XXX,XXX,O,NUM,Sextus,1,nummod
24,et,XXX,Lesbiae,et,et,O,CCONJ,libertae,13,cc
24,Lesbiae,et,libertae,Les,iae,B-PERS,PROPN,libertae,13,amod
24,libertae,Lesbiae,<END>,lib,tae,B-PERS:FILI,NOUN,Sextus,1,conj
840,Gnaeo,<START>,Velleio,Gna,aeo,B-PERS:PRAE,PROPN,Gnaeo,1,ROOT
840,Velleio,Gnaeo,Urso,Vel,eio,B-PERS:NOMEN,PROPN,Gnaeo,1,flat:name
840,Urso,Velleio,actori,Urs,rso,B-PERS:COG,PROPN,Gnaeo,1,flat:name
840,actori,Urso,coloniae,act,ori,O,NOUN,Gnaeo,1,appos
840,coloniae,actori,annorum,col,iae,O,NOUN,actori,4,nmod
840,annorum,coloniae,XLII,ann,rum,O,NOUN,actori,4,nmod
840,XLII,annorum,cultores,XLI,LII,O,NUM,Gnaeo,1,nummod
840,cultores,XLII,Cupidinis,cul,res,O,NOUN,Gnaeo,1,appos
840,Cupidinis,cultores,<END>,Cup,nis,O,PROPN,cultores,8,nmod
977,Torsteginno,<START>,Urupatis,Tor,nno,B-PERS,PROPN,Torsteginno,1,ROOT
977,Urupatis,Torsteginno,filio,Uru,tis,B-PERS:FILI,VERB,uxori,8,nmod
977,filio,Urupatis,et,fil,lio,I-PERS:FILI,NOUN,Urupatis,2,appos
977,et,filio,Sabinae,et,et,O,CCONJ,suis,13,cc
977,Sabinae,et,Primi,Sab,nae,B-PERS,PROPN,uxori,8,nmod
977,Primi,Sabinae,filiae,Pri,imi,B-PERS:FILI,PROPN,filiae,7,amod
977,filiae,Primi,uxori,fil,iae,I-PERS:FILI,NOUN,Verecundae,10,appos
977,uxori,filiae,et,uxo,ori,O,NOUN,Torsteginno,1,appos
977,et,uxori,Verecundae,et,et,O,CCONJ,suis,13,cc
977,Verecundae,et,filiae,Ver,dae,B-PERS,PROPN,Torsteginno,1,conj
977,filiae,Verecundae,et,fil,iae,O,NOUN,Verecundae,10,appos
977,et,filiae,suis,et,et,O,CCONJ,suis,13,cc
977,suis,et,ex,sui,uis,O,DET,Torsteginno,1,conj
977,ex,suis,testamento,ex,ex,O,ADP,testamento,15,case
977,testamento,ex,<END>,tes,nto,O,NOUN,suis,13,nmod
102,Quintus,<START>,Veturi,Qui,tus,B-PERS:PRAE,PROPN,fronte,7,nsubj
102,Veturi,Quintus,Quinti,Vet,uri,B-PERS:NOMEN,PROPN,Quintus,1,flat:name
102,Quinti,Veturi,liberti,Qui,nti,B-PERS:FILI,PROPN,Quintus,1,nmod
102,liberti,Quinti,Hermiae,lib,rti,I-PERS:FILI,NOUN,Quinti,3,appos
102,Hermiae,liberti,in,Her,iae,B-PERS:NOMEN,PROPN,liberti,4,nmod
102,in,Hermiae,fronte,in,in,O,ADP,agro,11,case
102,fronte,in,pedes,fro,nte,O,NOUN,fronte,7,ROOT
102,pedes,fronte,XII,ped,des,O,X,fronte,7,conj
102,XII,pedes,in,XII,XII,O,NUM,pedes,12,nummod
102,in,XII,agro,in,in,O,ADP,agro,11,case
102,agro,in,pedes,agr,gro,O,NOUN,fronte,7,conj
102,pedes,agro,XII,ped,des,O,X,fronte,7,conj
102,XII,pedes,<END>,XII,XII,O,NUM,pedes,12,nummod
116,decurio,<START>,municipii,dec,rio,B-TITLE,NOUN,exstruxit,13,nsubj
116,municipii,decurio,Brigetionis,mun,pii,B-LOC,NOUN,decurio,1,nmod
116,Brigetionis,municipii,a,Bri,nis,I-LOC,NOUN,municipii,2,nmod
116,a,Brigetionis,militiis,a,a,O,ADP,fundamentis,12,case
116,militiis,a,qui,mil,iis,O,NOUN,exstruxit,13,obl
116,qui,militiis,equestrem,qui,qui,O,PUNCT,petiit,9,nsubj
116,equestrem,qui,militiam,equ,rem,O,ADJ,militiam,8,amod
116,militiam,equestrem,petiit,mil,iam,O,NOUN,petiit,9,obj
116,petiit,militiam,templum,pet,iit,O,VERB,militiis,5,acl:relcl
116,templum,petiit,a,tem,lum,O,NOUN,exstruxit,13,obj
116,a,templum,fundamentis,a,a,O,ADP,fundamentis,12,case
116,fundamentis,a,exstruxit,fun,tis,O,NOUN,exstruxit,13,obl
116,exstruxit,fundamentis,<END>,exs,xit,O,VERB,exstruxit,13,ROOT
436,Dis,<START>,Manibus,Dis,Dis,O,NOUN,fecit,24,obl:arg
436,Manibus,Dis,Valeriae,Man,bus,O,PROPN,Dis,1,flat
436,Valeriae,Manibus,Castae,Val,iae,B-PERS:NOMEN,ADJ,Manibus,2,nmod
436,Castae,Valeriae,optimae,Cas,tae,B-PERS:COG,DET,Dis,1,nmod
436,optimae,Castae,feminae,opt,mae,O,ADJ,feminae,6,amod
436,feminae,optimae,cum,fem,nae,O,NOUN,Dis,1,appos
436,cum,feminae,qua,cum,cum,O,ADP,qua,8,case
436,qua,cum,vixit,qua,qua,O,PRON,vixit,9,obl
436,vixit,qua,annos,vix,xit,O,VERB,feminae,6,acl:relcl
436,annos,vixit,XXII,ann,nos,O,NOUN,vixit,9,obj
436,XXII,annos,sine,XXI,XII,O,NUM,annos,10,nummod
436,sine,XXII,ullo,sin,ine,O,ADP,stomacho,14,case
436,ullo,sine,stomacho,ull,llo,O,DET,stomacho,14,det
436,stomacho,ullo,Decimus,sto,cho,O,NOUN,vixit,9,obl
436,Decimus,stomacho,Iulius,Dec,mus,B-PERS:PRAE,ADJ,Iulius,16,amod
436,Iulius,Decimus,Doles,Iul,ius,B-PERS:NOMEN,PROPN,vixit,9,advmod
436,Doles,Iulius,coniunx,Dol,les,B-PERS:COG,NOUN,Iulius,16,flat:name
436,coniunx,Doles,ex,con,unx,O,NOUN,vixit,9,xcomp
436,ex,coniunx,armicustode,ex,ex,O,ADP,armicustode,20,case
436,armicustode,ex,veteranus,arm,ode,O,NOUN,veteranus,21,obl
436,veteranus,armicustode,bene,vet,nus,O,ADJ,coniunx,18,amod
436,bene,veteranus,merenti,ben,ene,O,ADV,merenti,23,advmod
436,merenti,bene,fecit,mer,nti,O,ADJ,fecit,24,xcomp
436,fecit,merenti,<END>,fec,cit,O,VERB,fecit,24,ROOT
951,Imperatori,<START>,Caesari,Imp,ori,B-PERS:TITLE,NOUN,dedicavit,39,vocative
951,Caesari,Imperatori,Tito,Cae,ari,B-PERS:TITLE,PROPN,dedicavit,39,obl:arg
951,Tito,Caesari,Aelio,Tit,ito,B-PERS:PRAE,PROPN,Caesari,2,conj
951,Aelio,Tito,Hadriano,Ael,lio,B-PERS:NOMEN,PROPN,Tito,3,flat:name
951,Hadriano,Aelio,Antonino,Had,ano,B-PERS:COG,PROPN,Aelio,4,flat:name
951,Antonino,Hadriano,Augusto,Ant,ino,B-PERS:AG,PROPN,Caesari,2,conj
951,Augusto,Antonino,Pio,Aug,sto,B-PERS:TITLE,PROPN,Antonino,6,flat:name
951,Pio,Augusto,divi,Pio,Pio,B-PERS:AG,PROPN,Antonino,6,flat:name
951,divi,Pio,Hadriani,div,ivi,B-PERS:FILI,VERB,Traiani,13,amod
951,Hadriani,divi,filio,Had,ani,I-PERS:FILI,PROPN,filio,11,nmod
951,filio,Hadriani,divi,fil,lio,I-PERS:FILI,NOUN,Antonino,6,appos
951,divi,filio,Traiani,div,ivi,B-PERS:FILI,VERB,Traiani,13,amod
951,Traiani,divi,Parthici,Tra,ani,I-PERS:FILI,PROPN,Caesari,2,conj
951,Parthici,Traiani,nepoti,Par,ici,I-PERS:FILI,ADJ,Traiani,13,amod
951,nepoti,Parthici,divi,nep,oti,I-PERS:FILI,NOUN,Traiani,13,appos
951,divi,nepoti,Nervae,div,ivi,B-PERS:FILI,VERB,Traiani,13,amod
951,Nervae,divi,pronepoti,Ner,vae,I-PERS:FILI,PROPN,potestate,22,nmod
951,pronepoti,Nervae,pontifici,pro,oti,I-PERS:FILI,NOUN,Nervae,17,amod
951,pontifici,pronepoti,maximo,pon,ici,B-TITLE,NOUN,Nervae,17,appos
951,maximo,pontifici,tribunicia,max,imo,I-TITLE,ADJ,potestate,22,amod
951,tribunicia,maximo,potestate,tri,cia,B-TITLE,ADJ,potestate,22,amod
951,potestate,tribunicia,IIII,pot,ate,I-TITLE,NOUN,Caesari,2,conj
951,IIII,potestate,consuli,III,III,O,NUM,consuli,24,nummod
951,consuli,IIII,III,con,uli,B-TITLE,NOUN,Caesari,2,obl:arg
951,III,consuli,patri,III,III,O,NUM,consuli,24,dep
951,patri,III,patriae,pat,tri,B-TITLE,NOUN,consuli,24,nmod
951,patriae,patri,Titus,pat,iae,I-TITLE,ADJ,patri,26,nmod
951,Titus,patriae,Caesernius,Tit,tus,B-PERS:PRAE,PROPN,dedicavit,39,nsubj
951,Caesernius,Titus,Statius,Cae,ius,B-PERS:NOMEN,PROPN,Titus,28,flat:name
951,Statius,Caesernius,legatus,Sta,ius,B-PERS:COG,PROPN,Titus,28,flat:name
951,legatus,Statius,Augusti,leg,tus,B-TITLE,NOUN,Titus,28,appos
951,Augusti,legatus,pro,Aug,sti,I-TITLE,PROPN,legatus,31,nmod
951,pro,Augusti,praetore,pro,pro,I-TITLE,ADP,praetore,34,case
951,praetore,pro,consul,pra,ore,I-TITLE,NOUN,dedicavit,39,obl
951,consul,praetore,designatus,con,sul,B-TITLE,NOUN,dedicavit,39,xcomp
951,designatus,consul,patronus,des,tus,O,VERB,patronus,37,acl
951,patronus,designatus,coloniae,pat,nus,B-TITLE,NOUN,consul,35,advcl:cmp
951,coloniae,patronus,dedicavit,col,iae,O,NOUN,patronus,37,nmod
951,dedicavit,coloniae,decreto,ded,vit,O,VERB,dedicavit,39,ROOT
951,decreto,dedicavit,decurionum,dec,eto,O,NOUN,dedicavit,39,obj
951,decurionum,decreto,pecunia,dec,num,O,NOUN,decreto,40,nmod
951,pecunia,decurionum,publica,pec,nia,O,NOUN,dedicavit,39,obl
951,publica,pecunia,<END>,pub,ica,O,ADJ,pecunia,42,amod
121,m,<START>,aditum,m,m,O,X,pedes,5,obl
121,aditum,m,in,adi,tum,O,NOUN,m,1,nmod
121,in,aditum,fronte,in,in,O,ADP,agro,9,case
121,fronte,in,pedes,fro,nte,O,NOUN,m,1,nmod
121,pedes,fronte,VI,ped,des,O,X,pedes,5,conj
121,VI,pedes,semis,VI,VI,O,NUM,pedes,5,nummod
121,semis,VI,in,sem,mis,O,NOUN,pedes,5,nmod
121,in,semis,agro,in,in,O,ADP,agro,9,case
121,agro,in,pedes,agr,gro,O,NOUN,pedes,5,nmod
121,pedes,agro,<END>,ped,des,O,X,pedes,5,conj
385,Dis,<START>,Manibus,Dis,Dis,O,NOUN,Manibus,2,case
385,Manibus,Dis,Avadiae,Man,bus,O,PROPN,vixit,7,obl
385,Avadiae,Manibus,Cai,Ava,iae,B-PERS:NOMEN,PROPN,Manibus,2,nmod
385,Cai,Avadiae,filiae,Cai,Cai,B-PERS:FILI,PROPN,Avadiae,3,appos
385,filiae,Cai,Telesphoridi,fil,iae,I-PERS:FILI,NOUN,fecit,14,nmod
385,Telesphoridi,filiae,vixit,Tel,idi,B-PERS:COG,NOUN,filiae,5,nmod
385,vixit,Telesphoridi,annis,vix,xit,O,VERB,pedes,22,advcl
385,annis,vixit,VII,ann,nis,O,NOUN,vixit,7,obl
385,VII,annis,mensibus,VII,VII,O,NUM,diebus,12,nummod
385,mensibus,VII,V,men,bus,O,NOUN,annis,8,nmod
385,V,mensibus,diebus,V,V,O,,mensibus,10,nummod
385,diebus,V,VII,die,bus,O,NOUN,fecit,14,obl
385,VII,diebus,fecit,VII,VII,O,NUM,diebus,12,nummod
385,fecit,VII,Caius,fec,cit,O,VERB,vixit,7,conj
385,Caius,fecit,Avadius,Cai,ius,B-PERS:PRAE,PROPN,fecit,14,nsubj
385,Avadius,Caius,Telesphor,Ava,ius,B-PERS:NOMEN,PROPN,fecit,14,nsubj
385,Telesphor,Avadius,filiae,Tel,hor,B-PERS:COG,NOUN,fecit,14,nsubj
385,filiae,Telesphor,pientissimae,fil,iae,O,NOUN,fecit,14,nmod
385,pientissimae,filiae,in,pie,mae,O,ADJ,filiae,18,amod
385,in,pientissimae,fronte,in,in,O,ADP,agro,25,case
385,fronte,in,pedes,fro,nte,O,NOUN,vixit,7,obl
385,pedes,fronte,IIII,ped,des,O,X,pedes,22,conj
385,IIII,pedes,in,III,III,O,NUM,pedes,22,nummod
385,in,IIII,agro,in,in,O,ADP,agro,25,case
385,agro,in,pedes,agr,gro,O,NOUN,pedes,22,obl
385,pedes,agro,VI,ped,des,O,X,pedes,22,conj
385,VI,pedes,<END>,VI,VI,O,NUM,pedes,26,nummod
48,Pantheo,<START>,Augusto,Pan,heo,O,PROPN,Pantheo,1,ROOT
48,Augusto,Pantheo,sacrum,Aug,sto,O,PROPN,Pantheo,1,flat:name
48,sacrum,Augusto,Lucius,sac,rum,O,ADJ,Pantheo,1,appos
48,Lucius,sacrum,Iulius,Luc,ius,B-PERS:PRAE,PROPN,Pantheo,1,conj
48,Iulius,Lucius,Luci,Iul,ius,B-PERS:NOMEN,PROPN,Lucius,4,flat:name
48,Luci,Iulius,libertus,Luc,uci,B-PERS:FILI,PROPN,libertus,7,nmod
48,libertus,Luci,Secundus,lib,tus,I-PERS:FILI,NOUN,Lucius,4,appos
48,Secundus,libertus,INSTOC,Sec,dus,B-PERS:COG,ADJ,Pantheo,1,nsubj
48,INSTOC,Secundus,IIIIIIvir,INS,TOC,O,VERB,curavit,16,nsubj
48,IIIIIIvir,INSTOC,Augustalis,III,vir,O,NUM,curavit,16,nsubj
48,Augustalis,IIIIIIvir,de,Aug,lis,O,ADJ,INSTOC,9,amod
48,de,Augustalis,sua,de,de,O,ADP,pecunia,14,case
48,sua,de,pecunia,sua,sua,O,DET,pecunia,14,det
48,pecunia,sua,faciendum,pec,nia,O,NOUN,faciendum,15,obl
48,faciendum,pecunia,curavit,fac,dum,O,VERB,curavit,16,advcl
48,curavit,faciendum,idemque,cur,vit,O,VERB,Pantheo,1,conj
48,idemque,curavit,dedicavit,ide,que,O,DET,,-1,
48,dedicavit,idemque,<END>,ded,vit,O,VERB,Pantheo,1,conj
172,Iovi,<START>,Optimo,Iov,ovi,O,PROPN,solvit,12,obl:arg
172,Optimo,Iovi,Maximo,Opt,imo,O,ADJ,Iovi,1,amod
172,Maximo,Optimo,Culminali,Max,imo,O,PROPN,Iovi,1,conj
172,Culminali,Maximo,Valerius,Cul,ali,O,ADJ,Maximo,3,flat:name
172,Valerius,Culminali,Ingenuus,Val,ius,B-PERS:NOMEN,PROPN,Iovi,1,conj
172,Ingenuus,Valerius,pro,Ing,uus,B-PERS:COG,ADJ,Iovi,1,amod
172,pro,Ingenuus,se,pro,pro,O,ADP,se,8,case
172,se,pro,et,se,se,O,PRON,solvit,12,obl
172,et,se,suis,et,et,O,CCONJ,suis,10,cc
172,suis,et,votum,sui,uis,O,DET,se,8,conj
172,votum,suis,solvit,vot,tum,O,NOUN,solvit,12,obj
172,solvit,votum,merito,sol,vit,O,VERB,solvit,12,ROOT
172,merito,solvit,libens,mer,ito,O,VERB,libens,14,obl
172,libens,merito,<END>,lib,ens,O,ADJ,solvit,12,advcl:pred
318,Publio,<START>,Spedio,Pub,lio,B-PERS:PRAE,PROPN,Publio,1,ROOT
318,Spedio,Publio,Publi,Spe,dio,B-PERS:NOMEN,VERB,Publio,1,flat:name
318,Publi,Spedio,filio,Pub,bli,B-PERS:FILI,PROPN,filio,4,nmod
318,filio,Publi,Viro,fil,lio,I-PERS:FILI,NOUN,Publio,1,appos
318,Viro,filio,Proculo,Vir,iro,B-PERS:COG,PROPN,Publio,1,flat:name
318,Proculo,Viro,<END>,Pro,ulo,B-PERS:COG,PROPN,Viro,5,flat:name
325,Dis,<START>,Manibus,Dis,Dis,O,NOUN,Manibus,2,case
325,Manibus,Dis,Castriciae,Man,bus,O,PROPN,fecerunt,22,dep
325,Castriciae,Manibus,Marci,Cas,iae,B-PERS:NOMEN,PROPN,Manibus,2,nmod
325,Marci,Castriciae,filiae,Mar,rci,B-PERS:FILI,PROPN,Manibus,2,nmod
325,filiae,Marci,Phoebianae,fil,iae,I-PERS:FILI,NOUN,filiae,5,nmod
325,Phoebianae,filiae,filiae,Pho,nae,B-PERS:COG,ADJ,filiae,7,amod
325,filiae,Phoebianae,pientissimae,fil,iae,O,NOUN,filiae,5,nmod
325,pientissimae,filiae,quae,pie,mae,O,ADJ,filiae,7,amod
325,quae,pientissimae,vixit,qua,uae,O,PRON,vixit,10,nsubj
325,vixit,quae,annos,vix,xit,O,VERB,Marci,4,acl:relcl
325,annos,vixit,XIII,ann,nos,O,NOUN,vixit,10,obj
325,XIII,annos,dies,XII,III,O,NUM,annos,11,nummod
325,dies,XIII,X,die,ies,O,X,vixit,10,advmod
325,X,dies,Marcus,X,X,O,NUM,dies,13,nummod
325,Marcus,X,Castricius,Mar,cus,B-PERS:PRAE,PROPN,fecerunt,22,nsubj
325,Castricius,Marcus,Phoebus,Cas,ius,B-PERS:NOMEN,PROPN,Marcus,15,amod
325,Phoebus,Castricius,et,Pho,bus,B-PERS:COG,PROPN,Marcus,15,appos
325,et,Phoebus,Sentia,et,et,O,CCONJ,Sentia,19,cc
325,Sentia,et,Casta,Sen,tia,B-PERS:NOMEN,PROPN,Marcus,15,conj
325,Casta,Sentia,parentes,Cas,sta,B-PERS:COG,ADJ,Sentia,19,amod
325,parentes,Casta,fecerunt,par,tes,O,NOUN,fecerunt,22,xcomp
325,fecerunt,parentes,libertis,fec,unt,O,VERB,fecerunt,22,ROOT
325,libertis,fecerunt,libertabusque,lib,tis,O,ADJ,fecerunt,22,dep
325,libertabusque,libertis,posterisque,lib,que,O,VERB,,-1,
325,posterisque,libertabusque,eorum,pos,que,O,NOUN,,-1,
325,eorum,posterisque,in,eor,rum,O,PRON,que,27,nmod
325,in,eorum,fronte,in,in,O,ADP,agro,34,case
325,fronte,in,pedes,fro,nte,O,NOUN,fecerunt,22,obl
325,pedes,fronte,VIII,ped,des,O,X,fecerunt,22,conj
325,VIII,pedes,in,VII,III,O,NUM,pedes,35,nummod
325,in,VIII,agro,in,in,O,ADP,agro,34,case
325,agro,in,pedes,agr,gro,O,NOUN,fecerunt,22,dep
325,pedes,agro,VIII,ped,des,O,X,fecerunt,22,conj
325,VIII,pedes,<END>,VII,III,O,NUM,pedes,35,nummod
881,entia,<START>,fidelis,ent,tia,O,NOUN,entia,1,ROOT
881,fidelis,entia,annis,fid,lis,O,ADJ,entia,1,amod
881,annis,fidelis,plus,ann,nis,O,NOUN,entia,1,dep
881,plus,annis,minus,plu,lus,O,ADV,minus,5,advmod
881,minus,plus,<END>,min,nus,O,ADV,annis,3,amod
264,Caius,<START>,Fadius,Cai,ius,B-PERS:PRAE,PROPN,Eranus,5,nsubj
264,Fadius,Caius,Saturionis,Fad,ius,B-PERS:NOMEN,PROPN,Caius,1,flat:name
264,Saturionis,Fadius,libertus,Sat,nis,B-PERS:FILI,PROPN,Fadiae,17,nmod
264,libertus,Saturionis,Eranus,lib,tus,I-PERS:FILI,NOUN,Caius,1,appos
264,Eranus,libertus,sibi,Era,nus,I-PERS,PROPN,Eranus,5,ROOT
264,sibi,Eranus,et,sib,ibi,O,PRON,Eranus,5,obl:arg
264,et,sibi,obitae,et,et,O,CCONJ,vivae,23,cc
264,obitae,et,Munniae,obi,tae,O,VERB,Fadiae,17,amod
264,Munniae,obitae,Luci,Mun,iae,B-PERS:NOMEN,PROPN,sibi,6,conj
264,Luci,Munniae,libertae,Luc,uci,B-PERS:FILI,PROPN,Munniae,9,nmod
264,libertae,Luci,Primulae,lib,tae,I-PERS:FILI,NOUN,Luci,10,appos
264,Primulae,libertae,contubernali,Pri,lae,I-PERS,ADJ,libertae,11,nmod
264,contubernali,Primulae,suae,con,ali,O,NOUN,Primulae,12,appos
264,suae,contubernali,et,sua,uae,O,DET,Primulae,12,det
264,et,suae,obitae,et,et,O,CCONJ,vivae,23,cc
264,obitae,et,Fadiae,obi,tae,O,VERB,Fadiae,17,amod
264,Fadiae,obitae,Saturionis,Fad,iae,B-PERS:NOMEN,PROPN,Luci,10,conj
264,Saturionis,Fadiae,matri,Sat,nis,B-PERS:FILI,PROPN,Fadiae,17,nmod
264,matri,Saturionis,Hilarae,mat,tri,I-PERS:FILI,NOUN,Fadiae,17,appos
264,Hilarae,matri,conlibertae,Hil,rae,I-PERS,ADJ,matri,19,nmod
264,conlibertae,Hilarae,et,con,tae,O,ADJ,Hilarae,20,amod
264,et,conlibertae,vivae,et,et,O,CCONJ,vivae,23,cc
264,vivae,et,Ofiliae,viv,vae,O,ADJ,Hilarae,20,conj
264,Ofiliae,vivae,Faustae,Ofi,iae,B-PERS:NOMEN,PROPN,matri,19,nmod
264,Faustae,Ofiliae,<END>,Fau,tae,B-PERS:COG,PROPN,Ofiliae,24,appos
146,Aureliis,<START>,mentis,Aur,iis,B-PERS:NOMEN,PROPN,mentis,2,amod
146,mentis,Aureliis,o,men,tis,B-PERS:COG,NOUN,mentis,2,ROOT
146,o,mentis,Augusto,o,o,O,PUNCT,Augusto,4,advmod:emph
146,Augusto,o,VI,Aug,sto,B-TITLE,PROPN,mentis,2,nmod
146,VI,Augusto,<END>,VI,VI,O,NUM,Augusto,4,nummod
44,Cai,<START>,Mari,Cai,Cai,B-PERS:PRAE,PROPN,liberti,4,nmod
44,Mari,Cai,mulieris,Mar,ari,B-PERS:NOMEN,PROPN,Cai,1,nmod
44,mulieris,Mari,liberti,mul,ris,B-PERS:COG,NOUN,Cai,1,appos
44,liberti,mulieris,Isochrysi,lib,rti,O,NOUN,liberti,4,ROOT
44,Isochrysi,liberti,et,Iso,ysi,B-PERS,NOUN,liberti,4,amod
44,et,Isochrysi,Avilliae,et,et,O,CCONJ,Avilliae,7,cc
44,Avilliae,et,Marci,Avi,iae,B-PERS:NOMEN,PROPN,Isochrysi,5,conj
44,Marci,Avilliae,libertae,Mar,rci,B-PERS:FILI,PROPN,liberti,4,conj
44,libertae,Marci,Sotini,lib,tae,I-PERS:FILI,NOUN,Marci,8,appos
44,Sotini,libertae,concubinae,Sot,ini,B-PERS:COG,PROPN,liberti,4,conj
44,concubinae,Sotini,meae,con,nae,O,NOUN,heres,13,nmod
44,meae,concubinae,heres,mea,eae,O,DET,concubinae,11,det
44,heres,meae,<END>,her,res,O,NOUN,Sotini,10,conj
505,Armato,<START>,sacrum,Arm,ato,O,ADJ,Armato,1,ROOT
505,sacrum,Armato,Sestia,sac,rum,O,ADJ,Armato,1,appos
505,Sestia,sacrum,Onesime,Ses,tia,B-PERS:NOMEN,ADJ,Armato,1,conj
505,Onesime,Sestia,ex,One,ime,B-PERS:COG,PROPN,Armato,1,appos
505,ex,Onesime,voto,ex,ex,O,ADP,voto,6,case
505,voto,ex,posuit,vot,oto,O,NOUN,posuit,7,obl
505,posuit,voto,libens,pos,uit,O,VERB,Armato,1,acl:relcl
505,libens,posuit,<END>,lib,ens,O,ADJ,posuit,7,xcomp
87,Caio,<START>,Bellicio,Cai,aio,B-PERS:PRAE,PROPN,vixit,7,obl:arg
87,Bellicio,Caio,Quintiano,Bel,cio,B-PERS:NOMEN,PROPN,Caio,1,flat:name
87,Quintiano,Bellicio,legionis,Qui,ano,B-PERS:COG,PROPN,Caio,1,flat:name
87,legionis,Quintiano,XIII,leg,nis,O,NOUN,Caio,1,nmod
87,XIII,legionis,Geminae,XII,III,O,NUM,Geminae,6,nummod
87,Geminae,XIII,vixit,Gem,nae,O,ADJ,Caio,1,conj
87,vixit,Geminae,annos,vix,xit,O,VERB,vixit,7,conj
87,annos,vixit,Valen,ann,nos,O,NOUN,vixit,10,obj
87,Valen,annos,vixit,Val,len,B-PERS,NOUN,vixit,7,obl
87,vixit,Valen,annos,vix,xit,O,VERB,vixit,7,conj
87,annos,vixit,V,ann,nos,O,NOUN,vixit,10,obj
87,V,annos,<END>,V,V,O,,annos,11,nummod
377,Parentes,<START>,filio,Par,tes,O,NOUN,fecerunt,4,advcl
377,filio,Parentes,Mercurio,fil,lio,O,NOUN,fecerunt,4,obj
377,Mercurio,filio,fecerunt,Mer,rio,B-PERS,PROPN,filio,2,flat
377,fecerunt,Mercurio,qui,fec,unt,O,VERB,fecerunt,4,ROOT
377,qui,fecerunt,vixit,qui,qui,O,PUNCT,vixit,6,nsubj
377,vixit,qui,annos,vix,xit,O,VERB,filio,2,acl:relcl
377,annos,vixit,V,ann,nos,O,NOUN,vixit,6,obl
377,V,annos,et,V,V,O,,annos,7,nummod
377,et,V,menses,et,et,O,CCONJ,menses,10,cc
377,menses,et,VIII,men,ses,O,NOUN,V,8,conj
377,VIII,menses,natus,VII,III,O,NUM,menses,10,nummod
377,natus,VIII,in,nat,tus,O,VERB,vixit,6,conj
377,in,natus,pace,in,in,O,ADP,pace,14,case
377,pace,in,quintum,pac,ace,O,PUNCT,vixit,6,obl
377,quintum,pace,Idus,qui,tum,O,ADJ,vixit,6,obl
377,Idus,quintum,Februarias,Idu,dus,O,NOUN,quintum,15,nmod
377,Februarias,Idus,<END>,Feb,ias,O,ADJ,Idus,16,amod
531,Lucius,<START>,Vettius,Luc,ius,B-PERS:PRAE,PROPN,iussit,16,nsubj
531,Vettius,Lucius,Marci,Vet,ius,B-PERS:NOMEN,PROPN,Lucius,1,flat:name
531,Marci,Vettius,filius,Mar,rci,B-PERS:FILI,PROPN,filius,4,nmod
531,filius,Marci,Publilia,fil,ius,I-PERS:FILI,NOUN,Lucius,1,appos
531,Publilia,filius,Firmanus,Pub,lia,B-PERS:COG,PROPN,Lucius,1,obl:arg
531,Firmanus,Publilia,Verona,Fir,nus,B-PERS:AG,ADJ,Publilia,5,flat:name
531,Verona,Firmanus,veteranus,Ver,ona,B-PERS:AG,PROPN,Publilia,5,flat:name
531,veteranus,Verona,legionis,vet,nus,O,ADJ,Lucius,1,amod
531,legionis,veteranus,VI,leg,nis,O,NOUN,testamento,14,nmod
531,VI,legionis,Victricis,VI,VI,O,NUM,legionis,9,nummod
531,Victricis,VI,Piae,Vic,cis,O,NOUN,legionis,9,nmod
531,Piae,Victricis,Fidelis,Pia,iae,O,PROPN,Victricis,11,nmod
531,Fidelis,Piae,testamento,Fid,lis,O,ADJ,Victricis,11,amod
531,testamento,Fidelis,fieri,tes,nto,O,NOUN,fieri,15,xcomp
531,fieri,testamento,iussit,fie,eri,O,VERB,iussit,16,ccomp
531,iussit,fieri,heres,ius,sit,O,VERB,iussit,16,ROOT
531,heres,iussit,faciendum,her,res,O,NOUN,curavit,19,nsubj
531,faciendum,heres,curavit,fac,dum,O,VERB,curavit,19,ccomp
531,curavit,faciendum,<END>,cur,vit,O,VERB,iussit,16,conj
985,seu,<START>,manus,seu,seu,O,CCONJ,manus,2,cc
985,manus,seu,IN,man,nus,O,NOUN,manus,2,ROOT
985,IN,manus,heu,IN,IN,O,ADP,transacta,7,advmod:tmod
985,heu,IN,cito,heu,heu,O,INTJ,transacta,7,discourse
985,cito,heu,praerepto,cit,ito,O,ADV,praerepto,6,advmod
985,praerepto,cito,transacta,pra,pto,O,VERB,transacta,7,dep
985,transacta,praerepto,est,tra,cta,O,VERB,manus,2,acl
985,est,transacta,flore,est,est,O,AUX,transacta,7,aux:pass
985,flore,est,iuventus,flo,ore,O,NOUN,transacta,7,obl
985,iuventus,flore,quam,iuv,tus,O,NOUN,transacta,7,nsubj:pass
985,quam,iuventus,multae,qua,uam,O,SCONJ,movit,17,advmod
985,multae,quam,votis,mul,tae,O,DET,votis,13,det
985,votis,multae,expetieri,vot,tis,O,NOUN,expetieri,14,obl
985,expetieri,votis,nurus,exp,eri,O,VERB,quam,11,amod
985,nurus,expetieri,EF,nur,rus,O,NOUN,movit,17,nsubj
985,EF,nurus,movit,EF,EF,O,PUNCT,movit,17,advmod
985,movit,EF,quoque,mov,vit,O,VERB,cito,5,advcl:cmp
985,quoque,movit,forma,quo,que,O,ADV,movit,17,discourse
985,forma,quoque,C,for,rma,O,NOUN,movit,17,obl
985,C,forma,<END>,C,C,O,PUNCT,forma,19,amod
852,o,<START>,Hisponum,o,o,O,PUNCT,Hisponum,2,advmod:emph
852,Hisponum,o,liberto,His,num,B-PERS:NOMEN,PROPN,posuerunt,29,obl:arg
852,liberto,Hisponum,VIviro,lib,rto,O,NOUN,Hisponum,2,appos
852,VIviro,liberto,et,VIv,iro,O,PROPN,liberto,3,amod
852,et,VIviro,Augustali,et,et,O,CCONJ,habitaturis,17,cc
852,Augustali,et,Cnaei,Aug,ali,B-TITLE,ADJ,liberto,3,conj
852,Cnaei,Augustali,Hisponis,Cna,aei,B-PERS:FILI,PROPN,posuerunt,29,advmod
852,Hisponis,Cnaei,libertae,His,nis,I-PERS:FILI,VERB,posuerunt,29,obl:arg
852,libertae,Hisponis,Secundae,lib,tae,I-PERS:FILI,NOUN,Hisponis,8,appos
852,Secundae,libertae,qui,Sec,dae,B-PERS:COG,ADJ,libertae,9,amod
852,qui,Secundae,vicanis,qui,qui,O,PUNCT,dederunt,22,nsubj
852,vicanis,qui,Statuinis,vic,nis,O,NOUN,dederunt,22,obl:arg
852,Statuinis,vicanis,ibi,Sta,nis,B-LOC,NOUN,vicanis,12,nmod
852,ibi,Statuinis,habitantibus,ibi,ibi,O,ADV,habitantibus,15,advmod
852,habitantibus,ibi,et,hab,bus,O,VERB,vicanis,12,acl:relcl
852,et,habitantibus,habitaturis,et,et,O,CCONJ,habitaturis,17,cc
852,habitaturis,et,lavationem,hab,ris,O,VERB,vicanis,12,conj
852,lavationem,habitaturis,gratuitam,lav,nem,O,NOUN,dederunt,22,obj
852,gratuitam,lavationem,in,gra,tam,O,ADJ,lavationem,18,amod
852,in,gratuitam,perpetuum,in,in,O,ADP,perpetuum,21,case
852,perpetuum,in,dederunt,per,uum,O,ADJ,dederunt,22,obl
852,dederunt,perpetuum,solo,ded,unt,O,VERB,Hisponis,8,acl:relcl
852,solo,dederunt,privato,sol,olo,O,PUNCT,privato,24,advcl:pred
852,privato,solo,Statuinorum,pri,ato,O,VERB,posuerunt,29,advcl:abs
852,Statuinorum,privato,cundus,Sta,rum,O,PROPN,privato,24,nmod
852,cundus,Statuinorum,Sorex,cun,dus,B-PERS,DET,Sorex,27,det
852,Sorex,cundus,liberti,Sor,rex,B-PERS,NOUN,posuerunt,29,nsubj
852,liberti,Sorex,posuerunt,lib,rti,O,NOUN,posuerunt,29,nsubj
852,posuerunt,liberti,<END>,pos,unt,O,VERB,posuerunt,29,ROOT
346,II,<START>,annoUs,II,II,O,NUM,annoUs,2,nummod
346,annoUs,II,us,ann,oUs,O,NOUN,annoUs,2,ROOT
346,us,annoUs,XX,us,us,O,X,annoUs,2,dep
346,XX,us,Iulias,XX,XX,O,NUM,us,3,nummod
346,Iulias,XX,<END>,Iul,ias,O,PROPN,us,3,appos
404,Sextus,<START>,Gracchius,Sex,tus,B-PERS:PRAE,PROPN,militavit,14,nsubj
404,Gracchius,Sextus,Titi,Gra,ius,B-PERS:NOMEN,PROPN,Sextus,1,flat:name
404,Titi,Gracchius,filius,Tit,iti,B-PERS:FILI,PROPN,filius,4,nmod
404,filius,Titi,Pollia,fil,ius,I-PERS:FILI,NOUN,Gracchius,2,appos
404,Pollia,filius,Fronto,Pol,lia,B-PERS:TRIBE,PROPN,militavit,14,obl
404,Fronto,Pollia,Faventia,Fro,nto,B-PERS:COG,NOUN,Pollia,5,conj
404,Faventia,Fronto,miles,Fav,tia,B-PERS:AG,PROPN,Pollia,5,amod
404,miles,Faventia,cohortis,mil,les,O,NOUN,Pollia,5,appos
404,cohortis,miles,IIII,coh,tis,O,NOUN,miles,8,nmod
404,IIII,cohortis,praetoriae,III,III,O,NUM,cohortis,9,nummod
404,praetoriae,IIII,centuria,pra,iae,B-TITLE,ADJ,cohortis,9,amod
404,centuria,praetoriae,Galli,cen,ria,O,NOUN,militavit,14,obl
404,Galli,centuria,militavit,Gal,lli,O,PROPN,centuria,12,nmod
404,militavit,Galli,annos,mil,vit,O,VERB,militavit,14,ROOT
404,annos,militavit,XVII,ann,nos,O,NOUN,vixit,17,obl:tmod
404,XVII,annos,vixit,XVI,VII,O,NUM,annos,15,nummod
404,vixit,XVII,annos,vix,xit,O,VERB,militavit,14,conj
404,annos,vixit,XXXVI,ann,nos,O,NOUN,vixit,17,obl:tmod
404,XXXVI,annos,hic,XXX,XVI,O,NUM,annos,18,nummod
404,hic,XXXVI,securus,hic,hic,O,ADV,requiescit,22,advmod:lmod
404,securus,hic,requiescit,sec,rus,O,ADJ,requiescit,22,advcl:pred
404,requiescit,securus,<END>,req,cit,O,VERB,militavit,14,conj
227,Dis,<START>,Manibus,Dis,Dis,O,NOUN,Manibus,2,case
227,Manibus,Dis,Valeriae,Man,bus,O,PROPN,Manibus,2,ROOT
227,Valeriae,Manibus,Gratillae,Val,iae,B-PERS:NOMEN,ADJ,Manibus,2,nmod
227,Gratillae,Valeriae,quae,Gra,lae,B-PERS:COG,PROPN,Valeriae,3,flat:name
227,quae,Gratillae,vixit,qua,uae,O,PRON,vixit,6,nsubj
227,vixit,quae,annos,vix,xit,O,VERB,Manibus,2,acl:relcl
227,annos,vixit,XXVII,ann,nos,O,NOUN,vixit,6,obl
227,XXVII,annos,menses,XXV,VII,O,NUM,annos,7,nummod
227,menses,XXVII,III,men,ses,O,NOUN,quae,5,appos
227,III,menses,dies,III,III,O,NUM,vixit,6,obl
227,dies,III,VIIII,die,ies,O,X,quae,5,appos
227,VIIII,dies,Ancharius,VII,III,O,NUM,dies,11,nummod
227,Ancharius,VIIII,attes,Anc,ius,B-PERS:NOMEN,PROPN,fecit,18,nsubj
227,attes,Ancharius,coniugi,att,tes,B-PERS:COG,NOUN,fecit,18,obj
227,coniugi,attes,bene,con,ugi,O,NOUN,fecit,18,obl:arg
227,bene,coniugi,merenti,ben,ene,O,ADV,merenti,17,advmod
227,merenti,bene,fecit,mer,nti,O,ADJ,coniugi,15,acl
227,fecit,merenti,<END>,fec,cit,O,VERB,vixit,6,conj
988,IIII,<START>,quae,III,III,O,NUM,IIII,1,ROOT
988,quae,IIII,ambitum,qua,uae,O,PRON,fecerunt,9,nsubj
988,ambitum,quae,scamnorum,amb,tum,O,NOUN,fecerunt,9,obj
988,scamnorum,ambitum,cum,sca,rum,O,NOUN,ambitum,3,nmod
988,cum,scamnorum,pronao,cum,cum,O,ADP,pronao,6,case
988,pronao,cum,sua,pro,nao,O,VERB,pecunia,8,amod
988,sua,pronao,pecunia,sua,sua,O,DET,pecunia,8,det
988,pecunia,sua,fecerunt,pec,nia,O,NOUN,fecerunt,9,obl
988,fecerunt,pecunia,<END>,fec,unt,O,VERB,IIII,1,acl:relcl
165,Clausa,<START>,iacet,Cla,usa,O,VERB,iacet,2,xcomp
165,iacet,Clausa,lapideI,iac,cet,O,VERB,iacet,2,ROOT
165,lapideI,iacet,coniunx,lap,deI,O,NUM,iacet,2,dep
165,coniunx,lapideI,pia,con,unx,O,NOUN,faciendum,75,obl
165,pia,coniunx,cara,pia,pia,O,NOUN,voce,61,amod
165,cara,pia,Sabdina,car,ara,O,ADJ,coniunx,4,amod
165,Sabdina,cara,artibus,Sab,ina,B-PERS,PROPN,superabat,10,nsubj
165,artibus,Sabdina,edocta,art,bus,O,NOUN,edocta,9,obl
165,edocta,artibus,superabat,edo,cta,O,VERB,Sabdina,7,acl
165,superabat,edocta,sola,sup,bat,O,VERB,iacet,2,conj
165,sola,superabat,maritum,sol,ola,O,DET,Sabdina,7,det
165,maritum,sola,vox,mar,tum,O,NOUN,superabat,10,obj
165,vox,maritum,ei,vox,vox,O,NOUN,grata,15,nsubj
165,ei,vox,grata,ei,ei,O,PUNCT,grata,15,obl
165,grata,ei,fuit,gra,ata,O,ADJ,hydraula,49,amod
165,fuit,grata,pulIsabat,fui,uit,O,AUX,grata,15,cop
165,pulIsabat,fuit,pollice,pul,bat,O,ADV,iacet,2,conj
165,pollice,pulIsabat,cordas,pol,ice,O,NOUN,pulIsabat,17,obl
165,cordas,pollice,sedT,cor,das,O,NOUN,pulIsabat,17,obj
165,sedT,cordas,cito,sed,edT,O,CCONJ,habebat,36,cc
165,cito,sedT,rapta,cit,ito,O,ADV,rapta,22,advmod
165,rapta,cito,siletPI,rap,pta,O,VERB,siletPI,23,xcomp
165,siletPI,rapta,ter,sil,tPI,O,VERB,sedT,20,det
165,ter,siletPI,denos,ter,ter,O,PUNCT,duxerat,26,advmod
165,denos,ter,duxerat,den,nos,O,ADJ,annos,27,amod
165,duxerat,denos,annos,dux,rat,O,VERB,pulIsabat,17,conj
165,annos,duxerat,heu,ann,nos,O,NOUN,duxerat,26,obj
165,heu,annos,male,heu,heu,O,INTJ,minus,31,advmod:emph
165,male,heu,quinque,mal,ale,O,ADV,minus,31,advmod
165,quinque,male,minus,qui,que,O,NUM,male,29,obl:arg
165,minus,quinque,sedT,min,nus,O,ADV,duxerat,26,advmod
165,sedT,minus,plus,sed,edT,O,CCONJ,habebat,36,cc
165,plus,sedT,tres,plu,lus,O,ADV,menses,35,advmod
165,tres,plus,menses,tre,res,O,NUM,menses,35,nummod
165,menses,tres,habebat,men,ses,O,NOUN,habebat,36,obj
165,habebat,menses,bis,hab,bat,O,VERB,iacet,2,conj
165,bis,habebat,se,bis,bis,O,ADV,habebat,36,advmod
165,se,bis,mptemque,se,se,O,PRON,habebat,36,obj
165,mptemque,se,dies,mpt,que,O,DET,,-1,
165,dies,mptemque,vixit,die,ies,O,X,vixit,42,nsubj
165,vixit,dies,haec,vix,xit,O,VERB,habebat,36,conj
165,haec,vixit,ipsa,hae,aec,O,DET,iacet,2,dep
165,ipsa,haec,superstes,ips,psa,O,DET,spectata,46,det
165,superstes,ipsa,spectata,sup,tes,O,ADJ,spectata,46,advcl:pred
165,spectata,superstes,in,spe,ata,O,VERB,haec,43,acl:relcl
165,in,spectata,pEopulo,in,in,O,ADP,pEopulo,48,case
165,pEopulo,in,hydraula,pEo,ulo,O,NOUN,spectata,46,obl
165,hydraula,pEopulo,grata,hyd,ula,O,NOUN,regebat,51,nsubj
165,grata,hydraula,regebat,gra,ata,O,ADJ,hydraula,49,amod
165,regebat,grata,sis,reg,bat,O,VERB,spectata,46,conj
165,sis,regebat,felix,sis,sis,O,PUNCT,felix,53,cop
165,felix,sis,quicumque,fel,lix,O,ADJ,spectata,46,conj
165,quicumque,felix,legiEs,qui,que,O,DET,servent,58,nsubj
165,legiEs,quicumque,te,leg,iEs,O,NOUN,servent,58,nsubj
165,te,legiEs,numina,te,te,O,PRON,servent,58,obj
165,numina,te,servent,num,ina,O,NOUN,servent,58,obj
165,servent,numina,et,ser,ent,O,VERB,felix,53,advcl
165,et,servent,pia,et,et,O,CCONJ,vale,65,cc
165,pia,et,voce,pia,pia,O,NOUN,voce,61,amod
165,voce,pia,cane,voc,oce,O,NOUN,vale,65,obl
165,cane,voce,Aelia,can,ane,O,NOUN,vale,65,dep
165,Aelia,cane,Sabina,Ael,lia,B-PERS:NOMEN,ADJ,vale,65,obl
165,Sabina,Aelia,vale,Sab,ina,B-PERS:COG,PROPN,Aelia,63,flat:name
165,vale,Sabina,Titus,val,ale,O,ADV,servent,58,conj
165,Titus,vale,Aelius,Tit,tus,B-PERS:PRAE,PROPN,felix,53,nsubj
165,Aelius,Titus,Iustus,Ael,ius,B-PERS:NOMEN,PROPN,Titus,66,flat:name
165,Iustus,Aelius,hydraularius,Ius,tus,B-PERS:COG,PROPN,Titus,66,flat:name
165,hydraularius,Iustus,salariarius,hyd,ius,O,NOUN,salariarius,70,amod
165,salariarius,hydraularius,legionis,sal,ius,O,NOUN,Titus,66,appos
165,legionis,salariarius,II,leg,nis,O,NOUN,coniugi,74,nmod
165,II,legionis,Adiutricis,II,II,O,NUM,legionis,71,nummod
165,Adiutricis,II,coniugi,Adi,cis,O,ADJ,II,72,flat:name
165,coniugi,Adiutricis,faciendum,con,ugi,O,NOUN,Titus,66,appos
165,faciendum,coniugi,curavit,fac,dum,O,VERB,curavit,76,ccomp
165,curavit,faciendum,<END>,cur,vit,O,VERB,spectata,46,conj
336,Appaeae,<START>,umisinae,App,eae,B-PERS:NOMEN,ADJ,conseAcravit,42,vocative
336,umisinae,Appaeae,coniugi,umi,nae,O,NOUN,coniugi,3,amod
336,coniugi,umisinae,castissimae,con,ugi,O,NOUN,Appaeae,1,appos
336,castissimae,coniugi,et,cas,mae,O,ADJ,umisinae,2,conj
336,et,castissimae,incomparabili,et,et,O,CCONJ,incomparabili,6,cc
336,incomparabili,et,adfectione,inc,ili,O,ADJ,castissimae,4,conj
336,adfectione,incomparabili,feminae,adf,one,O,NOUN,conseAcravit,42,obl:arg
336,feminae,adfectione,cum,fem,nae,O,NOUN,adfectione,7,nmod
336,cum,feminae,qua,cum,cum,O,ADP,una,32,fixed
336,qua,cum,vixit,qua,qua,O,PRON,vixit,11,obl
336,vixit,qua,annis,vix,xit,O,VERB,feminae,8,acl:relcl
336,annis,vixit,XVII,ann,nis,O,NOUN,vixit,11,obl
336,XVII,annis,mensibus,XVI,VII,O,NUM,vixit,11,obl
336,mensibus,XVII,XI,men,bus,O,NOUN,vixit,11,obl
336,XI,mensibus,diebus,XI,XI,O,NUM,mensibus,14,nummod
336,diebus,XI,XXV,die,bus,O,NOUN,vixit,11,obl
336,XXV,diebus,cuius,XXV,XXV,O,NUM,diebus,16,flat
336,cuius,XXV,de,cui,ius,O,PUNCT,obsequiis,20,nmod
336,de,cuius,obsequiis,de,de,O,ADP,natis,38,dep
336,obsequiis,de,referre,obs,iis,O,NOUN,suplet,23,obl
336,referre,obsequiis,minus,ref,rre,O,VERB,suplet,23,xcomp
336,minus,referre,suplet,min,nus,O,ADV,suplet,23,obj
336,suplet,minus,dolor,sup,let,O,VERB,vixit,11,dislocated
336,dolor,suplet,huic,dol,lor,O,VERB,suplet,23,nsubj
336,huic,dolor,ob,hui,uic,O,DET,vixit,11,obl
336,ob,huic,merita,ob,ob,O,ADP,merita,27,case
336,merita,ob,Quintus,mer,ita,O,NOUN,conseAcravit,42,obl
336,Quintus,merita,Ti,Qui,tus,B-PERS:PRAE,PROPN,conseAcravit,42,nsubj
336,Ti,Quintus,Herculanus,Ti,Ti,B-PERS:NOMEN,PRON,Quintus,28,appos
336,Herculanus,Ti,maritus,Her,nus,B-PERS:COG,PROPN,Ti,29,flat:name
336,maritus,Herculanus,una,mar,tus,O,ADJ,Ti,29,appos
336,una,maritus,cum,una,una,O,NUM,pigneribus,34,case
336,cum,una,pigneribus,cum,cum,O,ADP,una,32,fixed
336,pigneribus,cum,suis,pig,bus,O,NOUN,conseAcravit,42,obl
336,suis,pigneribus,de,sui,uis,O,DET,pigneribus,34,det
336,de,suis,ea,de,de,O,ADP,natis,38,dep
336,ea,de,natis,ea,ea,O,PUNCT,natis,38,dep
336,natis,ea,dis,nat,tis,O,ADJ,conseAcravit,42,obl
336,dis,natis,Manibus,dis,dis,O,X,conseAcravit,42,obl
336,Manibus,dis,locum,Man,bus,O,PROPN,dis,39,flat
336,locum,Manibus,conseAcravit,loc,cum,O,NOUN,conseAcravit,42,obj
336,conseAcravit,locum,<END>,con,vit,O,VERB,conseAcravit,42,ROOT
601,Di,<START>,is,Di,Di,O,NOUN,Manibus,3,case
601,is,Di,Manibus,is,is,O,PUNCT,Manibus,3,det
601,Manibus,is,Lucius,Man,bus,O,PROPN,vixit,10,obl
601,Lucius,Manibus,Visellius,Luc,ius,B-PERS:PRAE,PROPN,vixit,10,nsubj
601,Visellius,Lucius,Luci,Vis,ius,B-PERS:NOMEN,PROPN,Lucius,4,flat:name
601,Luci,Visellius,filius,Luc,uci,B-PERS:FILI,PROPN,filius,7,nmod
601,filius,Luci,Palatina,fil,ius,I-PERS:FILI,NOUN,Lucius,4,appos
601,Palatina,filius,Sedatus,Pal,ina,B-PERS:TRIBE,ADJ,Sedatus,9,nmod
601,Sedatus,Palatina,vixit,Sed,tus,B-PERS:COG,VERB,Lucius,4,nmod
601,vixit,Sedatus,annis,vix,xit,O,VERB,vixit,10,ROOT
601,annis,vixit,XXII,ann,nis,O,NOUN,vixit,10,obl
601,XXII,annis,<END>,XXI,XII,O,NUM,annis,11,nummod
917,Dis,<START>,Manibus,Dis,Dis,O,NOUN,Manibus,2,case
917,Manibus,Dis,Lucio,Man,bus,O,PROPN,vixit,6,obl
917,Lucio,Manibus,Manusio,Luc,cio,B-PERS:PRAE,PROPN,vixit,6,obl
917,Manusio,Lucio,Eutycheti,Man,sio,B-PERS:NOMEN,PROPN,Lucio,3,flat:name
917,Eutycheti,Manusio,vixit,Eut,eti,B-PERS:COG,PROPN,Lucio,3,nmod
917,vixit,Eutycheti,annis,vix,xit,O,VERB,vixit,6,ROOT
917,annis,vixit,III,ann,nis,O,NOUN,vixit,6,obl
917,III,annis,mensibus,III,III,O,NUM,annis,7,nummod
917,mensibus,III,X,men,bus,O,NOUN,vixit,6,obl
917,X,mensibus,diebus,X,X,O,NUM,mensibus,9,nummod
917,diebus,X,XVI,die,bus,O,NOUN,vixit,6,obl
917,XVI,diebus,Primitiva,XVI,XVI,O,NUM,diebus,11,nummod
917,Primitiva,XVI,mater,Pri,iva,B-PERS,ADJ,mater,14,amod
917,mater,Primitiva,etiam,mat,ter,O,NOUN,fecerunt,18,nsubj
917,etiam,mater,Arius,eti,iam,O,ADV,Arius,16,advmod:emph
917,Arius,etiam,tata,Ari,ius,B-PERS,PROPN,mater,14,appos
917,tata,Arius,fecerunt,tat,ata,O,NOUN,fecerunt,18,xcomp
917,fecerunt,tata,<END>,fec,unt,O,VERB,vixit,6,conj
473,Dis,<START>,Manibus,Dis,Dis,O,NOUN,Manibus,2,case
473,Manibus,Dis,Sergiae,Man,bus,O,PROPN,fecit,12,obl
473,Sergiae,Manibus,Privatae,Ser,iae,B-PERS:NOMEN,PROPN,dese,9,dep
473,Privatae,Sergiae,couniugi,Pri,tae,B-PERS:COG,ADJ,Sergiae,3,amod
473,couniugi,Privatae,karissimae,cou,ugi,O,VERB,Sergiae,3,dep
473,karissimae,couniugi,Donatus,kar,mae,O,ADJ,couniugi,5,amod
473,Donatus,karissimae,maritus,Don,tus,B-PERS,VERB,dese,9,nsubj
473,maritus,Donatus,dese,mar,tus,O,ADJ,Donatus,7,appos
473,dese,maritus,bene,des,ese,O,VERB,fecit,12,ccomp
473,bene,dese,merenti,ben,ene,O,ADV,merenti,11,advmod
473,merenti,bene,fecit,mer,nti,O,ADJ,fecit,12,ccomp
473,fecit,merenti,<END>,fec,cit,O,VERB,fecit,12,ROOT
448,Imperatori,<START>,Caesari,Imp,ori,B-PERS:TITLE,NOUN,Imperatori,1,ROOT
448,Caesari,Imperatori,divi,Cae,ari,B-PERS:TITLE,PROPN,Imperatori,1,dep
448,divi,Caesari,Traiani,div,ivi,B-PERS:FILI,VERB,Traiani,4,amod
448,Traiani,divi,Parthici,Tra,ani,I-PERS:FILI,PROPN,Caesari,2,conj
448,Parthici,Traiani,filio,Par,ici,I-PERS:FILI,ADJ,Traiani,4,amod
448,filio,Parthici,divi,fil,lio,I-PERS:FILI,NOUN,Traiani,4,appos
448,divi,filio,Nervae,div,ivi,B-PERS:FILI,VERB,Traiani,4,amod
448,Nervae,divi,nepoti,Ner,vae,I-PERS:FILI,PROPN,Imperatori,1,nmod
448,nepoti,Nervae,<END>,nep,oti,I-PERS:FILI,NOUN,Nervae,8,appos
108,Publius,<START>,Aelius,Pub,ius,B-PERS:PRAE,PROPN,comparavBit,5,nsubj
108,Aelius,Publius,Augusti,Ael,ius,B-PERS:NOMEN,PROPN,Publius,1,flat:name
108,Augusti,Aelius,libertus,Aug,sti,B-PERS:FILI,PROPN,libertus,4,nmod
108,libertus,Augusti,comparavBit,lib,tus,I-PERS:FILI,NOUN,Publius,1,appos
108,comparavBit,libertus,sibi,com,Bit,O,VERB,comparavBit,5,ROOT
108,sibi,comparavBit,et,sib,ibi,O,PRON,comparavBit,5,obl:arg
108,et,sibi,Ulpiae,et,et,O,CCONJ,libertis,13,cc
108,Ulpiae,et,Celerinae,Ulp,iae,B-PERS:NOMEN,PROPN,sibi,6,conj
108,Celerinae,Ulpiae,coniugi,Cel,nae,B-PERS:COG,ADJ,Ulpiae,8,amod
108,coniugi,Celerinae,suae,con,ugi,O,NOUN,Ulpiae,8,appos
108,suae,coniugi,et,sua,uae,O,DET,coniugi,10,det
108,et,suae,libertis,et,et,O,CCONJ,libertis,13,cc
108,libertis,et,libertabusque,lib,tis,O,ADJ,sibi,6,conj
108,libertabusque,libertis,posterisque,lib,que,O,VERB,,-1,
108,posterisque,libertabusque,eorum,pos,que,O,NOUN,,-1,
108,eorum,posterisque,<END>,eor,rum,O,PRON,que,17,nmod
857,Dis,<START>,Manibus,Dis,Dis,O,NOUN,Manibus,2,case
857,Manibus,Dis,sacrum,Man,bus,O,PROPN,Manibus,2,ROOT
857,sacrum,Manibus,Aureli,sac,rum,O,ADJ,Manibus,2,appos
857,Aureli,sacrum,Eximi,Aur,eli,B-PERS:NOMEN,PROPN,centurionis,6,amod
857,Eximi,Aureli,centurionis,Exi,imi,B-PERS:COG,VERB,centurionis,6,amod
857,centurionis,Eximi,cohortis,cen,nis,O,NOUN,sacrum,3,nmod
857,cohortis,centurionis,I,coh,tis,O,NOUN,I,8,nmod
857,I,cohortis,Dalmatarum,I,I,O,NUM,sacrum,3,nummod
857,Dalmatarum,I,<END>,Dal,rum,O,PROPN,I,8,nmod
156,Bonae,<START>,memoriae,Bon,nae,O,ADJ,memoriae,2,amod
156,memoriae,Bonae,bene,mem,iae,O,NOUN,recessiEt,14,obl:arg
156,bene,memoriae,merenti,ben,ene,O,ADV,merenti,4,advmod
156,merenti,bene,Valentinianae,mer,nti,O,ADJ,memoriae,2,acl
156,Valentinianae,merenti,qui,Val,nae,B-PERS,ADJ,annos,13,nmod
156,qui,Valentinianae,vixit,qui,qui,O,PUNCT,vixit,7,nsubj
156,vixit,qui,annos,vix,xit,O,VERB,Valentinianae,5,acl:relcl
156,annos,vixit,et,ann,nos,O,NOUN,recessiEt,14,nsubj
156,et,annos,cum,et,et,O,CCONJ,feciEt,12,cc
156,cum,et,marito,cum,cum,O,ADP,marito,11,case
156,marito,cum,feciEt,mar,ito,O,NOUN,feciEt,12,obl
156,feciEt,marito,annos,fec,iEt,O,X,vixit,7,conj
156,annos,feciEt,recessiEt,ann,nos,O,NOUN,recessiEt,14,nsubj
156,recessiEt,annos,Kalendas,rec,iEt,O,VERB,recessiEt,14,ROOT
156,Kalendas,recessiEt,Martias,Kal,das,O,NOUN,recessiEt,14,nmod
156,Martias,Kalendas,in,Mar,ias,O,ADJ,Kalendas,15,amod
156,in,Martias,pace,in,in,O,ADP,pace,18,case
156,pace,in,fiEdeliEs,pac,ace,O,PUNCT,Kalendas,15,nmod
156,fiEdeliEs,pace,parentes,fiE,iEs,O,ADV,parentes,20,amod
156,parentes,fiEdeliEs,<END>,par,tes,O,NOUN,recessiEt,14,nsubj
459,civitatem,<START>,effectui,civ,tem,O,NOUN,effectui,2,nsubj
459,effectui,civitatem,M,eff,tui,O,VERB,effectui,2,ROOT
459,M,effectui,ad,M,M,O,PUNCT,effectui,2,obl
459,ad,M,auxilium,ad,ad,O,ADP,auxilium,5,case
459,auxilium,ad,ulem,aux,ium,O,NOUN,effectui,2,obl
459,ulem,auxilium,quam,ule,lem,O,ADV,auxilium,5,det
459,quam,ulem,negot,qua,uam,O,SCONJ,negot,8,mark
459,negot,quam,<END>,neg,got,O,NOUN,auxilium,5,ccomp
281,Dis,<START>,Manibus,Dis,Dis,O,NOUN,Manibus,2,case
281,Manibus,Dis,Iuliae,Man,bus,O,PROPN,Manibus,2,ROOT
281,Iuliae,Manibus,Hermione,Iul,iae,B-PERS:NOMEN,PROPN,Manibus,2,flat:name
281,Hermione,Iuliae,bene,Her,one,B-PERS:COG,PROPN,Manibus,2,conj
281,bene,Hermione,merenti,ben,ene,O,ADV,merenti,6,advmod
281,merenti,bene,coniugi,mer,nti,O,ADJ,coniugi,7,acl
281,coniugi,merenti,<END>,con,ugi,O,NOUN,Hermione,4,appos
208,Locus,<START>,Statiorum,Loc,cus,O,NOUN,Locus,1,ROOT
208,Statiorum,Locus,Secundi,Sta,rum,O,PROPN,Locus,1,nmod
208,Secundi,Statiorum,Bassi,Sec,ndi,B-PERS:PRAE,ADJ,Bassi,4,amod
208,Bassi,Secundi,Optati,Bas,ssi,B-PERS:NOMEN,ADJ,Locus,1,nmod
208,Optati,Bassi,in,Opt,ati,B-PERS:COG,VERB,Bassi,4,acl
208,in,Optati,fronte,in,in,O,ADP,agro,11,case
208,fronte,in,pedes,fro,nte,O,NOUN,Bassi,4,nmod
208,pedes,fronte,XLIIX,ped,des,O,X,Bassi,4,conj
208,XLIIX,pedes,in,XLI,IIX,O,NUM,pedes,8,nummod
208,in,XLIIX,agro,in,in,O,ADP,agro,11,case
208,agro,in,pedes,agr,gro,O,NOUN,Bassi,4,nmod
208,pedes,agro,XXXII,ped,des,O,X,Bassi,4,conj
208,XXXII,pedes,<END>,XXX,XII,O,NUM,pedes,12,nummod
155,Dis,<START>,Manibus,Dis,Dis,O,NOUN,Manibus,2,case
155,Manibus,Dis,Caecilio,Man,bus,O,PROPN,fecerunt,28,obl
155,Caecilio,Manibus,Eutycheti,Cae,lio,B-PERS:NOMEN,PROPN,Manibus,2,flat
155,Eutycheti,Caecilio,seviro,Eut,eti,B-PERS:COG,PROPN,Caecilio,3,flat:name
155,seviro,Eutycheti,magistroER,sev,iro,O,NOUN,Caecilio,3,appos
155,magistroER,seviro,qui,mag,oER,O,NOUN,Caecilio,3,appos
155,qui,magistroER,vixit,qui,qui,O,PUNCT,vixit,8,nsubj
155,vixit,qui,annos,vix,xit,O,VERB,Caecilio,3,acl:relcl
155,annos,vixit,XL,ann,nos,O,NOUN,vixit,8,obj
155,XL,annos,V,XL,XL,O,NUM,vixit,8,obl:tmod
155,V,XL,menses,V,V,O,,vixit,8,nummod
155,menses,V,XI,men,ses,O,NOUN,vixit,8,obl:tmod
155,XI,menses,dies,XI,XI,O,NUM,vixit,8,obl
155,dies,XI,VII,die,ies,O,X,Manibus,2,appos
155,VII,dies,Vergilia,VII,VII,O,NUM,dies,14,amod
155,Vergilia,VII,Gemina,Ver,lia,B-PERS:NOMEN,PROPN,fecerunt,28,nsubj
155,Gemina,Vergilia,marito,Gem,ina,B-PERS:COG,ADJ,Vergilia,16,appos
155,marito,Gemina,incomparabili,mar,ito,O,NOUN,Vergilia,16,appos
155,incomparabili,marito,et,inc,ili,O,ADJ,marito,18,amod
155,et,incomparabili,Caecilia,et,et,O,CCONJ,Caecilia,21,cc
155,Caecilia,et,Quintiana,Cae,lia,B-PERS:NOMEN,ADJ,marito,18,conj
155,Quintiana,Caecilia,filia,Qui,ana,B-PERS:COG,ADJ,Caecilia,21,flat
155,filia,Quintiana,patri,fil,lia,O,NOUN,Caecilia,21,appos
155,patri,filia,pientissimo,pat,tri,O,NOUN,merenti,27,obl:arg
155,pientissimo,patri,bene,pie,imo,O,ADJ,patri,24,amod
155,bene,pientissimo,merenti,ben,ene,O,ADV,merenti,27,advmod
155,merenti,bene,fecerunt,mer,nti,O,ADJ,marito,18,amod
155,fecerunt,merenti,<END>,fec,unt,O,VERB,fecerunt,28,ROOT
588,Ex,<START>,auctoritate,Ex,Ex,O,ADP,auctoritate,2,case
588,auctoritate,Ex,Imperatoris,auc,ate,O,NOUN,exaltavit,34,obl
588,Imperatoris,auctoritate,Caesaris,Imp,ris,B-PERS:TITLE,NOUN,Marci,25,appos
588,Caesaris,Imperatoris,Luci,Cae,ris,B-PERS:TITLE,PROPN,Marci,25,nmod
588,Luci,Caesaris,Septimi,Luc,uci,B-PERS:PRAE,PROPN,Imperatoris,3,conj
588,Septimi,Luci,Severi,Sep,imi,B-PERS:NOMEN,PROPN,Luci,5,flat:name
588,Severi,Septimi,Pii,Sev,eri,B-PERS:COG,PROPN,Luci,5,flat:name
588,Pii,Severi,Pertinacis,Pii,Pii,B-PERS:AG,PROPN,Luci,5,conj
588,Pertinacis,Pii,Augusti,Per,cis,B-PERS:AG,PROPN,Pii,8,amod
588,Augusti,Pertinacis,Arabici,Aug,sti,B-PERS:TITLE,PROPN,Pii,8,flat:name
588,Arabici,Augusti,Adiabenici,Ara,ici,B-PERS:AG,ADJ,Pii,8,amod
588,Adiabenici,Arabici,pontificis,Adi,ici,B-PERS:AG,PROPN,pontificis,13,amod
588,pontificis,Adiabenici,maximi,pon,cis,B-TITLE,NOUN,Imperatoris,3,appos
588,maximi,pontificis,tribunicia,max,imi,I-TITLE,ADJ,potestate,16,amod
588,tribunicia,maximi,potestate,tri,cia,B-TITLE,ADJ,potestate,16,amod
588,potestate,tribunicia,VI,pot,ate,I-TITLE,NOUN,exaltavit,34,obl
588,VI,potestate,imperatoris,VI,VI,O,NUM,imperatoris,18,nummod
588,imperatoris,VI,X,imp,ris,B-TITLE,NOUN,potestate,16,conj
588,X,imperatoris,consulis,X,X,O,NUM,imperatoris,18,nummod
588,consulis,X,II,con,lis,B-TITLE,NOUN,imperatoris,18,nmod
588,II,consulis,patris,II,II,O,NUM,imperatoris,18,conj
588,patris,II,patriae,pat,ris,B-TITLE,NOUN,imperatoris,18,conj
588,patriae,patris,et,pat,iae,I-TITLE,ADJ,patris,22,amod
588,et,patriae,Marci,et,et,O,CCONJ,cloacarum,48,cc
588,Marci,et,Aureli,Mar,rci,B-PERS:PRAE,PROPN,imperatoris,18,conj
588,Aureli,Marci,Antonini,Aur,eli,B-PERS:NOMEN,PROPN,Marci,25,flat:name
588,Antonini,Aureli,Caesaris,Ant,ini,B-PERS:COG,PROPN,Marci,25,flat:name
588,Caesaris,Antonini,Imperatoris,Cae,ris,B-PERS:TITLE,PROPN,Marci,25,nmod
588,Imperatoris,Caesaris,destinati,Imp,ris,B-PERS:TITLE,NOUN,Marci,25,appos
588,destinati,Imperatoris,terminos,des,ati,O,VERB,exaltavit,34,advcl
588,terminos,destinati,vetustate,ter,nos,O,NOUN,exaltavit,34,obj
588,vetustate,terminos,dilapsos,vet,ate,O,NOUN,dilapsos,33,obl
588,dilapsos,vetustate,exaltavit,dil,sos,O,VERB,exaltavit,34,advcl
588,exaltavit,dilapsos,et,exa,vit,O,VERB,exaltavit,34,ROOT
588,et,exaltavit,restituit,et,et,O,CCONJ,cloacarum,48,cc
588,restituit,et,ripa,res,uit,O,VERB,exaltavit,34,conj
588,ripa,restituit,Veientana,rip,ipa,B-LOC,NOUN,restituit,36,obj
588,Veientana,ripa,Ofilius,Vei,ana,I-LOC,NUM,ripa,37,amod
588,Ofilius,Veientana,Valerius,Ofi,ius,B-PERS:PRAE,PROPN,exaltavit,34,nsubj
588,Valerius,Ofilius,Macedo,Val,ius,B-PERS:NOMEN,PROPN,Ofilius,39,flat:name
588,Macedo,Valerius,curator,Mac,edo,B-PERS:COG,PROPN,Ofilius,39,appos
588,curator,Macedo,alvei,cur,tor,O,NOUN,Ofilius,39,appos
588,alvei,curator,Tiberis,alv,vei,O,NUM,curator,42,nmod
588,Tiberis,alvei,et,Tib,ris,B-LOC,PROPN,alvei,43,nmod
588,et,Tiberis,riparum,et,et,O,CCONJ,cloacarum,48,cc
588,riparum,et,et,rip,rum,O,ADJ,alvei,43,conj
588,et,riparum,cloacarum,et,et,O,CCONJ,cloacarum,48,cc
588,cloacarum,et,urbis,clo,rum,O,NOUN,riparum,46,conj
588,urbis,cloacarum,<END>,urb,bis,O,NOUN,cloacarum,48,nmod
758,Imperatori,<START>,Caesari,Imp,ori,B-TITLE,NOUN,Caesari,2,dislocated
758,Caesari,Imperatori,domino,Cae,ari,B-TITLE,PROPN,Caesari,2,ROOT
758,domino,Caesari,nostro,dom,ino,O,NOUN,Caesari,2,nsubj
758,nostro,domino,Magno,nos,tro,O,DET,domino,3,det
758,Magno,nostro,Magnentio,Mag,gno,B-PERS:NOMEN,NOUN,domino,3,flat
758,Magnentio,Magno,victori,Mag,tio,B-PERS:COG,PROPN,Caesari,2,flat
758,victori,Magnentio,triumphatori,vic,ori,O,NOUN,triumphatori,8,nmod
758,triumphatori,victori,semper,tri,ori,O,NOUN,Caesari,2,appos
758,semper,triumphatori,Augusto,sem,per,O,ADV,Augusto,10,advmod:tmod
758,Augusto,semper,<END>,Aug,sto,B-TITLE,PROPN,triumphatori,8,obl
986,hic,<START>,iacet,hic,hic,O,ADV,iacet,2,advmod:lmod
986,iacet,hic,bonae,iac,cet,O,VERB,iacet,2,ROOT
986,bonae,iacet,memoriae,bon,nae,O,ADJ,memoriae,4,amod
986,memoriae,bonae,Iunias,mem,iae,O,NOUN,Iunias,5,nmod
986,Iunias,memoriae,indictione,Iun,ias,B-PERS,ADJ,iacet,2,obj
986,indictione,Iunias,quarta,ind,one,O,NOUN,Iunias,5,obl
986,quarta,indictione,rus,qua,rta,O,ADJ,indictione,6,amod
986,rus,quarta,et,rus,rus,O,ADV,quievBit,11,dep
986,et,rus,Gavi,et,et,O,CCONJ,Gavi,10,cc
986,Gavi,et,quievBit,Gav,avi,B-LOC,PROPN,rus,8,conj
986,quievBit,Gavi,in,qui,Bit,O,VERB,Iunias,5,conj
986,in,quievBit,pace,in,in,O,ADP,pace,13,case
986,pace,in,ATE,pac,ace,O,PUNCT,iacet,2,obl:lmod
986,ATE,pace,<END>,ATE,ATE,O,ADP,iacet,2,nsubj
384,ivi,<START>,ta,ivi,ivi,O,ADV,sit,5,advmod
384,ta,ivi,Mercedi,ta,ta,O,X,ivi,1,fixed
384,Mercedi,ta,a,Mer,edi,O,PROPN,ta,2,nmod
384,a,Mercedi,sit,a,a,O,ADP,sit,5,discourse
384,sit,a,fides,sit,sit,O,AUX,sit,5,ROOT
384,fides,sit,orti,fid,des,O,NOUN,sit,5,nsubj
384,orti,fides,<END>,ort,rti,O,VERB,fides,6,nmod
802,Marcus,<START>,Antonius,Mar,cus,B-PERS:PRAE,PROPN,vixit,4,nsubj
802,Antonius,Marcus,Macer,Ant,ius,B-PERS:NOMEN,PROPN,Marcus,1,flat:name
802,Macer,Antonius,vixit,Mac,cer,B-PERS:COG,PROPN,Marcus,1,flat:name
802,vixit,Macer,annos,vix,xit,O,VERB,vixit,4,ROOT
802,annos,vixit,LXX,ann,nos,O,NOUN,vixit,4,obj
802,LXX,annos,hic,LXX,LXX,O,NUM,annos,5,nummod
802,hic,LXX,situs,hic,hic,O,ADV,situs,8,nsubj
802,situs,hic,est,sit,tus,O,NOUN,vixit,4,conj
802,est,situs,<END>,est,est,O,AUX,situs,8,cop
649,HSoe,<START>,arbitratu,HSo,Soe,O,PROPN,arbitratu,2,nsubj:pass
649,arbitratu,HSoe,Papiriae,arb,atu,O,NOUN,arbitratu,2,ROOT
649,Papiriae,arbitratu,Marci,Pap,iae,B-PERS:NOMEN,PROPN,cal,9,nmod
649,Marci,Papiriae,lTibertae,Mar,rci,B-PERS:FILI,PROPN,Papiriae,3,nmod
649,lTibertae,Marci,et,lTi,tae,I-PERS:FILI,NOUN,Marci,4,amod
649,et,lTibertae,Mesaophilae,et,et,O,CCONJ,libertae,8,cc
649,Mesaophilae,et,libertae,Mes,lae,B-PERS,ADJ,libertae,8,amod
649,libertae,Mesaophilae,cal,lib,tae,I-PERS,NOUN,Marci,4,conj
649,cal,libertae,Marcus,cal,cal,O,ADV,arbitratu,2,appos
649,Marcus,cal,Ulpius,Mar,cus,B-PERS:NOMEN,PROPN,arbitratu,2,dep
649,Ulpius,Marcus,hic,Ulp,ius,B-PERS:COG,PROPN,Marcus,10,flat:name
649,hic,Ulpius,situs,hic,hic,O,ADV,situs,13,det
649,situs,hic,co,sit,tus,O,NOUN,arbitratu,2,conj
649,co,situs,<END>,co,co,O,PUNCT,situs,13,appos
807,Imperatori,<START>,Caesari,Imp,ori,B-PERS:TITLE,NOUN,Imperatori,1,ROOT
807,Caesari,Imperatori,divi,Cae,ari,B-PERS:TITLE,PROPN,Imperatori,1,dep
807,divi,Caesari,Traiani,div,ivi,B-PERS:FILI,VERB,Traiani,4,amod
807,Traiani,divi,Parthici,Tra,ani,I-PERS:FILI,PROPN,Caesari,2,conj
807,Parthici,Traiani,filio,Par,ici,I-PERS:FILI,ADJ,Traiani,4,amod
807,filio,Parthici,divi,fil,lio,I-PERS:FILI,NOUN,Traiani,4,appos
807,divi,filio,Nervae,div,ivi,B-PERS:FILI,VERB,Traiani,4,amod
807,Nervae,divi,nepoti,Ner,vae,I-PERS:FILI,PROPN,Imperatori,1,dep
807,nepoti,Nervae,Traiano,nep,oti,I-PERS:FILI,NOUN,Nervae,8,appos
807,Traiano,nepoti,Hadriano,Tra,ano,B-PERS:NOMEN,PROPN,Imperatori,1,flat
807,Hadriano,Traiano,Augusto,Had,ano,B-PERS:COG,PROPN,Traiano,10,flat:name
807,Augusto,Hadriano,pontifici,Aug,sto,B-PERS:TITLE,PROPN,Traiano,10,flat
807,pontifici,Augusto,maximo,pon,ici,B-PERS:TITLE,NOUN,Imperatori,1,dep
807,maximo,pontifici,tribunicia,max,imo,I-PERS:TITLE,ADJ,potestate,16,amod
807,tribunicia,maximo,potestate,tri,cia,B-TITLE,ADJ,potestate,16,amod
807,potestate,tribunicia,XIII,pot,ate,I-TITLE,NOUN,pontifici,13,obl
807,XIII,potestate,consuli,XII,III,O,NUM,consuli,18,nummod
807,consuli,XIII,III,con,uli,B-TITLE,NOUN,Imperatori,1,conj
807,III,consuli,patri,III,III,O,NUM,equitata,27,nummod
807,patri,III,patriae,pat,tri,B-TITLE,NOUN,III,19,conj
807,patriae,patri,cohors,pat,iae,I-TITLE,ADJ,patri,20,nmod
807,cohors,patriae,VIII,coh,ors,O,NOUN,III,19,nsubj:pass
807,VIII,cohors,Raetorum,VII,III,O,NUM,III,19,conj
807,Raetorum,VIII,civium,Rae,rum,O,PROPN,civium,25,amod
807,civium,Raetorum,Romanorum,civ,ium,O,NOUN,VIII,23,nmod
807,Romanorum,civium,equitata,Rom,rum,O,PROPN,civium,25,amod
807,equitata,Romanorum,torquata,equ,ata,O,VERB,Imperatori,1,conj
807,torquata,equitata,<END>,tor,ata,O,ADJ,equitata,27,amod
537,Dis,<START>,Manibus,Dis,Dis,O,NOUN,Manibus,2,case
537,Manibus,Dis,Comunes,Man,bus,O,PROPN,vixit,4,obl
537,Comunes,Manibus,vixit,Com,nes,B-PERS,NOUN,Manibus,2,amod
537,vixit,Comunes,annos,vix,xit,O,VERB,vixit,4,ROOT
537,annos,vixit,IIII,ann,nos,O,NOUN,vixit,4,obj
537,IIII,annos,menses,III,III,O,NUM,annos,5,nummod
537,menses,IIII,VIIII,men,ses,O,NOUN,fecit,9,obl
537,VIIII,menses,fecit,VII,III,O,NUM,menses,7,nummod
537,fecit,VIIII,Restitutus,fec,cit,O,VERB,vixit,4,conj
537,Restitutus,fecit,pater,Res,tus,B-PERS,VERB,vixit,4,nsubj
537,pater,Restitutus,et,pat,ter,O,NOUN,Restitutus,10,appos
537,et,pater,mater,et,et,O,CCONJ,mater,13,cc
537,mater,et,Zosime,mat,ter,O,NOUN,Restitutus,10,conj
537,Zosime,mater,filio,Zos,ime,B-PERS,PROPN,mater,13,flat
537,filio,Zosime,suo,fil,lio,O,NOUN,Zosime,14,appos
537,suo,filio,pientissimo,suo,suo,O,PUNCT,filio,15,det
537,pientissimo,suo,isdem,pie,imo,O,ADJ,filio,15,nmod
537,isdem,pientissimo,sibi,isd,dem,O,DET,vixit,4,obl
537,sibi,isdem,<END>,sib,ibi,O,PRON,vixit,4,obl:arg
504,Hic,<START>,iacet,Hic,Hic,O,ADV,iacet,2,advmod:lmod
504,iacet,Hic,bene,iac,cet,O,VERB,iacet,2,ROOT
504,bene,iacet,meritus,ben,ene,O,ADV,meritus,4,advmod
504,meritus,bene,in,mer,tus,O,VERB,iacet,2,advcl:pred
504,in,meritus,pace,in,in,O,ADP,pace,14,case
504,pace,in,Bonifatius,pac,ace,O,PUNCT,depositus,12,obl
504,Bonifatius,pace,qui,Bon,ius,B-PERS,PROPN,iacet,2,nsubj
504,qui,Bonifatius,vixit,qui,qui,O,PUNCT,vixit,9,nsubj
504,vixit,qui,annis,vix,xit,O,VERB,Bonifatius,7,acl:relcl
504,annis,vixit,XXXV,ann,nis,O,NOUN,vixit,9,obl
504,XXXV,annis,depositus,XXX,XXV,O,NUM,annis,10,nummod
504,depositus,XXXV,in,dep,tus,O,VERB,iacet,2,advcl
504,in,depositus,pace,in,in,O,ADP,pace,14,case
504,pace,in,IIII,pac,ace,O,PUNCT,depositus,12,obl
504,IIII,pace,Nonas,III,III,O,NUM,depositus,12,obl:tmod
504,Nonas,IIII,Iulias,Non,nas,O,NOUN,IIII,15,nmod
504,Iulias,Nonas,Rufio,Iul,ias,O,PROPN,Nonas,16,amod
504,Rufio,Iulias,Postumio,Ruf,fio,B-PERS:PRAE,PROPN,consule,23,nsubj
504,Postumio,Rufio,Festo,Pos,mio,B-PERS:NOMEN,PROPN,Rufio,18,flat:name
504,Festo,Postumio,viro,Fes,sto,B-PERS:COG,PROPN,Rufio,18,flat:name
504,viro,Festo,clarissimo,vir,iro,O,NOUN,Rufio,18,appos
504,clarissimo,viro,consule,cla,imo,O,ADJ,viro,21,amod
504,consule,clarissimo,<END>,con,ule,O,NOUN,depositus,12,advcl:abs
738,Dis,<START>,Manibus,Dis,Dis,O,NOUN,Manibus,2,case
738,Manibus,Dis,Aeliae,Man,bus,O,PROPN,fecit,14,dislocated
738,Aeliae,Manibus,Tyche,Ael,iae,B-PERS:NOMEN,PROPN,Manibus,2,nmod
738,Tyche,Aeliae,quae,Tyc,che,B-PERS:COG,PROPN,Aeliae,3,amod
738,quae,Tyche,vixit,qua,uae,O,PRON,vixit,6,nsubj
738,vixit,quae,annos,vix,xit,O,VERB,Tyche,4,acl:relcl
738,annos,vixit,XXI,ann,nos,O,NOUN,vixit,6,obj
738,XXI,annos,Celer,XXI,XXI,O,NUM,annos,7,nummod
738,Celer,XXI,Augusti,Cel,ler,O,ADV,libertus,11,amod
738,Augusti,Celer,libertus,Aug,sti,O,PROPN,libertus,11,nmod
738,libertus,Augusti,bene,lib,tus,O,NOUN,fecit,14,nsubj
738,bene,libertus,merenti,ben,ene,O,ADV,merenti,13,advmod
738,merenti,bene,fecit,mer,nti,O,ADJ,fecit,14,dep
738,fecit,merenti,<END>,fec,cit,O,VERB,fecit,14,ROOT
560,ddominis,<START>,nnostris,ddo,nis,O,NOUN,is,10,dep
560,nnostris,ddominis,Valente,nno,ris,O,DET,ddominis,1,amod
560,Valente,nnostris,et,Val,nte,B-PERS,VERB,ddominis,1,flat
560,et,Valente,Valentiniano,et,et,O,CCONJ,Valentiniano,5,cc
560,Valentiniano,et,Auggustis,Val,ano,B-PERS,PROPN,Valente,3,conj
560,Auggustis,Valentiniano,solium,Aug,tis,B-PERS:TITLE,NOUN,solium,7,nmod
560,solium,Auggustis,aestivBalium,sol,ium,O,NOUN,thermarum,9,nmod
560,aestivBalium,solium,thermarum,aes,ium,O,X,solium,7,amod
560,thermarum,aestivBalium,is,the,rum,O,NOUN,Valente,3,conj
560,is,thermarum,ut,is,is,O,PUNCT,is,10,ROOT
560,ut,is,puro,ut,ut,O,SCONJ,redderetur,15,mark
560,puro,ut,fonte,pur,uro,O,ADJ,fonte,13,amod
560,fonte,puro,pulchrior,fon,nte,O,NOUN,redderetur,15,obl
560,pulchrior,fonte,redderetur,pul,ior,O,ADJ,aspectus,16,amod
560,redderetur,pulchrior,aspectus,red,tur,O,VERB,is,10,ccomp
560,aspectus,redderetur,<END>,asp,tus,O,NOUN,redderetur,15,nsubj:pass
545,Dis,<START>,Manibus,Dis,Dis,O,NOUN,Manibus,2,case
545,Manibus,Dis,nniae,Man,bus,O,PROPN,fecit,9,obl
545,nniae,Manibus,Helvidiae,nni,iae,B-PERS:NOMEN,NOUN,coniugi,5,amod
545,Helvidiae,nniae,coniugi,Hel,iae,B-PERS:COG,PROPN,coniugi,5,amod
545,coniugi,Helvidiae,sanctissimae,con,ugi,O,NOUN,fecit,9,obl:arg
545,sanctissimae,coniugi,et,san,mae,O,ADJ,coniugi,5,amod
545,et,sanctissimae,incomparabili,et,et,O,CCONJ,Publio,23,cc
545,incomparabili,et,fecit,inc,ili,O,ADJ,sanctissimae,6,conj
545,fecit,incomparabili,Publius,fec,cit,O,VERB,fecit,9,ROOT
545,Publius,fecit,Arrenius,Pub,ius,B-PERS:PRAE,PROPN,fecit,9,nsubj
545,Arrenius,Publius,Gemellinus,Arr,ius,B-PERS:NOMEN,PROPN,Publius,10,flat:name
545,Gemellinus,Arrenius,de,Gem,nus,B-PERS:COG,ADJ,Publius,10,flat:name
545,de,Gemellinus,se,de,de,O,ADP,se,14,case
545,se,de,bene,se,se,O,PRON,merenti,16,obl
545,bene,se,merenti,ben,ene,O,ADV,merenti,16,advmod
545,merenti,bene,cumON,mer,nti,O,ADJ,fecit,9,advcl:abs
545,cumON,merenti,qua,cum,mON,O,X,fecit,9,obl:tmod
545,qua,cumON,vixit,qua,qua,O,PRON,vixit,19,obl
545,vixit,qua,annis,vix,xit,O,VERB,fecit,9,acl:relcl
545,annis,vixit,XI,ann,nis,O,NOUN,vixit,31,obl
545,XI,annis,et,XI,XI,O,NUM,annis,20,nummod
545,et,XI,Publio,et,et,O,CCONJ,Publio,23,cc
545,Publio,et,Aelio,Pub,lio,B-PERS:PRAE,PROPN,vixit,19,conj
545,Aelio,Publio,Filarguro,Ael,lio,B-PERS:NOMEN,PROPN,Publio,23,flat:name
545,Filarguro,Aelio,marito,Fil,uro,B-PERS:COG,NOUN,Publio,23,flat:name
545,marito,Filarguro,virginio,mar,ito,O,NOUN,Publio,23,appos
545,virginio,marito,aeius,vir,nio,O,NOUN,marito,26,amod
545,aeius,virginio,cuOm,aei,ius,O,NOUN,marito,26,nmod
545,cuOm,aeius,quo,cuO,uOm,O,NOUN,fecit,9,advmod
545,quo,cuOm,vixit,quo,quo,O,ADV,vixit,31,obl
545,vixit,quo,annis,vix,xit,O,VERB,fecit,9,acl:relcl
545,annis,vixit,XXI,ann,nis,O,NOUN,vixit,31,obl
545,XXI,annis,<END>,XXI,XXI,O,NUM,annis,32,nummod
357,Dis,<START>,Manibus,Dis,Dis,O,NOUN,Manibus,2,case
357,Manibus,Dis,Gaio,Man,bus,O,PROPN,fecerunt,10,obl
357,Gaio,Manibus,Geminio,Gai,aio,B-PERS:PRAE,PROPN,Manibus,2,flat
357,Geminio,Gaio,Felicissimo,Gem,nio,B-PERS:NOMEN,PROPN,Gaio,3,flat:name
357,Felicissimo,Geminio,filio,Fel,imo,B-PERS:COG,ADJ,Gaio,3,flat:name
357,filio,Felicissimo,karissimo,fil,lio,O,NOUN,Gaio,3,appos
357,karissimo,filio,parentes,kar,imo,O,ADJ,filio,6,amod
357,parentes,karissimo,infelicissimi,par,tes,O,NOUN,fecerunt,10,obj
357,infelicissimi,parentes,fecerunt,inf,imi,O,ADJ,fecerunt,10,xcomp
357,fecerunt,infelicissimi,qui,fec,unt,O,VERB,fecerunt,10,ROOT
357,qui,fecerunt,vixit,qui,qui,O,PUNCT,vixit,12,nsubj
357,vixit,qui,annis,vix,xit,O,VERB,parentes,8,acl:relcl
357,annis,vixit,X,ann,nis,O,NOUN,vixit,12,obl
357,X,annis,mense,X,X,O,NUM,annis,13,nummod
357,mense,X,I,men,nse,O,NOUN,vixit,12,obl
357,I,mense,diebus,I,I,O,NUM,mense,15,amod
357,diebus,I,XVIII,die,bus,O,NOUN,vixit,12,obl
357,XVIII,diebus,<END>,XVI,III,O,NUM,diebus,17,nummod
207,Misaucio,<START>,Valenti,Mis,cio,B-PERS:NOMEN,PROPN,militavit,11,obl
207,Valenti,Misaucio,militi,Val,nti,B-PERS:COG,NUM,Misaucio,1,nmod
207,militi,Valenti,classis,mil,iti,O,NOUN,Misaucio,1,appos
207,classis,militi,praetoriae,cla,sis,O,NOUN,Misaucio,1,nmod
207,praetoriae,classis,Misenensis,pra,iae,B-TITLE,ADJ,classis,4,amod
207,Misenensis,praetoriae,IIItriere,Mis,sis,O,ADJ,Misaucio,1,conj
207,IIItriere,Misenensis,Cupidine,III,ere,O,NUM,Misaucio,1,conj
207,Cupidine,IIItriere,natione,Cup,ine,O,PROPN,IIItriere,7,conj
207,natione,Cupidine,DaElmata,nat,one,O,NOUN,Cupidine,8,flat
207,DaElmata,natione,militavit,DaE,ata,O,X,militavit,11,nsubj
207,militavit,DaElmata,annos,mil,vit,O,VERB,militavit,11,ROOT
207,annos,militavit,XXI,ann,nos,O,NOUN,vixit,14,obj
207,XXI,annos,vixit,XXI,XXI,O,NUM,annos,12,nummod
207,vixit,XXI,annos,vix,xit,O,VERB,militavit,11,conj
207,annos,vixit,XXXX,ann,nos,O,NOUN,vixit,14,obj
207,XXXX,annos,Cattius,XXX,XXX,O,NUM,annos,15,nummod
207,Cattius,XXXX,Vitalis,Cat,ius,B-PERS:NOMEN,PROPN,DaElmata,10,appos
207,Vitalis,Cattius,heres,Vit,lis,B-PERS:COG,ADJ,Cattius,17,appos
207,heres,Vitalis,<END>,her,res,O,NOUN,Vitalis,18,appos
889,Deo,<START>,Cosi,Deo,Deo,O,NOUN,solvit,6,obl
889,Cosi,Deo,io,Cos,osi,O,ADJ,Deo,1,appos
889,io,Cosi,Marti,io,io,O,PUNCT,Cosi,2,det
889,Marti,io,votum,Mar,rti,O,PROPN,Cosi,2,amod
889,votum,Marti,solvit,vot,tum,O,NOUN,solvit,6,obj
889,solvit,votum,libens,sol,vit,O,VERB,solvit,6,ROOT
889,libens,solvit,merito,lib,ens,O,ADJ,solvit,6,advcl:pred
889,merito,libens,<END>,mer,ito,O,VERB,solvit,6,advcl:abs
612,Dis,<START>,Manibus,Dis,Dis,O,NOUN,Manibus,2,case
612,Manibus,Dis,Lucio,Man,bus,O,PROPN,Manibus,2,ROOT
612,Lucio,Manibus,Aurelio,Luc,cio,B-PERS:PRAE,PROPN,Manibus,2,conj
612,Aurelio,Lucio,Olympiano,Aur,lio,B-PERS:NOMEN,PROPN,Lucio,3,flat:name
612,Olympiano,Aurelio,veterano,Oly,ano,B-PERS:COG,ADJ,Lucio,3,flat:name
612,veterano,Olympiano,Augusti,vet,ano,O,ADJ,Lucio,3,amod
612,Augusti,veterano,nostri,Aug,sti,O,PROPN,Lucio,3,nmod
612,nostri,Augusti,Aurelii,nos,tri,O,DET,Augusti,7,det
612,Aurelii,nostri,Olympias,Aur,lii,B-PERS:NOMEN,PROPN,Lucio,3,conj
612,Olympias,Aurelii,et,Oly,ias,B-PERS:COG,PROPN,Manibus,2,conj
612,et,Olympias,Olympiania,et,et,O,CCONJ,Olympiania,12,cc
612,Olympiania,et,<END>,Oly,nia,B-PERS,ADJ,Olympias,10,conj
712,Cai,<START>,liberta,Cai,Cai,B-PERS:FILI,PROPN,precor,16,nmod
712,liberta,Cai,Fortunata,lib,rta,I-PERS:FILI,NOUN,Cai,1,appos
712,Fortunata,liberta,annorum,For,ata,B-PERS:COG,PROPN,liberta,2,flat
712,annorum,Fortunata,hic,ann,rum,O,NOUN,Cai,1,nmod
712,hic,annorum,sita,hic,hic,O,ADV,sita,6,advmod:lmod
712,sita,hic,est,sit,ita,O,ADJ,Cai,1,acl
712,est,sita,XIIX,est,est,O,AUX,quibus,38,cop
712,XIIX,est,si,XII,IIX,O,NUM,sita,6,obl
712,si,XIIX,pietas,si,si,O,SCONJ,prodest,11,mark
712,pietas,si,prodest,pie,tas,O,NOUN,prodest,11,nsubj
712,prodest,pietas,cuiquam,pro,est,O,VERB,Cai,1,advcl
712,cuiquam,prodest,vixisse,cui,uam,O,PRON,vixisse,13,obl:arg
712,vixisse,cuiquam,modeste,vix,sse,O,VERB,precor,16,ccomp
712,modeste,vixisse,vos,mod,ste,O,ADJ,vixisse,13,advmod
712,vos,modeste,precor,vos,vos,O,NOUN,vixisse,13,nsubj
712,precor,vos,o,pre,cor,O,VERB,precor,16,ROOT
712,o,precor,Manes,o,o,O,PUNCT,Manes,18,advmod:emph
712,Manes,o,sit,Man,nes,O,PROPN,precor,16,dep
712,sit,Manes,mihi,sit,sit,O,AUX,mihi,20,cop
712,mihi,sit,terra,mih,ihi,O,PRON,precor,16,dep
712,terra,mihi,levis,ter,rra,O,NOUN,mihi,20,nsubj
712,levis,terra,libertas,lev,vis,O,ADJ,libertas,23,amod
712,libertas,levis,cui,lib,tas,O,NOUN,terra,21,appos
712,cui,libertas,olim,cui,cui,O,PUNCT,promissa,27,obl:arg
712,olim,cui,fuerat,oli,lim,O,ADV,promissa,27,advmod:tmod
712,fuerat,olim,promissa,fue,rat,O,AUX,promissa,27,aux:pass
712,promissa,fuerat,sedT,pro,ssa,O,VERB,libertas,23,acl:relcl
712,sedT,promissa,ante,sed,edT,O,CCONJ,venit,33,cc
712,ante,sedT,ditis,ant,nte,O,ADV,ditis,30,case
712,ditis,ante,sub,dit,tis,O,VERB,venit,33,obl
712,sub,ditis,fatum,sub,sub,O,ADP,fatum,32,case
712,fatum,sub,venit,fat,tum,O,NOUN,venit,33,obl
712,venit,fatum,in,ven,nit,O,VERB,precor,16,conj
712,in,venit,arbitrium,in,in,O,ADP,HIllyUricum,48,case
712,arbitrium,in,vivite,arb,ium,O,NOUN,venit,33,obl
712,vivite,arbitrium,felices,viv,ite,O,ADV,felices,37,amod
712,felices,vivite,quibus,fel,ces,O,ADJ,quibus,38,nsubj
712,quibus,felices,est,qui,bus,O,PRON,venit,33,appos
712,est,quibus,Fortuna,est,est,O,AUX,quibus,38,cop
712,Fortuna,est,superstes,For,una,O,PROPN,superstes,41,nsubj
712,superstes,Fortuna,spemNque,sup,tes,O,ADJ,quibus,38,acl:relcl
712,spemNque,superstes,meam,spe,que,O,ADV,,-1,
712,meam,spemNque,oppressit,mea,eam,O,DET,fatus,46,det
712,oppressit,meam,fatus,opp,sit,O,VERB,venit,33,conj
712,fatus,oppressit,in,fat,tus,O,VERB,oppressit,45,obj
712,in,fatus,HIllyUricum,in,in,O,ADP,HIllyUricum,48,case
712,HIllyUricum,in,<END>,HIl,cum,B-LOC,PROPN,oppressit,45,obl
532,Iulius,<START>,Luci,Iul,ius,B-PERS:NOMEN,PROPN,Iulius,1,ROOT
532,Luci,Iulius,filius,Luc,uci,B-PERS:FILI,PROPN,filius,3,nmod
532,filius,Luci,pius,fil,ius,I-PERS:FILI,NOUN,Iulius,1,appos
532,pius,filius,vixit,piu,ius,B-PERS:COG,ADJ,vixit,5,xcomp
532,vixit,pius,annos,vix,xit,O,VERB,Iulius,1,acl
532,annos,vixit,XX,ann,nos,O,NOUN,vixit,5,obj
532,XX,annos,hic,XX,XX,O,NUM,annos,6,nummod
532,hic,XX,situs,hic,hic,O,ADV,situs,9,nsubj
532,situs,hic,est,sit,tus,O,NOUN,Iulius,1,acl:relcl
532,est,situs,<END>,est,est,O,AUX,situs,9,aux:pass
260,Anthimo,<START>,subprocuratore,Ant,imo,B-PERS,PROPN,Anthimo,1,ROOT
260,subprocuratore,Anthimo,universis,sub,ore,B-TITLE,NOUN,Anthimo,1,appos
260,universis,subprocuratore,libertis,uni,sis,O,NOUN,libertis,4,amod
260,libertis,universis,domus,lib,tis,O,ADJ,agentes,8,obl
260,domus,libertis,Augustanae,dom,mus,O,NOUN,agentes,8,nmod
260,Augustanae,domus,gratias,Aug,nae,O,ADJ,domus,5,amod
260,gratias,Augustanae,agentes,gra,ias,O,NOUN,agentes,8,obj
260,agentes,gratias,<END>,age,tes,O,NOUN,Anthimo,1,acl
154,Cnaei,<START>,Capri,Cna,aei,B-PERS:PRAE,PROPN,Cnaei,6,conj
154,Capri,Cnaei,A,Cap,pri,B-PERS:NOMEN,PROPN,Cnaei,6,appos
154,A,Capri,Quinti,A,A,B-PERS:COG,ADP,Cnaei,1,dep
154,Quinti,A,filii,Qui,nti,B-PERS:FILI,PROPN,A,3,nmod
154,filii,Quinti,Cnaei,fil,lii,I-PERS:FILI,NOUN,Quinti,4,appos
154,Cnaei,filii,Capri,Cna,aei,B-PERS:NOMEN,PROPN,Cnaei,6,conj
154,Capri,Cnaei,Cnaei,Cap,pri,B-PERS:COG,PROPN,Cnaei,6,appos
154,Cnaei,Capri,e,Cna,aei,B-PERS:FILI,PROPN,Cnaei,6,conj
154,e,Cnaei,Fero,e,e,O,CCONJ,Fero,10,cc
154,Fero,e,<END>,Fer,ero,B-PERS,VERB,Cnaei,8,conj
853,Quintus,<START>,Aurelius,Qui,tus,B-PERS:PRAE,PROPN,solvit,8,nsubj
853,Aurelius,Quintus,Quinti,Aur,ius,B-PERS:NOMEN,PROPN,Quintus,1,flat:name
853,Quinti,Aurelius,filius,Qui,nti,B-PERS:FILI,PROPN,filius,4,nmod
853,filius,Quinti,Optatus,fil,ius,I-PERS:FILI,NOUN,Quintus,1,appos
853,Optatus,filius,Matronis,Opt,tus,B-PERS:COG,VERB,Matronis,6,acl
853,Matronis,Optatus,votum,Mat,nis,O,PROPN,solvit,8,dep
853,votum,Matronis,solvit,vot,tum,O,NOUN,solvit,8,obj
853,solvit,votum,libens,sol,vit,O,VERB,solvit,8,ROOT
853,libens,solvit,merito,lib,ens,O,ADJ,solvit,8,advcl:pred
853,merito,libens,<END>,mer,ito,O,VERB,libens,9,obl
64,vixit,<START>,annos,vix,xit,O,VERB,vixit,1,ROOT
64,annos,vixit,XXI,ann,nos,O,NOUN,vixit,1,obj
64,XXI,annos,Marcus,XXI,XXI,O,NUM,vixit,1,dislocated
64,Marcus,XXI,Ve,Mar,cus,B-PERS,PROPN,faciendum,12,nsubj
64,Ve,Marcus,centurio,Ve,Ve,O,CCONJ,Marcus,4,flat:name
64,centurio,Ve,legionis,cen,rio,O,NOUN,Marcus,4,appos
64,legionis,centurio,XI,leg,nis,O,NOUN,centurio,6,nmod
64,XI,legionis,Claudiae,XI,XI,O,NUM,legionis,7,nummod
64,Claudiae,XI,coniugi,Cla,iae,O,PROPN,legionis,7,nmod
64,coniugi,Claudiae,pientissimae,con,ugi,O,NOUN,Marcus,4,appos
64,pientissimae,coniugi,faciendum,pie,mae,O,ADJ,coniugi,10,amod
64,faciendum,pientissimae,curavit,fac,dum,O,VERB,curavit,13,ccomp
64,curavit,faciendum,<END>,cur,vit,O,VERB,vixit,1,ccomp
435,Datiscolus,<START>,qui,Dat,lus,B-PERS,PROPN,Datiscolus,1,ROOT
435,qui,Datiscolus,vBixit,qui,qui,O,PUNCT,fecit,9,nsubj
435,vBixit,qui,annis,vBi,xit,O,NUM,Datiscolus,1,acl:relcl
435,annis,vBixit,XXIV,ann,nis,O,NOUN,fecit,9,obj
435,XXIV,annis,inM,XXI,XIV,O,NUM,annis,4,nummod
435,inM,XXIV,pace,inM,inM,O,ADP,Datiscolus,1,amod
435,pace,inM,qui,pac,ace,O,PUNCT,Datiscolus,1,nmod
435,qui,pace,fecit,qui,qui,O,PUNCT,fecit,9,nsubj
435,fecit,qui,cum,fec,cit,O,VERB,pace,7,acl:relcl
435,cum,fecit,uxore,cum,cum,O,ADP,uxore,11,case
435,uxore,cum,annis,uxo,ore,O,NOUN,fecit,9,obl
435,annis,uxore,V,ann,nis,O,NOUN,fecit,9,obj
435,V,annis,mensibus,V,V,O,,annis,12,nummod
435,mensibus,V,VI,men,bus,O,NOUN,fecit,9,obl
435,VI,mensibus,<END>,VI,VI,O,NUM,mensibus,14,nummod
340,Iuliae,<START>,Domnae,Iul,iae,B-PERS:NOMEN,PROPN,Iuliae,1,ROOT
340,Domnae,Iuliae,Augustae,Dom,nae,B-PERS:COG,NOUN,Iuliae,1,flat:name
340,Augustae,Domnae,matri,Aug,tae,B-PERS:TITLE,PROPN,Domnae,2,flat:name
340,matri,Augustae,castrorum,mat,tri,O,NOUN,Iuliae,1,appos
340,castrorum,matri,Imperatoris,cas,rum,O,NOUN,matri,4,nmod
340,Imperatoris,castrorum,Caesaris,Imp,ris,B-PERS:TITLE,NOUN,coniugi,21,nmod
340,Caesaris,Imperatoris,Luci,Cae,ris,B-PERS:TITLE,PROPN,Imperatoris,22,nmod
340,Luci,Caesaris,Septimi,Luc,uci,B-PERS:PRAE,PROPN,Imperatoris,6,conj
340,Septimi,Luci,Severi,Sep,imi,B-PERS:NOMEN,PROPN,Luci,8,flat:name
340,Severi,Septimi,Pii,Sev,eri,B-PERS:COG,PROPN,Luci,8,conj
340,Pii,Severi,Pertinacis,Pii,Pii,B-PERS:AG,PROPN,Luci,8,conj
340,Pertinacis,Pii,Augusti,Per,cis,B-PERS:AG,PROPN,Pii,11,flat:name
340,Augusti,Pertinacis,Arabici,Aug,sti,B-PERS:TITLE,PROPN,Pii,11,nmod
340,Arabici,Augusti,Adiabenici,Ara,ici,B-PERS:AG,ADJ,Iuliae,1,conj
340,Adiabenici,Arabici,Parthici,Adi,ici,B-PERS:AG,PROPN,Iuliae,1,conj
340,Parthici,Adiabenici,maximi,Par,ici,B-PERS:AG,ADJ,Adiabenici,15,amod
340,maximi,Parthici,fortissimi,max,imi,I-PERS:AG,ADJ,coniugi,21,amod
340,fortissimi,maximi,ac,for,imi,O,ADJ,coniugi,21,amod
340,ac,fortissimi,felicissimi,ac,ac,O,CCONJ,felicissimi,20,cc
340,felicissimi,ac,coniugi,fel,imi,O,ADJ,fortissimi,18,conj
340,coniugi,felicissimi,Imperatoris,con,ugi,O,NOUN,Iuliae,1,appos
340,Imperatoris,coniugi,Caesaris,Imp,ris,B-PERS:TITLE,NOUN,coniugi,21,nmod
340,Caesaris,Imperatoris,Marci,Cae,ris,B-PERS:TITLE,PROPN,Imperatoris,22,nmod
340,Marci,Caesaris,Aureli,Mar,rci,B-PERS:PRAE,PROPN,coniugi,21,nmod
340,Aureli,Marci,Antonini,Aur,eli,B-PERS:NOMEN,PROPN,Marci,24,flat:name
340,Antonini,Aureli,<END>,Ant,ini,B-PERS:COG,PROPN,Marci,24,flat:name
514,Marcia,<START>,Zosima,Mar,cia,B-PERS:NOMEN,PROPN,sita,6,parataxis
514,Zosima,Marcia,Marci,Zos,ima,B-PERS:COG,PROPN,Marcia,1,flat
514,Marci,Zosima,Avilii,Mar,rci,B-PERS:FILI,PROPN,Marcia,1,nmod
514,Avilii,Marci,hic,Avi,lii,I-PERS:FILI,PROPN,Marci,3,flat:name
514,hic,Avilii,sita,hic,hic,O,ADV,sita,6,advmod:lmod
514,sita,hic,est,sit,ita,O,ADJ,sita,6,ROOT
514,est,sita,sit,est,est,O,AUX,sita,6,aux:pass
514,sit,est,tibi,sit,sit,O,AUX,sita,6,aux:pass
514,tibi,sit,terra,tib,ibi,O,PRON,sita,6,obl
514,terra,tibi,levis,ter,rra,O,NOUN,sita,6,nsubj:pass
514,levis,terra,<END>,lev,vis,O,ADJ,terra,10,amod
749,aeternum,<START>,o,aet,num,O,ADJ,aetat,5,obj
749,o,aeternum,tardius,o,o,O,PUNCT,aetat,5,advmod:emph
749,tardius,o,ustus,tar,ius,O,ADV,ustus,4,advmod
749,ustus,tardius,aetat,ust,tus,O,VERB,aetat,5,nsubj
749,aetat,ustus,a,aet,tat,O,VERB,aetat,5,ROOT
749,a,aetat,tempora,a,a,O,ADP,tempora,7,case
749,tempora,a,<END>,tem,ora,O,NOUN,aetat,5,obl:arg
488,Hic,<START>,in,Hic,Hic,O,ADV,requiescit,4,advmod:lmod
488,in,Hic,pace,in,in,O,ADP,pace,3,case
488,pace,in,requiescit,pac,ace,O,PUNCT,requiescit,4,obl
488,requiescit,pace,bonae,req,cit,O,VERB,requiescit,4,ROOT
488,bonae,requiescit,memoriae,bon,nae,O,ADJ,memoriae,6,amod
488,memoriae,bonae,Procula,mem,iae,O,NOUN,Procula,7,nmod
488,Procula,memoriae,quae,Pro,ula,B-PERS,PROPN,requiescit,4,nsubj
488,quae,Procula,vixit,qua,uae,O,PRON,vixit,9,nsubj
488,vixit,quae,plus,vix,xit,O,VERB,Procula,7,acl:relcl
488,plus,vixit,miEnos,plu,lus,O,ADV,annos,12,dep
488,miEnos,plus,annos,miE,nos,O,INTJ,plus,10,obl:arg
488,annos,miEnos,LV,ann,nos,O,NOUN,vixit,9,obl
488,LV,annos,et,LV,LV,O,NUM,Procula,7,acl:relcl
488,et,LV,obiiEt,et,et,O,CCONJ,obiiEt,15,cc
488,obiiEt,et,sub,obi,iEt,O,VERB,Procula,7,conj
488,sub,obiiEt,die,sub,sub,O,ADP,die,17,case
488,die,sub,Nonas,die,die,O,PUNCT,die,17,ROOT
488,Nonas,die,Octobres,Non,nas,O,NOUN,die,17,nmod
488,Octobres,Nonas,<END>,Oct,res,O,ADJ,Nonas,18,amod
525,Ceioniae,<START>,Luci,Cei,iae,B-PERS:NOMEN,PROPN,Ceioniae,1,ROOT
525,Luci,Ceioniae,Aeli,Luc,uci,B-PERS:FILI,PROPN,Ceioniae,1,conj
525,Aeli,Luci,Caesaris,Ael,eli,I-PERS:FILI,PROPN,Luci,2,flat:name
525,Caesaris,Aeli,filiae,Cae,ris,I-PERS:FILI,PROPN,Luci,2,flat:name
525,filiae,Caesaris,Plautiae,fil,iae,I-PERS:FILI,NOUN,Luci,2,appos
525,Plautiae,filiae,Quinti,Pla,iae,B-PERS:COG,PROPN,Luci,2,flat:name
525,Quinti,Plautiae,Servili,Qui,nti,B-PERS:PRAE,PROPN,Luci,2,conj
525,Servili,Quinti,Pudentis,Ser,ili,B-PERS:NOMEN,PROPN,Quinti,7,flat:name
525,Pudentis,Servili,decreto,Pud,tis,B-PERS:COG,PROPN,Quinti,7,flat:name
525,decreto,Pudentis,decurionum,dec,eto,O,NOUN,Ceioniae,1,conj
525,decurionum,decreto,pecunia,dec,num,O,NOUN,decreto,10,nmod
525,pecunia,decurionum,publica,pec,nia,O,NOUN,decreto,10,conj
525,publica,pecunia,<END>,pub,ica,O,ADJ,pecunia,12,amod
894,Imperatori,<START>,Caesari,Imp,ori,B-PERS:TITLE,NOUN,Caesari,2,dislocated
894,Caesari,Imperatori,Caio,Cae,ari,B-PERS:TITLE,PROPN,Caesari,2,ROOT
894,Caio,Caesari,Invicto,Cai,aio,B-PERS:NOMEN,PROPN,Caesari,2,conj
894,Invicto,Caio,Pio,Inv,cto,B-PERS:COG,ADJ,Caio,3,flat:name
894,Pio,Invicto,Felici,Pio,Pio,B-PERS:AG,PROPN,Caesari,2,conj
894,Felici,Pio,Augusto,Fel,ici,B-PERS:AG,PROPN,Pio,5,flat:name
894,Augusto,Felici,pontifici,Aug,sto,B-PERS:TITLE,PROPN,Caesari,2,conj
894,pontifici,Augusto,maximo,pon,ici,B-TITLE,NOUN,Augusto,7,conj
894,maximo,pontifici,tribuniciae,max,imo,I-TITLE,ADJ,potestatis,11,amod
894,tribuniciae,maximo,potestatis,tri,iae,B-TITLE,ADJ,potestatis,11,amod
894,potestatis,tribuniciae,patri,pot,tis,B-TITLE,NOUN,Augusto,7,conj
894,patri,potestatis,patriae,pat,tri,B-TITLE,NOUN,Augusto,7,conj
894,patriae,patri,proconsuli,pat,iae,I-TITLE,ADJ,patri,12,nmod
894,proconsuli,patriae,legio,pro,uli,O,NOUN,patri,12,nmod
894,legio,proconsuli,II,leg,gio,O,NOUN,Caesari,2,conj
894,II,legio,Adiutrix,II,II,O,NUM,legio,15,nummod
894,Adiutrix,II,Pia,Adi,rix,O,ADJ,Caesari,2,conj
894,Pia,Adiutrix,Fidelis,Pia,Pia,O,PROPN,Adiutrix,17,appos
894,Fidelis,Pia,LI,Fid,lis,O,ADJ,Adiutrix,17,amod
894,LI,Fidelis,ab,LI,LI,O,NUM,Adiutrix,17,orphan
894,ab,LI,Aquinco,ab,ab,O,ADP,Aquinco,22,case
894,Aquinco,ab,milia,Aqu,nco,B-LOC,PROPN,LI,20,nmod
894,milia,Aquinco,passuum,mil,lia,O,NUM,Adiutrix,17,nummod
894,passuum,milia,III,pas,uum,O,NOUN,milia,23,nmod
894,III,passuum,<END>,III,III,O,NUM,milia,23,nummod
953,Cnaeus,<START>,Flavius,Cna,eus,B-PERS:NOMEN,PROPN,Cnaeus,1,ROOT
953,Flavius,Cnaeus,Marci,Fla,ius,B-PERS:COG,PROPN,Cnaeus,1,flat:name
953,Marci,Flavius,filius,Mar,rci,B-PERS:FILI,PROPN,filius,8,nmod
953,filius,Marci,Caius,fil,ius,I-PERS:FILI,NOUN,Caius,5,appos
953,Caius,filius,Nummius,Cai,ius,B-PERS:PRAE,PROPN,Cnaeus,1,conj
953,Nummius,Caius,Marci,Num,ius,B-PERS:NOMEN,PROPN,Caius,5,flat:name
953,Marci,Nummius,filius,Mar,rci,B-PERS:FILI,PROPN,filius,8,nmod
953,filius,Marci,Lepidus,fil,ius,I-PERS:FILI,NOUN,Caius,5,appos
953,Lepidus,filius,quaestores,Lep,dus,B-PERS:COG,PROPN,Cnaeus,1,conj
953,quaestores,Lepidus,decreto,qua,res,B-TITLE,NOUN,Cnaeus,1,conj
953,decreto,quaestores,decurionum,dec,eto,O,NOUN,Cnaeus,1,obl
953,decurionum,decreto,<END>,dec,num,O,NOUN,decreto,11,nmod
187,Dis,<START>,Manibus,Dis,Dis,O,NOUN,Manibus,2,case
187,Manibus,Dis,Ulpiae,Man,bus,O,PROPN,fecit,5,obl
187,Ulpiae,Manibus,Donatae,Ulp,iae,B-PERS:NOMEN,PROPN,Manibus,2,nmod
187,Donatae,Ulpiae,fecit,Don,tae,B-PERS:COG,VERB,Ulpiae,3,nmod
187,fecit,Donatae,Abinneric,fec,cit,O,VERB,fecit,5,ROOT
187,Abinneric,fecit,hus,Abi,ric,B-PERS,PROPN,fecit,5,nsubj
187,hus,Abinneric,Caesaris,hus,hus,O,NOUN,fecit,5,obj
187,Caesaris,hus,nostri,Cae,ris,O,PROPN,servus,10,nmod
187,nostri,Caesaris,servus,nos,tri,O,DET,servus,10,det
187,servus,nostri,coniugi,ser,vus,O,NOUN,hus,7,appos
187,coniugi,servus,suae,con,ugi,O,NOUN,merenti,14,obl:arg
187,suae,coniugi,bene,sua,uae,O,DET,coniugi,11,det
187,bene,suae,merenti,ben,ene,O,ADV,merenti,14,advmod
187,merenti,bene,et,mer,nti,O,ADJ,servus,10,acl
187,et,merenti,sibi,et,et,O,CCONJ,libertabus,18,cc
187,sibi,et,libertis,sib,ibi,O,PRON,libertabus,18,obl:arg
187,libertis,sibi,libertabusque,lib,tis,O,ADJ,libertabus,18,obl
187,libertabusque,libertis,posterisque,lib,que,O,VERB,,-1,
187,posterisque,libertabusque,eorum,pos,que,O,NOUN,,-1,
187,eorum,posterisque,in,eor,rum,O,PRON,que,21,nmod
187,in,eorum,fronte,in,in,O,ADP,agro,29,case
187,fronte,in,pedes,fro,nte,O,NOUN,pedes,25,obl:lmod
187,pedes,fronte,II,ped,des,O,X,fecit,5,conj
187,II,pedes,semis,II,II,O,NUM,pedes,25,nummod
187,semis,II,in,sem,mis,O,NOUN,II,26,nmod
187,in,semis,agro,in,in,O,ADP,agro,29,case
187,agro,in,pedes,agr,gro,O,NOUN,pedes,25,conj
187,pedes,agro,VI,ped,des,O,X,fecit,5,conj
187,VI,pedes,<END>,VI,VI,O,NUM,pedes,30,nummod
674,ioniae,<START>,mulieris,ion,iae,B-PERS,ADJ,ioniae,1,ROOT
674,mulieris,ioniae,libertae,mul,ris,O,NOUN,ioniae,1,conj
674,libertae,mulieris,Primae,lib,tae,O,NOUN,mulieris,2,appos
674,Primae,libertae,cta,Pri,mae,B-PERS,ADJ,cta,5,amod
674,cta,Primae,Scanti,cta,cta,O,X,ioniae,1,conj
674,Scanti,cta,rati,Sca,nti,B-PERS,PROPN,cta,5,amod
674,rati,Scanti,uxor,rat,ati,O,VERB,uxor,8,nmod
674,uxor,rati,nepti,uxo,xor,O,NOUN,ioniae,1,conj
674,nepti,uxor,Piae,nep,pti,O,NOUN,Piae,10,xcomp
674,Piae,nepti,annis,Pia,iae,O,PROPN,rati,7,amod
674,annis,Piae,LV,ann,nis,O,NOUN,uxor,8,orphan
674,LV,annis,<END>,LV,LV,O,NUM,ioniae,1,conj
344,Primigenius,<START>,Publi,Pri,ius,B-PERS:PRAE,PROPN,Primigenius,1,ROOT
344,Publi,Primigenius,Ploti,Pub,bli,B-PERS:NOMEN,PROPN,Primigenius,1,nmod
344,Ploti,Publi,centurionis,Plo,oti,B-PERS:COG,PROPN,Publi,2,flat:name
344,centurionis,Ploti,legionis,cen,nis,O,NOUN,Publi,2,appos
344,legionis,centurionis,VII,leg,nis,O,NOUN,centurionis,4,nmod
344,VII,legionis,Claudiae,VII,VII,O,NUM,Publi,2,nummod
344,Claudiae,VII,Piae,Cla,iae,B-PERS:NOMEN,PROPN,VII,6,nmod
344,Piae,Claudiae,Fidelis,Pia,iae,B-PERS:COG,PROPN,Claudiae,7,flat
344,Fidelis,Piae,libertus,Fid,lis,B-PERS:FILI,ADJ,libertus,10,amod
344,libertus,Fidelis,annorum,lib,tus,I-PERS:FILI,NOUN,Primigenius,1,appos
344,annorum,libertus,XX,ann,rum,O,NOUN,libertus,10,nmod
344,XX,annorum,hic,XX,XX,O,NUM,Primigenius,1,nummod
344,hic,XX,situs,hic,hic,O,ADV,situs,14,det
344,situs,hic,est,sit,tus,O,NOUN,patronus,16,nsubj
344,est,situs,patronus,est,est,O,AUX,patronus,16,cop
344,patronus,est,<END>,pat,nus,O,NOUN,Primigenius,1,conj
378,IngeniiE,<START>,virtute,Ing,iiE,O,NOUN,IngeniiE,1,ROOT
378,virtute,IngeniiE,clueIns,vir,ute,O,NOUN,clueIns,3,obl
378,clueIns,virtute,et,clu,Ins,O,ADV,IngeniiE,1,advcl
378,et,clueIns,nobiVVElis,et,et,O,CCONJ,cresciEt,58,cc
378,nobiVVElis,et,ortu,nob,lis,O,VERB,occupatORT,8,obl
378,ortu,nobiVVElis,m,ort,rtu,O,NOUN,occupatORT,8,obl
378,m,ortu,occupatORT,m,m,O,X,occupatORT,8,dep
378,occupatORT,m,hoc,occ,ORT,O,X,IngeniiE,1,conj
378,hoc,occupatORT,tumolo,hoc,hoc,O,PROPN,cKarmeIn,94,det
378,tumolo,hoc,Christi,tum,olo,O,NOUN,occupatORT,8,obl
378,Christi,tumolo,nomine,Chr,sti,O,PROPN,nomine,12,nmod
378,nomine,Christi,Felix,nom,ine,O,NOUN,occupatORT,8,obl
378,Felix,nomine,presbyter,Fel,lix,B-PERS:AG,PROPN,laudabiElis,36,nsubj
378,presbyter,Felix,vir,pre,ter,O,NOUN,Felix,13,appos
378,vir,presbyter,magnus,vir,vir,O,VERB,Felix,13,appos
378,magnus,vir,clemeInsX,mag,nus,O,ADJ,vir,15,amod
378,clemeInsX,magnus,ac,cle,nsX,O,NOUN,vir,15,amod
378,ac,clemeInsX,mente,ac,ac,O,CCONJ,beniEgnus,20,cc
378,mente,ac,beniEgnus,men,nte,O,NOUN,beniEgnus,20,obl
378,beniEgnus,mente,a,ben,nus,O,NOUN,vir,15,conj
378,a,beniEgnus,bstutus,a,a,O,ADP,bstutus,22,case
378,bstutus,a,largus,bst,tus,O,NOUN,largus,23,nmod
378,largus,bstutus,dulcissimus,lar,gus,O,ADJ,aptus,25,obj
378,dulcissimus,largus,aptus,dul,mus,O,ADJ,bstutus,22,amod
378,aptus,dulcissimus,ordiEne,apt,tus,O,ADJ,ordiEne,26,advcl:pred
378,ordiEne,aptus,quiE,ord,Ene,O,PUNCT,Felix,13,appos
378,quiE,ordiEne,recto,qui,uiE,O,PUNCT,gessisti,32,cc
378,recto,quiE,vita,rec,cto,O,NOUN,vita,29,amod
378,vita,recto,comiEtante,vit,ita,O,NOUN,comiEtante,30,nsubj
378,comiEtante,vita,beata,com,nte,O,VERB,gessisti,32,advcl:abs
378,beata,comiEtante,gessisti,bea,ata,O,ADJ,gessisti,32,advcl:pred
378,gessisti,beata,sacrum,ges,sti,O,VERB,Felix,13,acl:relcl
378,sacrum,gessisti,presbyterii,sac,rum,O,ADJ,laudabiElis,36,obj
378,presbyterii,sacrum,officio,pre,rii,O,NOUN,officio,35,nmod
378,officio,presbyterii,laudabiElis,off,cio,O,NOUN,laudabiElis,36,obl
378,laudabiElis,officio,et,lau,lis,O,VERB,IngeniiE,1,conj
378,et,laudabiElis,sapientSiae,et,et,O,CCONJ,cresciEt,58,cc
378,sapientSiae,et,legis,sap,iae,O,NOUN,legis,39,amod
378,legis,sapientSiae,consiliiE,leg,gis,O,NOUN,consiliiE,40,nmod
378,consiliiE,legis,magnas,con,iiE,O,NOUN,laudabiElis,36,conj
378,magnas,consiliiE,dum,mag,nas,O,ADJ,consiliiE,40,amod
378,dum,magnas,fenerariEs,dum,dum,O,PUNCT,fenerariEs,43,mark
378,fenerariEs,dum,opes,fen,iEs,O,X,laudabiElis,36,advcl
378,opes,fenerariEs,omnium,ope,pes,O,NOUN,fenerariEs,43,nsubj
378,omnium,opes,poteIns,omn,ium,O,DET,opes,44,nmod
378,poteIns,omnium,patSSiins,pot,Ins,O,VERB,fenerariEs,43,conj
378,patSSiins,poteIns,compeAscere,pat,ins,O,NOUN,compeAscere,48,nsubj
378,compeAscere,patSSiins,liteIs,com,ere,O,VERB,IngeniiE,1,conj
378,liteIs,compeAscere,et,lit,eIs,O,X,compeAscere,48,obj
378,et,liteIs,verbVis,et,et,O,CCONJ,cresciEt,58,cc
378,verbVis,et,aniEmos,ver,Vis,O,PRON,liteIs,49,conj
378,aniEmos,verbVis,pacifecKare,ani,mos,O,X,pacifecKare,53,obj
378,pacifecKare,aniEmos,feroVs,pac,are,O,X,compeAscere,48,conj
378,feroVs,pacifecKare,non,fer,oVs,O,NOUN,pacifecKare,53,nsubj
378,non,feroVs,et,non,non,O,PART,cresciEt,58,advmod:neg
378,et,non,nobVVilioVr,et,et,O,CCONJ,cresciEt,58,cc
378,nobVVilioVr,et,cresciEt,nob,oVr,O,ADV,cresciEt,58,nsubj
378,cresciEt,nobVVilioVr,ex,cre,iEt,O,X,pacifecKare,53,conj
378,ex,cresciEt,moVre,ex,ex,O,ADP,moVre,60,case
378,moVre,ex,parentum,moV,Vre,O,INTJ,spernere,62,obl
378,parentum,moVre,spernere,par,tum,O,NOUN,moVre,60,nmod
378,spernere,parentum,dispectus,spe,ere,O,VERB,IngeniiE,1,amod
378,dispectus,spernere,solliVBLEciEtavit,dis,tus,O,NOUN,spernere,62,obj
378,solliVBLEciEtavit,dispectus,honor,sol,vit,O,VERB,IngeniiE,1,conj
378,honor,solliVBLEciEtavit,hinc,hon,nor,O,NOUN,solliVBLEciEtavit,64,nsubj
378,hinc,honor,iEgiEtur,hin,inc,O,ADV,iEgiEtur,67,advmod:lmod
378,iEgiEtur,hinc,longam,iEg,tur,O,VERB,solliVBLEciEtavit,64,conj
378,longam,iEgiEtur,meruit,lon,gam,O,ADJ,meruit,69,amod
378,meruit,longam,siEne,mer,uit,O,VERB,IngeniiE,1,conj
378,siEne,meruit,crimine,siE,Ene,O,CCONJ,levavit,76,mark
378,crimine,siEne,vitam,cri,ine,O,NOUN,levavit,76,obl
378,vitam,crimine,egTentum,vit,tam,O,NOUN,levavit,76,obj
378,egTentum,vitam,propria,egT,tum,O,NOUN,levavit,76,nsubj
378,propria,egTentum,saepe,pro,ria,O,ADJ,vitam,72,amod
378,saepe,propria,levavit,sae,epe,O,ADV,levavit,76,advmod:tmod
378,levavit,saepe,opem,lev,vit,O,VERB,IngeniiE,1,conj
378,opem,levavit,vixit,ope,pem,O,NOUN,vixit,78,obj
378,vixit,opem,in,vix,xit,O,VERB,IngeniiE,1,conj
378,in,vixit,pace,in,in,O,ADP,pace,80,case
378,pace,in,annos,pac,ace,O,PUNCT,occupatORT,8,obl
378,annos,pace,LV,ann,nos,O,NOUN,IngeniiE,1,obj
378,LV,annos,obiit,LV,LV,O,NUM,annos,81,nummod
378,obiit,LV,XVVX,obi,iit,O,VERB,IngeniiE,1,parataxis
378,XVVX,obiit,Kalendas,XVV,VVX,O,NUM,obiit,83,nummod
378,Kalendas,XVVX,SeptembreIs,Kal,das,O,NOUN,obiit,83,nmod
378,SeptembreIs,Kalendas,indictione,Sep,eIs,O,ADJ,Kalendas,85,amod
378,indictione,SeptembreIs,III,ind,one,O,NOUN,obiit,83,obl
378,III,indictione,hoc,III,III,O,NUM,indictione,87,amod
378,hoc,III,ergo,hoc,hoc,O,PROPN,cKarmeIn,94,det
378,ergo,hoc,Amatus,erg,rgo,O,ADV,studuit,92,discourse
378,Amatus,ergo,studuit,Ama,tus,O,PROPN,studuit,92,nsubj
378,studuit,Amatus,conscribVere,stu,uit,O,VERB,IngeniiE,1,conj
378,conscribVere,studuit,cKarmeIn,con,ere,O,VERB,studuit,92,xcomp
378,cKarmeIn,conscribVere,qCui,cKa,eIn,O,PUNCT,conscribVere,93,obj
378,qCui,cKarmeIn,antestetis,qCu,Cui,O,CCONJ,antestetis,96,nsubj
378,antestetis,qCui,est,ant,tis,O,NOUN,cKarmeIn,94,ccomp
378,est,antestetis,Veseroncia,est,est,O,AUX,antestetis,96,cop
378,Veseroncia,est,tuuOs,Ves,cia,O,PROPN,antestetis,96,nsubj
378,tuuOs,Veseroncia,<END>,tuu,uOs,O,PRON,conscribVere,93,obl
904,Urbi,<START>,Romae,Urb,rbi,O,PROPN,Urbi,1,ROOT
904,Romae,Urbi,Lucius,Rom,mae,B-LOC,PROPN,Urbi,1,flat:name
904,Lucius,Romae,Cassius,Luc,ius,B-PERS:PRAE,PROPN,Urbi,1,nsubj
904,Cassius,Lucius,Marcellinus,Cas,ius,B-PERS:NOMEN,PROPN,Lucius,3,flat:name
904,Marcellinus,Cassius,legatus,Mar,nus,B-PERS:COG,PROPN,Lucius,3,flat:name
904,legatus,Marcellinus,Augusti,leg,tus,B-TITLE,NOUN,Lucius,3,appos
904,Augusti,legatus,pro,Aug,sti,I-TITLE,PROPN,consul,10,nmod
904,pro,Augusti,praetore,pro,pro,I-TITLE,ADP,praetore,9,case
904,praetore,pro,consul,pra,ore,I-TITLE,NOUN,consul,10,nmod
904,consul,praetore,designatus,con,sul,B-TITLE,NOUN,Lucius,3,xcomp
904,designatus,consul,<END>,des,tus,O,VERB,consul,10,acl
369,Quintus,<START>,Titacius,Qui,tus,B-PERS:PRAE,PROPN,solvit,6,nsubj
369,Titacius,Quintus,Maxsumus,Tit,ius,B-PERS:NOMEN,PROPN,Quintus,1,flat:name
369,Maxsumus,Titacius,Fonti,Max,mus,B-PERS:COG,PROPN,Quintus,1,flat:name
369,Fonti,Maxsumus,votum,Fon,nti,O,NOUN,solvit,6,dep
369,votum,Fonti,solvit,vot,tum,O,NOUN,solvit,6,obj
369,solvit,votum,libens,sol,vit,O,VERB,solvit,6,ROOT
369,libens,solvit,merito,lib,ens,O,ADJ,solvit,6,advcl:pred
369,merito,libens,<END>,mer,ito,O,VERB,solvit,6,dep
569,Dis,<START>,Manibus,Dis,Dis,O,NOUN,Manibus,2,case
569,Manibus,Dis,Marci,Man,bus,O,PROPN,Manibus,2,ROOT
569,Marci,Manibus,Livi,Mar,rci,B-PERS:PRAE,PROPN,Manibus,2,nmod
569,Livi,Marci,Orphei,Liv,ivi,B-PERS:NOMEN,PROPN,Marci,3,nmod
569,Orphei,Livi,Livia,Orp,hei,B-PERS:COG,PROPN,Livi,4,flat:name
569,Livia,Orphei,Faceta,Liv,via,B-PERS:NOMEN,PROPN,Marci,3,appos
569,Faceta,Livia,contubernalis,Fac,eta,B-PERS:COG,ADJ,Livia,6,amod
569,contubernalis,Faceta,bene,con,lis,O,NOUN,Livia,6,amod
569,bene,contubernalis,merenti,ben,ene,O,ADV,merenti,10,advmod
569,merenti,bene,<END>,mer,nti,O,ADJ,Livia,6,amod
276,Iuliae,<START>,Augustae,Iul,iae,B-PERS:NOMEN,PROPN,Iuliae,1,ROOT
276,Augustae,Iuliae,Imperatoris,Aug,tae,B-PERS:TITLE,PROPN,Iuliae,1,flat:name
276,Imperatoris,Augustae,Caesaris,Imp,ris,B-PERS:TITLE,NOUN,Iuliae,1,conj
276,Caesaris,Imperatoris,Luci,Cae,ris,B-PERS:TITLE,PROPN,Imperatoris,3,nmod
276,Luci,Caesaris,Septimi,Luc,uci,B-PERS:PRAE,PROPN,maiestati,26,nmod
276,Septimi,Luci,Severi,Sep,imi,B-PERS:NOMEN,PROPN,Luci,5,flat:name
276,Severi,Septimi,Pii,Sev,eri,B-PERS:COG,PROPN,Luci,5,flat:name
276,Pii,Severi,Pertinacis,Pii,Pii,B-PERS:AG,PROPN,Luci,5,conj
276,Pertinacis,Pii,Augusti,Per,cis,B-PERS:AG,PROPN,Pii,8,amod
276,Augusti,Pertinacis,Arabici,Aug,sti,B-PERS:TITLE,PROPN,matri,15,nmod
276,Arabici,Augusti,Adiabenici,Ara,ici,B-PERS:TITLE,ADJ,Luci,5,conj
276,Adiabenici,Arabici,Parthici,Adi,ici,B-PERS:TITLE,PROPN,Luci,5,conj
276,Parthici,Adiabenici,maximi,Par,ici,B-PERS:AG,ADJ,Luci,5,flat:name
276,maximi,Parthici,matri,max,imi,I-PERS:AG,ADJ,Luci,5,amod
276,matri,maximi,Augusti,mat,tri,B-PERS:TITLE,NOUN,Luci,5,conj
276,Augusti,matri,et,Aug,sti,B-PERS:TITLE,PROPN,matri,15,nmod
276,et,Augusti,castrorum,et,et,I-PERS,CCONJ,colonia,19,cc
276,castrorum,et,colonia,cas,rum,B-PERS:TITLE,NOUN,colonia,19,nmod
276,colonia,castrorum,Iulia,col,nia,B-LOC,NOUN,Luci,5,conj
276,Iulia,colonia,Concordia,Iul,lia,I-LOC,PROPN,colonia,19,amod
276,Concordia,Iulia,Augusta,Con,dia,I-LOC,PROPN,Luci,5,conj
276,Augusta,Concordia,Felix,Aug,sta,I-LOC,PROPN,Luci,5,conj
276,Felix,Augusta,Beneventum,Fel,lix,I-LOC,PROPN,Luci,5,conj
276,Beneventum,Felix,devota,Ben,tum,I-LOC,PROPN,Luci,5,conj
276,devota,Beneventum,maiestati,dev,ota,O,ADJ,Luci,5,amod
276,maiestati,devota,Auggustorum,mai,ati,O,NOUN,Iuliae,1,obl:arg
276,Auggustorum,maiestati,in,Aug,rum,O,NOUN,maiestati,26,nmod
276,in,Auggustorum,territorio,in,in,O,ADP,territorio,29,case
276,territorio,in,suo,ter,rio,O,NOUN,Iuliae,1,obl
276,suo,territorio,quod,suo,suo,O,PUNCT,territorio,29,det
276,quod,suo,cingit,quo,uod,O,PRON,cingit,32,nsubj
276,cingit,quod,etiam,cin,git,O,VERB,territorio,29,acl:relcl
276,etiam,cingit,Caudinorum,eti,iam,O,ADV,civitatem,35,advmod:emph
276,Caudinorum,etiam,civitatem,Cau,rum,O,NOUN,civitatem,35,nmod
276,civitatem,Caudinorum,muro,civ,tem,O,NOUN,cingit,32,obj
276,muro,civitatem,tenus,mur,uro,O,NOUN,tenus,37,obl:arg
276,tenus,muro,<END>,ten,nus,O,ADJ,territorio,29,acl
691,Numini,<START>,Silvani,Num,ini,B-PERS:NOMEN,NOUN,fecit,13,obl:arg
691,Silvani,Numini,Augustiae,Sil,ani,B-PERS:COG,PROPN,Numini,1,appos
691,Augustiae,Silvani,sacrum,Aug,iae,B-PERS:TITLE,PROPN,Numini,1,appos
691,sacrum,Augustiae,Iulius,sac,rum,O,ADJ,fecit,13,obj
691,Iulius,sacrum,Honoratus,Iul,ius,B-PERS:NOMEN,PROPN,fecit,13,nsubj
691,Honoratus,Iulius,decreto,Hon,tus,B-PERS:COG,ADJ,Iulius,5,flat:name
691,decreto,Honoratus,decurionum,dec,eto,O,NOUN,fecit,13,obl
691,decurionum,decreto,sua,dec,num,O,NOUN,decreto,7,nmod
691,sua,decurionum,pecunia,sua,sua,O,DET,pecunia,10,det
691,pecunia,sua,libens,pec,nia,O,NOUN,fecit,13,obl
691,libens,pecunia,animo,lib,ens,O,ADJ,fecit,13,xcomp
691,animo,libens,fecit,ani,imo,O,NOUN,fecit,13,obl
691,fecit,animo,ex,fec,cit,O,VERB,dedicavit,20,dislocated
691,ex,fecit,HS,ex,ex,O,ADP,HS,15,case
691,HS,ex,CXL,HS,HS,O,ADV,dedicavit,20,obl
691,CXL,HS,nummo,CXL,CXL,O,NUM,HS,15,nummod
691,nummo,CXL,idemque,num,mmo,O,NOUN,dedicavit,20,obl
691,idemque,nummo,dedicavit,ide,que,O,DET,,-1,
691,dedicavit,idemque,<END>,ded,vit,O,VERB,dedicavit,20,ROOT
267,Imperator,<START>,Caesar,Imp,tor,B-PERS:TITLE,NOUN,imperator,19,nmod
267,Caesar,Imperator,Marcus,Cae,sar,B-PERS:TITLE,PROPN,Imperator,1,flat
267,Marcus,Caesar,Aurelius,Mar,cus,B-PERS:PRAE,PROPN,Caesar,2,conj
267,Aurelius,Marcus,Severus,Aur,ius,B-PERS:NOMEN,PROPN,Marcus,3,flat:name
267,Severus,Aurelius,Antoninus,Sev,rus,B-PERS:COG,PROPN,Marcus,3,flat:name
267,Antoninus,Severus,Pius,Ant,nus,B-PERS:AG,PROPN,Marcus,3,conj
267,Pius,Antoninus,Felix,Piu,ius,B-PERS:AG,ADJ,Marcus,3,conj
267,Felix,Pius,Augustus,Fel,lix,B-PERS:AG,PROPN,Marcus,3,conj
267,Augustus,Felix,Parthicus,Aug,tus,B-PERS:TITLE,PROPN,Marcus,3,conj
267,Parthicus,Augustus,maximus,Par,cus,B-PERS:AG,ADJ,Marcus,3,flat:name
267,maximus,Parthicus,Britannicus,max,mus,I-PERS:AG,ADJ,pontifex,14,amod
267,Britannicus,maximus,maximus,Bri,cus,B-PERS:AG,PROPN,Caesar,2,conj
267,maximus,Britannicus,pontifex,max,mus,I-PERS:AG,ADJ,pontifex,14,amod
267,pontifex,maximus,maximus,pon,fex,B-TITLE,NOUN,Britannicus,12,xcomp
267,maximus,pontifex,tribunicia,max,mus,I-TITLE,ADJ,pontifex,14,amod
267,tribunicia,maximus,potestate,tri,cia,B-TITLE,ADJ,potestate,17,amod
267,potestate,tribunicia,XVII,pot,ate,I-TITLE,NOUN,maximus,15,obl
267,XVII,potestate,imperator,XVI,VII,O,NUM,Imperator,1,nummod
267,imperator,XVII,II,imp,tor,B-TITLE,NOUN,imperator,19,ROOT
267,II,imperator,consul,II,II,O,NUM,imperator,19,nummod
267,consul,II,IIII,con,sul,B-TITLE,NOUN,imperator,19,conj
267,IIII,consul,pater,III,III,O,NUM,imperator,19,nummod
267,pater,IIII,patriae,pat,ter,B-TITLE,NOUN,imperator,19,conj
267,patriae,pater,proconsul,pat,iae,I-TITLE,ADJ,pater,23,nmod
267,proconsul,patriae,per,pro,sul,O,NOUN,imperator,19,appos
267,per,proconsul,Furnium,per,per,O,ADP,Furnium,27,case
267,Furnium,per,Iulianum,Fur,ium,B-PERS:NOMEN,PROPN,consulem,32,obl
267,Iulianum,Furnium,legatum,Iul,num,B-PERS:COG,PROPN,Furnium,27,flat:name
267,legatum,Iulianum,pro,leg,tum,O,NOUN,Furnium,27,appos
267,pro,legatum,praetore,pro,pro,O,ADP,praetore,31,case
267,praetore,pro,consulem,pra,ore,O,NOUN,consulem,32,obl
267,consulem,praetore,XX,con,lem,O,NOUN,imperator,19,conj
267,XX,consulem,<END>,XX,XX,O,NUM,consulem,32,nummod
783,Iuppiter,<START>,Optime,Iup,ter,O,PROPN,incolumis,34,vocative
783,Optime,Iuppiter,Maxime,Opt,ime,O,ADV,Iuppiter,1,appos
783,Maxime,Optime,si,Max,ime,O,PROPN,Iuppiter,1,appos
783,si,Maxime,imperator,si,si,O,SCONJ,eruntve,64,mark
783,imperator,si,Caesar,imp,tor,O,NOUN,vivent,30,dep
783,Caesar,imperator,divi,Cae,sar,B-PERS:TITLE,PROPN,imperator,5,flat
783,divi,Caesar,Vespasiani,div,ivi,B-PERS:FILI,VERB,filius,9,amod
783,Vespasiani,divi,filius,Ves,ani,I-PERS:FILI,PROPN,filius,9,nmod
783,filius,Vespasiani,Domitianus,fil,ius,I-PERS:FILI,NOUN,imperator,5,appos
783,Domitianus,filius,Augustus,Dom,nus,B-PERS:NOMEN,PROPN,imperator,5,flat
783,Augustus,Domitianus,Germanicus,Aug,tus,B-PERS:TITLE,PROPN,Domitianus,10,flat:name
783,Germanicus,Augustus,pontifex,Ger,cus,B-PERS:AG,PROPN,Domitianus,10,amod
783,pontifex,Germanicus,maximus,pon,fex,B-TITLE,NOUN,Domitianus,10,appos
783,maximus,pontifex,tribunicia,max,mus,I-TITLE,ADJ,pontifex,13,amod
783,tribunicia,maximus,potestate,tri,cia,B-TITLE,ADJ,potestate,16,amod
783,potestate,tribunicia,censor,pot,ate,I-TITLE,NOUN,imperator,5,conj
783,censor,potestate,perpetuus,cen,sor,B-TITLE,NOUN,imperator,5,conj
783,perpetuus,censor,pater,per,uus,I-TITLE,ADJ,censor,17,amod
783,pater,perpetuus,patriae,pat,ter,B-TITLE,NOUN,censor,17,appos
783,patriae,pater,et,pat,iae,I-TITLE,ADJ,pater,19,nmod
783,et,patriae,Domitia,et,et,O,CCONJ,domo,327,cc
783,Domitia,et,Augusta,Dom,tia,B-PERS:NOMEN,PROPN,vivent,30,conj
783,Augusta,Domitia,coniunx,Aug,sta,B-PERS:TITLE,PROPN,Salus,171,amod
783,coniunx,Augusta,eius,con,unx,O,NOUN,Domitia,22,appos
783,eius,coniunx,quos,eiu,ius,O,ADV,coniugi,293,nmod
783,quos,eius,me,quo,uos,O,PRON,sentio,28,obj
783,me,quos,sentio,me,me,O,PRON,sentio,74,obj
783,sentio,me,dicere,sen,tio,O,VERB,ita,71,advcl
783,dicere,sentio,vivent,dic,ere,O,VERB,sentio,74,ccomp
783,vivent,dicere,domusque,viv,ent,O,VERB,incolumis,34,advcl
783,domusque,vivent,eorum,dom,que,O,ADJ,,-1,
783,eorum,domusque,incolumis,eor,rum,O,PRON,domui,297,nmod
783,incolumis,eorum,erit,inc,mis,O,ADJ,incolumis,34,ROOT
783,erit,incolumis,ante,eri,rit,O,AUX,anno,311,cop
783,ante,erit,diem,ant,nte,O,ADV,diem,329,case
783,diem,ante,III,die,iem,O,NOUN,adfuerunt,334,obl:tmod
783,III,diem,Nonas,III,III,O,NUM,diem,37,amod
783,Nonas,III,Ianuarias,Non,nas,O,NOUN,diem,37,nmod
783,Ianuarias,Nonas,quae,Ian,ias,O,ADJ,Idus,233,amod
783,quae,Ianuarias,proximae,qua,uae,O,PRON,vovimus,185,nsubj
783,proximae,quae,populo,pro,mae,O,ADJ,incolumis,34,dislocated
783,populo,proximae,Romano,pop,ulo,O,NOUN,domui,297,conj
783,Romano,populo,Quiritibus,Rom,ano,O,ADJ,populo,299,amod
783,Quiritibus,Romano,rei,Qui,bus,O,PROPN,domui,297,conj
783,rei,Quiritibus,publicae,rei,rei,O,NOUN,proximae,42,obl:arg
783,publicae,rei,populi,pub,cae,O,ADJ,rei,46,amod
783,populi,publicae,Romani,pop,uli,O,NOUN,Salus,171,nmod
783,Romani,populi,Quiritium,Rom,ani,O,ADJ,populi,174,amod
783,Quiritium,Romani,erunt,Qui,ium,O,PROPN,Salus,171,nmod
783,erunt,Quiritium,et,eru,unt,O,AUX,proximae,42,cop
783,et,erunt,eum,et,et,O,CCONJ,domo,327,cc
783,eum,et,diem,eum,eum,O,,diem,67,det
783,diem,eum,eosque,die,iem,O,NOUN,adfuerunt,334,obl:tmod
783,eosque,diem,salvos,eos,que,O,DET,,-1,
783,salvos,eosque,servaveris,sal,vos,O,ADJ,servaveris,58,xcomp
783,servaveris,salvos,ex,ser,ris,O,VERB,incolumis,34,conj
783,ex,servaveris,periculis,ex,ex,O,ADP,periculis,60,case
783,periculis,ex,si,per,lis,O,NOUN,servaveris,58,obl
783,si,periculis,qua,si,si,O,SCONJ,eruntve,64,mark
783,qua,si,sunt,qua,qua,O,PRON,eruntve,64,obl
783,sunt,qua,eruntve,sun,unt,O,PUNCT,qua,62,cop
783,eruntve,sunt,ante,eru,tve,O,ADV,servaveris,58,advcl
783,ante,eruntve,eum,ant,nte,O,ADV,diem,329,case
783,eum,ante,diem,eum,eum,O,,diem,67,det
783,diem,eum,eventumque,die,iem,O,NOUN,adfuerunt,334,obl:tmod
783,eventumque,diem,bonum,eve,que,O,ADV,,-1,
783,bonum,eventumque,ita,bon,num,O,NOUN,quod,275,nmod
783,ita,bonum,uti,ita,ita,O,ADV,faxsis,194,advmod
783,uti,ita,me,uti,uti,O,SCONJ,sentio,74,mark
783,me,uti,sentio,me,me,O,PRON,sentio,74,obj
783,sentio,me,dicere,sen,tio,O,VERB,ita,71,advcl
783,dicere,sentio,dederis,dic,ere,O,VERB,sentio,74,ccomp
783,dederis,dicere,eosque,ded,ris,O,VERB,incolumis,34,conj
783,eosque,dederis,in,eos,que,O,DET,,-1,
783,in,eosque,eo,in,in,O,ADP,collegio,336,case
783,eo,in,statu,eo,eo,O,ADV,servaveris,88,advmod
783,statu,eo,qui,sta,atu,O,NOUN,incolumis,34,obl
783,qui,statu,nunc,qui,qui,O,PUNCT,nunc,83,nsubj
783,nunc,qui,est,nun,unc,O,ADV,est,84,advmod:tmod
783,est,nunc,aut,est,est,O,AUX,statu,81,acl
783,aut,est,eo,aut,aut,O,CCONJ,servaveris,88,cc
783,eo,aut,meliore,eo,eo,O,ADV,servaveris,88,advmod
783,meliore,eo,servaveris,mel,ore,O,ADJ,servaveris,88,amod
783,servaveris,meliore,astu,ser,ris,O,VERB,incolumis,34,conj
783,astu,servaveris,ea,ast,stu,O,PUNCT,faxsis,194,obl
783,ea,astu,ita,ea,ea,O,PUNCT,faxsis,194,obl
783,ita,ea,faxsis,ita,ita,O,ADV,faxsis,194,advmod
783,faxsis,ita,tunc,fax,sis,O,X,Salus,171,acl:relcl
783,tunc,faxsis,tibi,tun,unc,O,ADV,adfuerunt,209,advmod:tmod
783,tibi,tunc,nomine,tib,ibi,O,PRON,adfuerunt,209,obl:arg
783,nomine,tibi,collegii,nom,ine,O,NOUN,verba,199,nmod
783,collegii,nomine,fratrum,col,gii,O,NOUN,nomine,200,nmod
783,fratrum,collegii,Arvalium,fra,rum,O,NOUN,magister,257,nmod
783,Arvalium,fratrum,bovem,Arv,ium,O,PROPN,magister,257,nmod
783,bovem,Arvalium,auratumO,bov,vem,O,NOUN,verba,199,conj
783,auratumO,bovem,vovemus,aur,umO,O,ADJ,bovem,99,amod
783,vovemus,auratumO,esse,vov,mus,O,VERB,adfuerunt,209,advcl
783,esse,vovemus,futurum,ess,sse,O,AUX,vovemus,206,cop
783,futurum,esse,Iuno,fut,rum,O,AUX,adfuerunt,209,dep
783,Iuno,futurum,Regina,Iun,uno,O,PROPN,vovemus,101,dep
783,Regina,Iuno,quae,Reg,ina,O,NOUN,Iuno,104,appos
783,quae,Regina,in,qua,uae,O,PRON,vovimus,185,nsubj
783,in,quae,verba,in,in,O,ADP,collegio,336,case
783,verba,in,Iovi,ver,rba,O,NOUN,vovemus,206,dep
783,Iovi,verba,Optimo,Iov,ovi,O,PROPN,verba,179,nmod
783,Optimo,Iovi,Maximo,Opt,imo,O,ADJ,Iovi,180,amod
783,Maximo,Optimo,bovem,Max,imo,O,PROPN,Iovi,180,amod
783,bovem,Maximo,auratuAm,bov,vem,O,NOUN,verba,199,conj
783,auratuAm,bovem,vovimus,aur,uAm,O,X,bovem,204,amod
783,vovimus,auratuAm,esse,vov,mus,O,VERB,futurum,187,advcl
783,esse,vovimus,futurum,ess,sse,O,AUX,vovemus,206,cop
783,futurum,esse,quod,fut,rum,O,AUX,adfuerunt,209,dep
783,quod,futurum,hodie,quo,uod,O,PRON,domui,297,det
783,hodie,quod,vovimus,hod,die,O,ADV,vovimus,190,advmod:tmod
783,vovimus,hodie,astu,vov,mus,O,VERB,futurum,187,advcl
783,astu,vovimus,ea,ast,stu,O,PUNCT,faxsis,194,obl
783,ea,astu,ita,ea,ea,O,PUNCT,faxsis,194,obl
783,ita,ea,faxsis,ita,ita,O,ADV,faxsis,194,advmod
783,faxsis,ita,tunc,fax,sis,O,X,Salus,171,acl:relcl
783,tunc,faxsis,tibi,tun,unc,O,ADV,adfuerunt,209,advmod:tmod
783,tibi,tunc,in,tib,ibi,O,PRON,adfuerunt,209,obl:arg
783,in,tibi,eadem,in,in,O,ADP,collegio,336,case
783,eadem,in,verba,ead,dem,O,DET,verba,199,det
783,verba,eadem,nomine,ver,rba,O,NOUN,vovemus,206,dep
783,nomine,verba,collegii,nom,ine,O,NOUN,verba,199,nmod
783,collegii,nomine,fratrum,col,gii,O,NOUN,nomine,200,nmod
783,fratrum,collegii,Arvalium,fra,rum,O,NOUN,magister,257,nmod
783,Arvalium,fratrum,bovem,Arv,ium,O,PROPN,magister,257,nmod
783,bovem,Arvalium,auratam,bov,vem,O,NOUN,verba,199,conj
783,auratam,bovem,vovemus,aur,tam,O,ADJ,bovem,166,amod
783,vovemus,auratam,esse,vov,mus,O,VERB,adfuerunt,209,advcl
783,esse,vovemus,futuruAm,ess,sse,O,AUX,vovemus,206,cop
783,futuruAm,esse,Minerva,fut,uAm,O,ADV,vovemus,168,advmod
783,Minerva,futuruAm,quae,Min,rva,O,PROPN,vovemus,135,dep
783,quae,Minerva,in,qua,uae,O,PRON,vovimus,185,nsubj
783,in,quae,verba,in,in,O,ADP,collegio,336,case
783,verba,in,Iovi,ver,rba,O,NOUN,vovemus,206,dep
783,Iovi,verba,Optimo,Iov,ovi,O,PROPN,verba,179,nmod
783,Optimo,Iovi,Maximo,Opt,imo,O,ADJ,Iovi,180,amod
783,Maximo,Optimo,bovem,Max,imo,O,PROPN,Iovi,180,amod
783,bovem,Maximo,auratuAm,bov,vem,O,NOUN,verba,199,conj
783,auratuAm,bovem,vovimus,aur,uAm,O,X,bovem,204,amod
783,vovimus,auratuAm,esse,vov,mus,O,VERB,futurum,187,advcl
783,esse,vovimus,futuruAm,ess,sse,O,AUX,vovemus,206,cop
783,futuruAm,esse,quod,fut,uAm,O,ADV,vovemus,168,advmod
783,quod,futuruAm,hodie,quo,uod,O,PRON,domui,297,det
783,hodie,quod,vovimus,hod,die,O,ADV,vovimus,190,advmod:tmod
783,vovimus,hodie,astu,vov,mus,O,VERB,futurum,187,advcl
783,astu,vovimus,ea,ast,stu,O,PUNCT,faxsis,194,obl
783,ea,astu,ita,ea,ea,O,PUNCT,faxsis,194,obl
783,ita,ea,faxsis,ita,ita,O,ADV,faxsis,194,advmod
783,faxsis,ita,tunc,fax,sis,O,X,Salus,171,acl:relcl
783,tunc,faxsis,tibi,tun,unc,O,ADV,adfuerunt,209,advmod:tmod
783,tibi,tunc,in,tib,ibi,O,PRON,adfuerunt,209,obl:arg
783,in,tibi,eadem,in,in,O,ADP,collegio,336,case
783,eadem,in,verba,ead,dem,O,DET,verba,199,det
783,verba,eadem,nomine,ver,rba,O,NOUN,vovemus,206,dep
783,nomine,verba,collegii,nom,ine,O,NOUN,verba,199,nmod
783,collegii,nomine,fratrum,col,gii,O,NOUN,nomine,200,nmod
783,fratrum,collegii,Arvalium,fra,rum,O,NOUN,magister,257,nmod
783,Arvalium,fratrum,bovem,Arv,ium,O,PROPN,magister,257,nmod
783,bovem,Arvalium,auratam,bov,vem,O,NOUN,verba,199,conj
783,auratam,bovem,vovemus,aur,tam,O,ADJ,bovem,166,amod
783,vovemus,auratam,esse,vov,mus,O,VERB,adfuerunt,209,advcl
783,esse,vovemus,futuruAm,ess,sse,O,AUX,vovemus,206,cop
783,futuruAm,esse,Salus,fut,uAm,O,ADV,vovemus,168,advmod
783,Salus,futuruAm,Augusta,Sal,lus,O,NOUN,vovemus,168,nsubj
783,Augusta,Salus,publica,Aug,sta,B-PERS:TITLE,PROPN,Salus,171,amod
783,publica,Augusta,populi,pub,ica,O,ADJ,Salus,171,amod
783,populi,publica,Romani,pop,uli,O,NOUN,Salus,171,nmod
783,Romani,populi,Quiritium,Rom,ani,O,ADJ,populi,174,amod
783,Quiritium,Romani,quae,Qui,ium,O,PROPN,Salus,171,nmod
783,quae,Quiritium,in,qua,uae,O,PRON,vovimus,185,nsubj
783,in,quae,verba,in,in,O,ADP,collegio,336,case
783,verba,in,Iovi,ver,rba,O,NOUN,vovemus,206,dep
783,Iovi,verba,Optimo,Iov,ovi,O,PROPN,verba,179,nmod
783,Optimo,Iovi,Maximo,Opt,imo,O,ADJ,Iovi,180,amod
783,Maximo,Optimo,bovem,Max,imo,O,PROPN,Iovi,180,amod
783,bovem,Maximo,auratuAm,bov,vem,O,NOUN,verba,199,conj
783,auratuAm,bovem,vovimus,aur,uAm,O,X,bovem,204,amod
783,vovimus,auratuAm,esse,vov,mus,O,VERB,futurum,187,advcl
783,esse,vovimus,futurum,ess,sse,O,AUX,vovemus,206,cop
783,futurum,esse,quod,fut,rum,O,AUX,adfuerunt,209,dep
783,quod,futurum,hodie,quo,uod,O,PRON,domui,297,det
783,hodie,quod,vovimus,hod,die,O,ADV,vovimus,190,advmod:tmod
783,vovimus,hodie,astu,vov,mus,O,VERB,futurum,187,advcl
783,astu,vovimus,ea,ast,stu,O,PUNCT,faxsis,194,obl
783,ea,astu,ita,ea,ea,O,PUNCT,faxsis,194,obl
783,ita,ea,faxsis,ita,ita,O,ADV,faxsis,194,advmod
783,faxsis,ita,tunc,fax,sis,O,X,Salus,171,acl:relcl
783,tunc,faxsis,tibi,tun,unc,O,ADV,adfuerunt,209,advmod:tmod
783,tibi,tunc,in,tib,ibi,O,PRON,adfuerunt,209,obl:arg
783,in,tibi,eadem,in,in,O,ADP,collegio,336,case
783,eadem,in,verba,ead,dem,O,DET,verba,199,det
783,verba,eadem,nomine,ver,rba,O,NOUN,vovemus,206,dep
783,nomine,verba,collegii,nom,ine,O,NOUN,verba,199,nmod
783,collegii,nomine,fratrum,col,gii,O,NOUN,nomine,200,nmod
783,fratrum,collegii,Arvalium,fra,rum,O,NOUN,magister,257,nmod
783,Arvalium,fratrum,bovem,Arv,ium,O,PROPN,magister,257,nmod
783,bovem,Arvalium,auratuAm,bov,vem,O,NOUN,verba,199,conj
783,auratuAm,bovem,vovemus,aur,uAm,O,X,bovem,204,amod
783,vovemus,auratuAm,esse,vov,mus,O,VERB,adfuerunt,209,advcl
783,esse,vovemus,futurum,ess,sse,O,AUX,vovemus,206,cop
783,futurum,esse,adfuerunt,fut,rum,O,AUX,adfuerunt,209,dep
783,adfuerunt,futurum,in,adf,unt,O,VERB,vovemus,168,conj
783,in,adfuerunt,collegio,in,in,O,ADP,collegio,336,case
783,collegio,in,Lucius,col,gio,O,NOUN,adfuerunt,334,obl
783,Lucius,collegio,Veratius,Luc,ius,B-PERS:PRAE,PROPN,Lucius,337,conj
783,Veratius,Lucius,Quadratus,Ver,ius,B-PERS:NOMEN,ADJ,Lucius,337,amod
783,Quadratus,Veratius,Lucius,Qua,tus,B-PERS:COG,PROPN,Lucius,337,conj
783,Lucius,Quadratus,Maecius,Luc,ius,B-PERS:PRAE,PROPN,Lucius,337,conj
783,Maecius,Lucius,Postumus,Mae,ius,B-PERS:NOMEN,PROPN,Lucius,340,flat:name
783,Postumus,Maecius,Publius,Pos,mus,B-PERS:COG,PROPN,Lucius,337,conj
783,Publius,Postumus,Sallustius,Pub,ius,B-PERS:PRAE,PROPN,Lucius,212,conj
783,Sallustius,Publius,Blaesus,Sal,ius,B-PERS:NOMEN,PROPN,Publius,218,flat:name
783,Blaesus,Sallustius,Quintus,Bla,sus,B-PERS:COG,PROPN,Publius,218,flat:name
783,Quintus,Blaesus,Tillius,Qui,tus,B-PERS:PRAE,PROPN,Lucius,337,conj
783,Tillius,Quintus,Sassius,Til,ius,B-PERS:NOMEN,PROPN,Lucius,337,conj
783,Sassius,Tillius,Lucius,Sas,ius,B-PERS:COG,PROPN,Lucius,337,conj
783,Lucius,Sassius,Pompeius,Luc,ius,B-PERS:PRAE,PROPN,Lucius,337,conj
783,Pompeius,Lucius,Vopiscus,Pom,ius,B-PERS:NOMEN,PROPN,Lucius,224,flat:name
783,Vopiscus,Pompeius,Arruntius,Vop,cus,B-PERS:COG,NOUN,Lucius,224,conj
783,Arruntius,Vopiscus,Catellius,Arr,ius,B-PERS:PRAE,PROPN,Lucius,224,conj
783,Catellius,Arruntius,Celer,Cat,ius,B-PERS:NOMEN,PROPN,Lucius,212,conj
783,Celer,Catellius,isdem,Cel,ler,B-PERS:COG,ADV,Catellius,228,flat:name
783,isdem,Celer,consulibus,isd,dem,O,DET,consulibus,231,nsubj
783,consulibus,isdem,VII,con,bus,O,NOUN,indixerunt,244,advcl:abs
783,VII,consulibus,Idus,VII,VII,O,NUM,consulibus,231,nummod
783,Idus,VII,Ianuarias,Idu,dus,O,NOUN,VII,232,nmod
783,Ianuarias,Idus,in,Ian,ias,O,ADJ,Idus,233,amod
783,in,Ianuarias,pronao,in,in,O,ADP,collegio,336,case
783,pronao,in,aedis,pro,nao,O,VERB,indixerunt,274,obl
783,aedis,pronao,Concordiae,aed,dis,O,NOUN,pronao,251,nmod
783,Concordiae,aedis,fratres,Con,iae,O,PROPN,aedis,252,nmod
783,fratres,Concordiae,Arvales,fra,res,O,NOUN,indixerunt,244,nsubj
783,Arvales,fratres,sacrificium,Arv,les,O,NOUN,fratres,239,amod
783,sacrificium,Arvales,deae,sac,ium,O,NOUN,domui,297,nsubj
783,deae,sacrificium,Diae,dea,eae,O,NOUN,sacrificium,307,nmod
783,Diae,deae,indixerunt,Dia,iae,O,PROPN,sacrificium,307,nmod
783,indixerunt,Diae,magisterio,ind,unt,O,VERB,vovemus,168,conj
783,magisterio,indixerunt,II,mag,rio,O,NOUN,indixerunt,244,obl
783,II,magisterio,Luci,II,II,O,NUM,magisterio,245,nummod
783,Luci,II,Verati,Luc,uci,B-PERS:PRAE,PROPN,magisterio,245,nmod
783,Verati,Luci,Quadrati,Ver,ati,B-PERS:NOMEN,ADJ,Luci,247,flat:name
783,Quadrati,Verati,in,Qua,ati,B-PERS:COG,PROPN,Luci,247,flat:name
783,in,Quadrati,pronao,in,in,O,ADP,collegio,336,case
783,pronao,in,aedis,pro,nao,O,VERB,indixerunt,274,obl
783,aedis,pronao,Concordiae,aed,dis,O,NOUN,pronao,251,nmod
783,Concordiae,aedis,Lucius,Con,iae,O,PROPN,aedis,252,nmod
783,Lucius,Concordiae,Veratius,Luc,ius,B-PERS:PRAE,PROPN,Lucius,337,conj
783,Veratius,Lucius,Quadratus,Ver,ius,B-PERS:NOMEN,ADJ,Lucius,337,amod
783,Quadratus,Veratius,magister,Qua,tus,B-PERS:AG,PROPN,Lucius,337,conj
783,magister,Quadratus,fratrum,mag,ter,O,NOUN,Lucius,254,appos
783,fratrum,magister,Arvalium,fra,rum,O,NOUN,magister,257,nmod
783,Arvalium,fratrum,manibus,Arv,ium,O,PROPN,magister,257,nmod
783,manibus,Arvalium,lautis,man,bus,O,NOUN,lautis,261,nsubj:pass
783,lautis,manibus,velato,lau,tis,O,ADJ,indixerunt,274,advcl:abs
783,velato,lautis,capite,vel,ato,O,VERB,indixerunt,274,advcl:abs
783,capite,velato,sub,cap,ite,O,NOUN,velato,262,nsubj:pass
783,sub,capite,divo,sub,sub,O,ADP,columine,266,case
783,divo,sub,columine,div,ivo,O,X,columine,266,amod
783,columine,divo,contra,col,ine,O,NOUN,velato,262,obl
783,contra,columine,orientem,con,tra,O,ADV,orientem,268,case
783,orientem,contra,deae,ori,tem,O,NOUN,indixerunt,274,obl
783,deae,orientem,Diae,dea,eae,O,NOUN,sacrificium,307,nmod
783,Diae,deae,cum,Dia,iae,O,PROPN,sacrificium,307,nmod
783,cum,Diae,collegis,cum,cum,O,ADP,sacrificium,273,case
783,collegis,cum,sacrificium,col,gis,O,NOUN,sacrificium,273,nmod
783,sacrificium,collegis,indixerunt,sac,ium,O,NOUN,domui,297,nsubj
783,indixerunt,sacrificium,quod,ind,unt,O,VERB,vovemus,168,conj
783,quod,indixerunt,bonum,quo,uod,O,PRON,domui,297,det
783,bonum,quod,faustum,bon,num,O,NOUN,quod,275,nmod
783,faustum,bonum,felix,fau,tum,O,NOUN,bonum,276,conj
783,felix,faustum,fortunatum,fel,lix,O,ADJ,bonum,276,appos
783,fortunatum,felix,salutareque,for,tum,O,ADJ,bonum,276,conj
783,salutareque,fortunatum,sit,sal,que,O,ADJ,,-1,
783,sit,salutareque,Imperatori,sit,sit,O,AUX,bonum,276,cop
783,Imperatori,sit,Caesari,Imp,ori,B-PERS:TITLE,NOUN,Caesari,284,obl:arg
783,Caesari,Imperatori,Domitiano,Cae,ari,B-PERS:TITLE,PROPN,quod,275,obl:arg
783,Domitiano,Caesari,Augusto,Dom,ano,B-PERS:NOMEN,PROPN,quod,275,amod
783,Augusto,Domitiano,Germanico,Aug,sto,B-PERS:TITLE,PROPN,Domitiano,285,flat:name
783,Germanico,Augusto,pontifici,Ger,ico,B-PERS:AG,PROPN,pontifici,288,amod
783,pontifici,Germanico,maximo,pon,ici,B-PERS:TITLE,NOUN,Domitiano,285,appos
783,maximo,pontifici,et,max,imo,I-PERS:TITLE,ADJ,Domitiano,285,amod
783,et,maximo,Domitiae,et,et,O,CCONJ,domo,327,cc
783,Domitiae,et,Augustae,Dom,iae,B-PERS:NOMEN,PROPN,coniugi,293,nmod
783,Augustae,Domitiae,coniugi,Aug,tae,B-PERS:TITLE,PROPN,Domitiae,291,amod
783,coniugi,Augustae,eius,con,ugi,O,NOUN,Domitiano,285,conj
783,eius,coniugi,totique,eiu,ius,O,ADV,coniugi,293,nmod
783,totique,eius,domui,tot,que,O,ADV,,-1,
783,domui,totique,eorum,dom,mui,O,NOUN,vovemus,168,advcl
783,eorum,domui,populo,eor,rum,O,PRON,domui,297,nmod
783,populo,eorum,Romano,pop,ulo,O,NOUN,domui,297,conj
783,Romano,populo,Quiritibus,Rom,ano,O,ADJ,populo,299,amod
783,Quiritibus,Romano,fratribusque,Qui,bus,O,PROPN,domui,297,conj
783,fratribusque,Quiritibus,Arvalibus,fra,que,O,NOUN,,-1,
783,Arvalibus,fratribusque,mihique,Arv,bus,O,PROPN,Quiritibus,301,conj
783,mihique,Arvalibus,sacrificium,mih,que,O,PRON,,-1,
783,sacrificium,mihique,deae,sac,ium,O,NOUN,domui,297,nsubj
783,deae,sacrificium,Diae,dea,eae,O,NOUN,sacrificium,307,nmod
783,Diae,deae,hoc,Dia,iae,O,PROPN,sacrificium,307,nmod
783,hoc,Diae,anno,hoc,hoc,O,PROPN,anno,311,det
783,anno,hoc,erit,ann,nno,O,NOUN,vovemus,168,conj
783,erit,anno,ante,eri,rit,O,AUX,anno,311,cop
783,ante,erit,diem,ant,nte,O,ADV,diem,329,case
783,diem,ante,XVI,die,iem,O,NOUN,adfuerunt,334,obl:tmod
783,XVI,diem,Kalendas,XVI,XVI,O,NUM,diem,314,nummod
783,Kalendas,XVI,Iunias,Kal,das,O,NOUN,diem,329,nmod
783,Iunias,Kalendas,domo,Iun,ias,O,ADJ,Kalendas,331,amod
783,domo,Iunias,ante,dom,omo,O,NOUN,adfuerunt,334,obl
783,ante,domo,diem,ant,nte,O,ADV,diem,329,case
783,diem,ante,XIIII,die,iem,O,NOUN,adfuerunt,334,obl:tmod
783,XIIII,diem,Kalendas,XII,III,O,NUM,diem,320,nummod
783,Kalendas,XIIII,Iunias,Kal,das,O,NOUN,diem,329,nmod
783,Iunias,Kalendas,in,Iun,ias,O,ADJ,Kalendas,331,amod
783,in,Iunias,luco,in,in,O,ADP,collegio,336,case
783,luco,in,et,luc,uco,O,NOUN,adfuerunt,334,obl
783,et,luco,domo,et,et,O,CCONJ,domo,327,cc
783,domo,et,ante,dom,omo,O,NOUN,adfuerunt,334,obl
783,ante,domo,diem,ant,nte,O,ADV,diem,329,case
783,diem,ante,XIII,die,iem,O,NOUN,adfuerunt,334,obl:tmod
783,XIII,diem,Kalendas,XII,III,O,NUM,diem,329,nummod
783,Kalendas,XIII,Iunias,Kal,das,O,NOUN,diem,329,nmod
783,Iunias,Kalendas,domo,Iun,ias,O,ADJ,Kalendas,331,amod
783,domo,Iunias,adfuerunt,dom,omo,O,NOUN,adfuerunt,334,obl
783,adfuerunt,domo,in,adf,unt,O,VERB,vovemus,168,conj
783,in,adfuerunt,collegio,in,in,O,ADP,collegio,336,case
783,collegio,in,Lucius,col,gio,O,NOUN,adfuerunt,334,obl
783,Lucius,collegio,Veratius,Luc,ius,B-PERS:PRAE,PROPN,Lucius,337,conj
783,Veratius,Lucius,Quadratus,Ver,ius,B-PERS:NOMEN,ADJ,Lucius,337,amod
783,Quadratus,Veratius,Lucius,Qua,tus,B-PERS:COG,PROPN,Lucius,337,conj
783,Lucius,Quadratus,Maecius,Luc,ius,B-PERS:PRAE,PROPN,Lucius,337,conj
783,Maecius,Lucius,Postumus,Mae,ius,B-PERS:NOMEN,PROPN,Lucius,340,flat:name
783,Postumus,Maecius,Quintus,Pos,mus,B-PERS:COG,PROPN,Lucius,337,conj
783,Quintus,Postumus,Tillius,Qui,tus,B-PERS:PRAE,PROPN,Lucius,337,conj
783,Tillius,Quintus,Sassius,Til,ius,B-PERS:NOMEN,PROPN,Lucius,337,conj
783,Sassius,Tillius,<END>,Sas,ius,B-PERS:COG,PROPN,Lucius,337,conj
938,Dis,<START>,Manibus,Dis,Dis,O,NOUN,Manibus,2,case
938,Manibus,Dis,fecit,Man,bus,O,PROPN,fecit,3,obl
938,fecit,Manibus,Claudia,fec,cit,O,VERB,fecit,3,ROOT
938,Claudia,fecit,Prisca,Cla,dia,B-PERS:NOMEN,PROPN,fecit,3,nsubj
938,Prisca,Claudia,Ianuariae,Pri,sca,B-PERS:COG,ADJ,Claudia,4,appos
938,Ianuariae,Prisca,vernae,Ian,iae,B-PERS,ADJ,vernae,7,nmod
938,vernae,Ianuariae,suae,ver,nae,O,ADJ,fecit,3,nsubj
938,suae,vernae,vixit,sua,uae,O,DET,vernae,7,det
938,vixit,suae,annis,vix,xit,O,VERB,fecit,3,conj
938,annis,vixit,XIII,ann,nis,O,NOUN,vixit,9,obl
938,XIII,annis,diebus,XII,III,O,NUM,annis,10,nummod
938,diebus,XIII,VII,die,bus,O,NOUN,annis,10,nmod
938,VII,diebus,<END>,VII,VII,O,NUM,diebus,12,nummod
534,Viva,<START>,N,Viv,iva,O,VERB,Viva,1,ROOT
534,N,Viva,Oo,N,N,O,PUNCT,Viva,1,obl:tmod
534,Oo,N,Nacu,Oo,Oo,O,PUNCT,N,2,fixed
534,Nacu,Oo,et,Nac,acu,B-PERS,PROPN,Oo,3,flat
534,et,Nacu,vivus,et,et,O,CCONJ,uxor,7,cc
534,vivus,et,uxor,viv,vus,O,ADJ,uxor,7,amod
534,uxor,vivus,<END>,uxo,xor,O,NOUN,Viva,1,conj
23,Quintus,<START>,Cassius,Qui,tus,B-PERS:PRAE,PROPN,debuit,11,nsubj
23,Cassius,Quintus,Nigri,Cas,ius,B-PERS:NOMEN,PROPN,Quintus,1,flat:name
23,Nigri,Cassius,filius,Nig,gri,B-PERS:FILI,PROPN,filius,4,nmod
23,filius,Nigri,Celtiber,fil,ius,I-PERS:FILI,NOUN,Quintus,1,appos
23,Celtiber,filius,ordine,Cel,ber,B-PERS:COG,NOUN,Quintus,1,appos
23,ordine,Celtiber,turbato,ord,ine,O,NOUN,maior,8,obl
23,turbato,ordine,maior,tur,ato,O,ADJ,ordine,6,acl
23,maior,turbato,sepelire,mai,ior,O,ADJ,debuit,11,xcomp
23,sepelire,maior,minorem,sep,ire,O,VERB,debuit,11,xcomp
23,minorem,sepelire,debuit,min,rem,O,ADJ,sepelire,9,obj
23,debuit,minorem,et,deb,uit,O,VERB,debuit,11,ROOT
23,et,debuit,patria,et,et,O,CCONJ,pueri,56,cc
23,patria,et,condere,pat,ria,O,NOUN,mollius,28,obl
23,condere,patria,ab,con,ere,O,VERB,maior,8,conj
23,ab,condere,arce,ab,ab,O,ADP,arce,16,case
23,arce,ab,procul,arc,rce,O,NOUN,condere,14,obl:lmod
23,procul,arce,ID,pro,cul,O,ADV,condere,14,advmod:lmod
23,ID,procul,A,ID,ID,O,PUNCT,condere,14,obl:tmod
23,A,ID,triste,A,A,O,ADP,ID,18,dep
23,triste,A,C,tri,ste,O,ADJ,ID,18,amod
23,C,triste,perdito,C,C,O,PUNCT,ratis,51,dep
23,perdito,C,an,per,ito,O,VERB,ID,18,orphan
23,an,perdito,VE,an,an,O,CCONJ,rapto,25,cc
23,VE,an,rapto,VE,VE,O,CCONJ,rapto,25,nsubj:pass
23,rapto,VE,terra,rap,pto,O,X,condere,14,conj
23,terra,rapto,nec,ter,rra,O,NOUN,rapto,25,nsubj:pass
23,nec,terra,mollius,nec,nec,O,CCONJ,mollius,28,cc
23,mollius,nec,in,mol,ius,O,ADV,maior,8,conj
23,in,mollius,patria,in,in,O,ADP,patria,30,case
23,patria,in,fuerat,pat,ria,O,NOUN,mollius,28,obl
23,fuerat,patria,sepelitus,fue,rat,O,AUX,mollius,28,cop
23,sepelitus,fuerat,III,sep,tus,O,VERB,mollius,28,nsubj
23,III,sepelitus,tu,III,III,O,NUM,mollius,28,orphan
23,tu,III,mihi,tu,tu,O,PRON,debuit,11,dep
23,mihi,tu,sola,mih,ihi,O,PRON,tu,34,orphan
23,sola,mihi,places,sol,ola,O,DET,places,37,det
23,places,sola,sed,pla,ces,O,NOUN,tu,34,orphan
23,sed,places,CDS,sed,sed,O,CCONJ,mater,41,cc
23,CDS,sed,illic,CDS,CDS,O,ADP,mater,41,nsubj
23,illic,CDS,mater,ill,lic,O,ADV,mater,41,advmod
23,mater,illic,eras,mat,ter,O,NOUN,mutatis,44,advcl
23,eras,mater,FIIIONVCIITS,era,ras,O,AUX,mater,41,cop
23,FIIIONVCIITS,eras,mutatis,FII,ITS,O,ADJ,mutatis,44,nsubj:pass
23,mutatis,FIIIONVCIITS,spatio,mut,tis,O,VERB,maior,8,ccomp
23,spatio,mutatis,quo,spa,tio,O,NOUN,mutatis,44,obl
23,quo,spatio,I,quo,quo,O,ADV,properas,59,obl:lmod
23,I,quo,te,I,I,O,NUM,ratis,51,orphan
23,te,I,qua,te,te,O,PRON,ratis,51,orphan
23,qua,te,morte,qua,qua,O,PRON,morte,50,det
23,morte,qua,ratis,mor,rte,O,NOUN,te,48,orphan
23,ratis,morte,CVT,rat,tis,O,NOUN,properas,59,nsubj
23,CVT,ratis,C,CVT,CVT,O,NUM,ratis,51,orphan
23,C,CVT,unius,C,C,O,PUNCT,ratis,51,dep
23,unius,C,et,uni,ius,O,DET,ratis,51,nummod
23,et,unius,pueri,et,et,O,CCONJ,pueri,56,cc
23,pueri,et,POT,pue,eri,O,NOUN,ti,60,nmod
23,POT,pueri,quae,POT,POT,O,X,pueri,56,orphan
23,quae,POT,properas,qua,uae,O,PRON,properas,59,nsubj
23,properas,quae,ti,pro,ras,O,VERB,mutatis,44,advcl
23,ti,properas,DC,ti,ti,O,PRON,properas,59,obj
23,DC,ti,<END>,DC,DC,O,NUM,properas,59,nsubj
543,Imperator,<START>,Caesar,Imp,tor,B-PERS:TITLE,NOUN,iussit,27,nsubj
543,Caesar,Imperator,divi,Cae,sar,B-PERS:TITLE,PROPN,Imperator,1,flat
543,divi,Caesar,Traiani,div,ivi,B-PERS:FILI,VERB,Nervae,8,amod
543,Traiani,divi,Parthici,Tra,ani,I-PERS:FILI,PROPN,filius,6,nmod
543,Parthici,Traiani,filius,Par,ici,I-PERS:FILI,ADJ,Traiani,4,amod
543,filius,Parthici,divi,fil,ius,I-PERS:FILI,NOUN,Caesar,2,appos
543,divi,filius,Nervae,div,ivi,B-PERS:FILI,VERB,Nervae,8,amod
543,Nervae,divi,nepos,Ner,vae,I-PERS:FILI,PROPN,nepos,9,nmod
543,nepos,Nervae,Traianus,nep,pos,I-PERS:FILI,NOUN,Caesar,2,conj
543,Traianus,nepos,Hadrianus,Tra,nus,B-PERS:NOMEN,PROPN,Imperator,1,appos
543,Hadrianus,Traianus,Augustus,Had,nus,B-PERS:COG,PROPN,Traianus,10,flat:name
543,Augustus,Hadrianus,pontifex,Aug,tus,B-PERS:TITLE,PROPN,Traianus,10,flat:name
543,pontifex,Augustus,maximus,pon,fex,B-TITLE,NOUN,Traianus,10,appos
543,maximus,pontifex,tribunicia,max,mus,I-TITLE,ADJ,pontifex,13,amod
543,tribunicia,maximus,potestate,tri,cia,B-TITLE,ADJ,potestate,16,amod
543,potestate,tribunicia,consul,pot,ate,I-TITLE,NOUN,consul,17,obl
543,consul,potestate,III,con,sul,B-TITLE,NOUN,iussit,27,xcomp
543,III,consul,pater,III,III,O,NUM,consul,17,dep
543,pater,III,patriae,pat,ter,B-TITLE,NOUN,consul,17,conj
543,patriae,pater,proconsul,pat,iae,I-TITLE,ADJ,pater,19,nmod
543,proconsul,patriae,pecunia,pro,sul,O,NOUN,pater,19,appos
543,pecunia,proconsul,sacra,pec,nia,O,NOUN,fieri,26,obl
543,sacra,pecunia,deae,sac,cra,O,ADJ,pecunia,22,amod
543,deae,sacra,Dictunnae,dea,eae,O,NOUN,pecunia,22,nmod
543,Dictunnae,deae,fieri,Dic,nae,O,PROPN,pecunia,22,nmod
543,fieri,Dictunnae,iussit,fie,eri,O,VERB,iussit,27,ccomp
543,iussit,fieri,XI,ius,sit,O,VERB,iussit,27,ROOT
543,XI,iussit,<END>,XI,XI,O,NUM,iussit,27,dep
98,CAANII,<START>,Caio,CAA,NII,O,NUM,CAANII,1,ROOT
98,Caio,CAANII,Neratio,Cai,aio,B-PERS:PRAE,PROPN,CAANII,1,obl:arg
98,Neratio,Caio,Cai,Ner,tio,B-PERS:NOMEN,NOUN,Caio,2,flat:name
98,Cai,Neratio,filio,Cai,Cai,B-PERS:FILI,PROPN,Cai,8,appos
98,filio,Cai,Cai,fil,lio,I-PERS:FILI,NOUN,Cai,4,appos
98,Cai,filio,nepoti,Cai,Cai,B-PERS:FILI,PROPN,Cai,8,appos
98,nepoti,Cai,Cai,nep,oti,I-PERS:FILI,NOUN,Cai,6,amod
98,Cai,nepoti,pronepoti,Cai,Cai,B-PERS:FILI,PROPN,Cai,8,appos
98,pronepoti,Cai,Cai,pro,oti,I-PERS:FILI,NOUN,Cai,8,amod
98,Cai,pronepoti,abnepoti,Cai,Cai,B-PERS:FILI,PROPN,Cai,8,appos
98,abnepoti,Cai,Cornelia,abn,oti,I-PERS:FILI,NOUN,Cai,10,amod
98,Cornelia,abnepoti,Proculo,Cor,lia,B-PERS:TRIBE,PROPN,CAANII,1,conj
98,Proculo,Cornelia,Maximilliano,Pro,ulo,B-PERS:AG,PROPN,CAANII,1,conj
98,Maximilliano,Proculo,Betitio,Max,ano,B-PERS:AG,PROPN,Proculo,13,flat:name
98,Betitio,Maximilliano,Pio,Bet,tio,B-PERS:AG,PROPN,CAANII,1,conj
98,Pio,Betitio,patrono,Pio,Pio,B-PERS:AG,PROPN,Betitio,15,flat:name
98,patrono,Pio,coloniae,pat,ono,O,NOUN,Betitio,15,appos
98,coloniae,patrono,Epaphroditus,col,iae,O,NOUN,patrono,17,nmod
98,Epaphroditus,coloniae,et,Epa,tus,B-PERS,PROPN,CAANII,1,conj
98,et,Epaphroditus,Conventa,et,et,O,CCONJ,Conventa,21,cc
98,Conventa,et,liberti,Con,nta,B-PERS,VERB,CAANII,1,conj
98,liberti,Conventa,locus,lib,rti,B-PERS:FILI,NOUN,locus,23,nmod
98,locus,liberti,datus,loc,cus,O,NOUN,datus,24,nsubj:pass
98,datus,locus,decreto,dat,tus,O,VERB,CAANII,1,conj
98,decreto,datus,decurionum,dec,eto,O,NOUN,datus,24,obl:agent
98,decurionum,decreto,<END>,dec,num,O,NOUN,decreto,25,nmod
296,Quintus,<START>,Fabius,Qui,tus,B-PERS:PRAE,PROPN,solvit,7,nsubj
296,Fabius,Quintus,Theodorus,Fab,ius,B-PERS:NOMEN,PROPN,Quintus,1,flat:name
296,Theodorus,Fabius,veteranus,The,rus,B-PERS:COG,PROPN,Quintus,1,flat:name
296,veteranus,Theodorus,Genio,vet,nus,O,ADJ,Theodorus,3,amod
296,Genio,veteranus,votum,Gen,nio,O,PROPN,solvit,7,obl
296,votum,Genio,solvit,vot,tum,O,NOUN,solvit,7,obj
296,solvit,votum,<END>,sol,vit,O,VERB,solvit,7,ROOT
461,DDDominorum,<START>,nnnostrorum,DDD,rum,O,PROPN,principum,4,nmod
461,nnnostrorum,DDDominorum,Invictissimorum,nnn,rum,O,NOUN,DDDominorum,1,nmod
461,Invictissimorum,nnnostrorum,principum,Inv,rum,O,ADJ,principum,4,amod
461,principum,Invictissimorum,Valentiniani,pri,pum,O,NOUN,principum,4,ROOT
461,Valentiniani,principum,Valentis,Val,ani,B-PERS,PROPN,principum,4,nmod
461,Valentis,Valentiniani,et,Val,tis,B-PERS,VERB,Valentiniani,5,conj
461,et,Valentis,Gratiani,et,et,O,CCONJ,Gratiani,8,cc
461,Gratiani,et,semper,Gra,ani,B-PERS,PROPN,Valentiniani,5,conj
461,semper,Gratiani,Augustorum,sem,per,O,ADV,Augustorum,10,advmod:tmod
461,Augustorum,semper,VII,Aug,rum,B-TITLE,PROPN,Valentiniani,5,conj
461,VII,Augustorum,<END>,VII,VII,O,NUM,Valentiniani,5,conj
198,Apollini,<START>,Granno,Apo,ini,O,PROPN,dedicavit,6,nmod
198,Granno,Apollini,Martius,Gra,nno,O,NOUN,Apollini,1,conj
198,Martius,Granno,Senopatius,Mar,ius,B-PERS:PRAE,ADJ,Senopatius,4,amod
198,Senopatius,Martius,Novellus,Sen,ius,B-PERS:NOMEN,PROPN,Apollini,1,appos
198,Novellus,Senopatius,dedicavit,Nov,lus,B-PERS:COG,NOUN,Senopatius,4,amod
198,dedicavit,Novellus,XV,ded,vit,O,VERB,dedicavit,6,ROOT
198,XV,dedicavit,Kalendas,XV,XV,O,NUM,dedicavit,6,obl:tmod
198,Kalendas,XV,Septembres,Kal,das,O,NOUN,XV,7,nmod
198,Septembres,Kalendas,Pisone,Sep,res,O,NOUN,Kalendas,8,amod
198,Pisone,Septembres,et,Pis,one,B-PERS:COG,PROPN,consulibus,13,nsubj
198,et,Pisone,Iuliano,et,et,O,CCONJ,Iuliano,12,cc
198,Iuliano,et,consulibus,Iul,ano,B-PERS:COG,PROPN,Pisone,10,conj
198,consulibus,Iuliano,<END>,con,bus,O,NOUN,dedicavit,6,advcl:abs
708,Clodia,<START>,Urbana,Clo,dia,B-PERS:NOMEN,PROPN,fecit,12,dep
708,Urbana,Clodia,annorum,Urb,ana,B-PERS:COG,ADJ,Clodia,1,amod
708,annorum,Urbana,XXXX,ann,rum,O,NOUN,Clodia,1,appos
708,XXXX,annorum,mensis,XXX,XXX,O,NUM,annorum,3,nummod
708,mensis,XXXX,semis,men,sis,O,NOUN,fecit,12,obl
708,semis,mensis,Sempronianus,sem,mis,O,NOUN,mensis,5,nmod
708,Sempronianus,semis,coniugi,Sem,nus,B-PERS,PROPN,fecit,12,nsubj
708,coniugi,Sempronianus,incomparabili,con,ugi,O,NOUN,fecit,12,obl:arg
708,incomparabili,coniugi,et,inc,ili,O,ADJ,coniugi,8,amod
708,et,incomparabili,amantissimae,et,et,O,CCONJ,amantissimae,11,cc
708,amantissimae,et,fecit,ama,mae,O,ADJ,incomparabili,9,conj
708,fecit,amantissimae,tu,fec,cit,O,VERB,fecit,12,ROOT
708,tu,fecit,qui,tu,tu,O,PRON,fecit,12,nsubj
708,qui,tu,de,qui,qui,O,PUNCT,venis,22,nsubj
708,de,qui,contra,de,de,O,ADP,legiEs,17,case
708,contra,de,legiEs,con,tra,O,ADV,legiEs,17,case
708,legiEs,contra,ed,leg,iEs,O,NOUN,venis,22,obl
708,ed,legiEs,ae,ed,ed,O,CCONJ,bibe,20,cc
708,ae,ed,bibe,ae,ae,O,CCONJ,bibe,20,advmod
708,bibe,ae,lude,bib,ibe,O,VERB,venis,22,advcl:abs
708,lude,bibe,venis,lud,ude,O,VERB,bibe,20,obl
708,venis,lude,<END>,ven,nis,O,VERB,tu,13,acl:relcl
262,Dis,<START>,Manibus,Dis,Dis,O,NOUN,Manibus,2,case
262,Manibus,Dis,Valeriae,Man,bus,O,PROPN,vixit,7,obl
262,Valeriae,Manibus,Memphidi,Val,iae,B-PERS:NOMEN,ADJ,Manibus,2,nmod
262,Memphidi,Valeriae,parentes,Mem,idi,B-PERS:COG,NOUN,parentes,5,nmod
262,parentes,Memphidi,infelicissimi,par,tes,O,NOUN,Manibus,2,appos
262,infelicissimi,parentes,vixit,inf,imi,O,ADJ,vixit,7,nsubj
262,vixit,infelicissimi,annos,vix,xit,O,VERB,fecerunt,19,advcl
262,annos,vixit,XVIII,ann,nos,O,NOUN,vixit,7,obj
262,XVIII,annos,menses,XVI,III,O,NUM,vixit,7,obl:tmod
262,menses,XVIII,X,men,ses,O,NOUN,vixit,7,obl:tmod
262,X,menses,Valeria,X,X,O,NUM,vixit,7,obl:tmod
262,Valeria,X,Cai,Val,ria,B-PERS:NOMEN,PROPN,vixit,7,nsubj
262,Cai,Valeria,filia,Cai,Cai,B-PERS:FILI,PROPN,filia,14,nmod
262,filia,Cai,Secunda,fil,lia,I-PERS:FILI,NOUN,Valeria,12,appos
262,Secunda,filia,libertae,Sec,nda,B-PERS:COG,ADJ,Valeria,12,appos
262,libertae,Secunda,bene,lib,tae,B-PERS:FILI,NOUN,fecerunt,19,nsubj
262,bene,libertae,merenti,ben,ene,O,ADV,merenti,18,advmod
262,merenti,bene,fecerunt,mer,nti,O,ADJ,fecerunt,19,advcl
262,fecerunt,merenti,<END>,fec,unt,O,VERB,fecerunt,19,ROOT
311,Antonino,<START>,Augusto,Ant,ino,B-PERS:NOMEN,PROPN,Antonino,1,ROOT
311,Augusto,Antonino,Germanico,Aug,sto,B-PERS:TITLE,PROPN,Antonino,1,flat:name
311,Germanico,Augusto,<END>,Ger,ico,B-PERS:AG,PROPN,Antonino,1,appos
980,Memoriae,<START>,Iuliae,Mem,iae,O,NOUN,Memoriae,1,ROOT
980,Iuliae,Memoriae,Crescentiae,Iul,iae,B-PERS:NOMEN,PROPN,Memoriae,1,nmod
980,Crescentiae,Iuliae,matri,Cre,iae,B-PERS:COG,PROPN,Iuliae,2,flat:name
980,matri,Crescentiae,pudicissimae,mat,tri,O,NOUN,nominandae,7,obl:arg
980,pudicissimae,matri,semper,pud,mae,O,ADJ,matri,4,amod
980,semper,pudicissimae,nominandae,sem,per,O,ADV,nominandae,7,advmod:tmod
980,nominandae,semper,f,nom,dae,O,VERB,Memoriae,1,acl
980,f,nominandae,leminabus,f,f,O,ADP,leminabus,9,case
980,leminabus,f,matronae,lem,bus,O,NOUN,nominandae,7,obl
980,matronae,leminabus,et,mat,nae,O,NOUN,leminabus,9,nmod
980,et,matronae,hominibus,et,et,O,CCONJ,hominibus,12,cc
980,hominibus,et,<END>,hom,bus,O,NOUN,matronae,10,conj
161,Scholae,<START>,Genio,Sch,lae,O,PROPN,dedit,18,obl:arg
161,Genio,Scholae,mensorum,Gen,nio,O,PROPN,dedit,18,obl
161,mensorum,Genio,et,men,rum,O,NOUN,Genio,2,nmod
161,et,mensorum,legionis,et,et,O,CCONJ,legionis,5,cc
161,legionis,et,VII,leg,nis,O,NOUN,Genio,2,conj
161,VII,legionis,Claudiae,VII,VII,O,NUM,Genio,2,nummod
161,Claudiae,VII,pro,Cla,iae,O,PROPN,VII,6,flat
161,pro,Claudiae,salute,pro,pro,O,ADP,salute,9,case
161,salute,pro,ddominorum,sal,ute,O,NOUN,dedit,18,obl
161,ddominorum,salute,nnostrorum,ddo,rum,O,NOUN,salute,9,nmod
161,nnostrorum,ddominorum,Auggustorum,nno,rum,O,DET,salute,9,det
161,Auggustorum,nnostrorum,Alexander,Aug,rum,O,NOUN,salute,9,nmod
161,Alexander,Auggustorum,Fortunati,Ale,der,B-PERS:NOMEN,PROPN,dedit,18,nsubj
161,Fortunati,Alexander,dispensator,For,ati,B-PERS:COG,PROPN,Alexander,13,appos
161,dispensator,Fortunati,horreorum,dis,tor,O,NOUN,Fortunati,14,appos
161,horreorum,dispensator,donum,hor,rum,O,NOUN,dispensator,15,nmod
161,donum,horreorum,dedit,don,num,O,NOUN,dedit,18,obj
161,dedit,donum,<END>,ded,dit,O,VERB,dedit,18,ROOT
403,Dis,<START>,Manibus,Dis,Dis,O,NOUN,Manibus,2,case
403,Manibus,Dis,Agathe,Man,bus,O,PROPN,vixit,6,obl
403,Agathe,Manibus,vernae,Aga,the,B-PERS,PROPN,Manibus,2,flat
403,vernae,Agathe,dulcissimae,ver,nae,O,ADJ,Eutycho,17,nmod
403,dulcissimae,vernae,vixit,dul,mae,O,ADJ,vernae,4,amod
403,vixit,dulcissimae,annos,vix,xit,O,VERB,vixit,12,conj
403,annos,vixit,III,ann,nos,O,NOUN,vixit,20,obj
403,III,annos,Heliconis,III,III,O,NUM,annos,21,nummod
403,Heliconis,III,vernae,Hel,nis,B-PERS,PROPN,annos,7,nmod
403,vernae,Heliconis,dulcissimo,ver,nae,O,ADJ,Eutycho,17,nmod
403,dulcissimo,vernae,vixit,dul,imo,O,ADJ,vixit,20,advcl:abs
403,vixit,dulcissimo,annos,vix,xit,O,VERB,vixit,12,conj
403,annos,vixit,III,ann,nos,O,NOUN,vixit,20,obj
403,III,annos,menses,III,III,O,NUM,annos,21,nummod
403,menses,III,IIII,men,ses,O,NOUN,vixit,12,obl
403,IIII,menses,Eutycho,III,III,O,NUM,mensium,26,amod
403,Eutycho,IIII,vernae,Eut,cho,B-PERS,PROPN,dulcissimo,19,nsubj
403,vernae,Eutycho,dulcissimo,ver,nae,O,ADJ,Eutycho,17,nmod
403,dulcissimo,vernae,vixit,dul,imo,O,ADJ,vixit,20,advcl:abs
403,vixit,dulcissimo,annos,vix,xit,O,VERB,vixit,12,conj
403,annos,vixit,III,ann,nos,O,NOUN,vixit,20,obj
403,III,annos,veIrnae,III,III,O,NUM,annos,21,nummod
403,veIrnae,III,dulcissim,veI,nae,O,NOUN,annos,21,nmod
403,dulcissim,veIrnae,fecit,dul,sim,O,ADJ,fecit,25,xcomp
403,fecit,dulcissim,mensium,fec,cit,O,VERB,vixit,12,conj
403,mensium,fecit,IIII,men,ium,O,NOUN,fecit,25,nmod
403,IIII,mensium,fecit,III,III,O,NUM,mensium,26,amod
403,fecit,IIII,Aulus,fec,cit,O,VERB,vixit,12,conj
403,Aulus,fecit,Iunius,Aul,lus,B-PERS:PRAE,PROPN,fecit,28,nsubj
403,Iunius,Aulus,Gamus,Iun,ius,B-PERS:NOMEN,PROPN,Aulus,29,amod
403,Gamus,Iunius,<END>,Gam,mus,B-PERS:COG,PROPN,fecit,28,xcomp
540,Lucio,<START>,Caesennio,Luc,cio,B-PERS,PROPN,praefecto,7,nsubj
540,Caesennio,Lucio,Publi,Cae,nio,I-PERS,PROPN,Lucio,1,flat:name
540,Publi,Caesennio,filio,Pub,bli,I-PERS,PROPN,filio,4,nmod
540,filio,Publi,Secundioni,fil,lio,I-PERS,NOUN,Lucio,1,appos
540,Secundioni,filio,Furiano,Sec,oni,I-PERS,NOUN,filio,4,nmod
540,Furiano,Secundioni,praefecto,Fur,ano,I-PERS,PROPN,Secundioni,5,flat:name
540,praefecto,Furiano,iure,pra,cto,O,NOUN,praefecto,7,ROOT
540,iure,praefecto,dicundo,iur,ure,O,NOUN,dicundo,9,obl
540,dicundo,iure,quaestori,dic,ndo,O,VERB,praefecto,7,advcl:abs
540,quaestori,dicundo,IIviro,qua,ori,B-TITLE,NOUN,praefecto,7,conj
540,IIviro,quaestori,flamini,IIv,iro,O,PROPN,praefecto,7,conj
540,flamini,IIviro,perpetuo,fla,ini,O,NOUN,praefecto,7,obl
540,perpetuo,flamini,ex,per,tuo,O,ADV,decreto,17,amod
540,ex,perpetuo,testamento,ex,ex,O,ADP,testamento,15,case
540,testamento,ex,eius,tes,nto,O,NOUN,decreto,17,nmod
540,eius,testamento,decreto,eiu,ius,O,ADV,testamento,15,nmod
540,decreto,eius,decurionum,dec,eto,O,NOUN,praefecto,7,obl
540,decurionum,decreto,<END>,dec,num,O,NOUN,decreto,17,appos
177,Imperatori,<START>,Caio,Imp,ori,B-PERS:TITLE,NOUN,Imperatori,1,ROOT
177,Caio,Imperatori,Iulio,Cai,aio,B-PERS:PRAE,PROPN,Imperatori,1,flat
177,Iulio,Caio,Vero,Iul,lio,B-PERS:NOMEN,PROPN,Caio,2,flat:name
177,Vero,Iulio,Maximo,Ver,ero,B-PERS:COG,ADV,Caio,2,flat:name
177,Maximo,Vero,nobilissimo,Max,imo,B-PERS:AG,PROPN,Caio,2,flat:name
177,nobilissimo,Maximo,Caesari,nob,imo,B-PERS:TITLE,ADJ,Caio,2,amod
177,Caesari,nobilissimo,Germanico,Cae,ari,I-PERS:TITLE,PROPN,Imperatori,1,appos
177,Germanico,Caesari,maximo,Ger,ico,B-PERS:TITLE,PROPN,Imperatori,1,appos
177,maximo,Germanico,Sarmatico,max,imo,I-PERS:TITLE,ADJ,Germanico,8,conj
177,Sarmatico,maximo,maximo,Sar,ico,B-PERS:TITLE,PROPN,Germanico,8,conj
177,maximo,Sarmatico,Dacico,max,imo,I-PERS:TITLE,ADJ,Germanico,8,conj
177,Dacico,maximo,maximo,Dac,ico,B-PERS:TITLE,ADJ,Germanico,8,flat
177,maximo,Dacico,principi,max,imo,I-PERS:TITLE,ADJ,Germanico,8,conj
177,principi,maximo,iuventutis,pri,ipi,B-TITLE,PUNCT,filio,16,nmod
177,iuventutis,principi,filio,iuv,tis,I-TITLE,NOUN,principi,14,nmod
177,filio,iuventutis,Maximini,fil,lio,O,NOUN,Germanico,8,appos
177,Maximini,filio,Augusti,Max,ini,B-PERS:NOMEN,PROPN,Augusti,18,amod
177,Augusti,Maximini,eqquites,Aug,sti,B-PERS:TITLE,PROPN,filio,16,nmod
177,eqquites,Augusti,alae,eqq,tes,O,NOUN,Imperatori,1,appos
177,alae,eqquites,III,ala,lae,O,NOUN,eqquites,19,nmod
177,III,alae,Augustae,III,III,O,NUM,alae,20,nummod
177,Augustae,III,Thracum,Aug,tae,O,PROPN,alae,20,nmod
177,Thracum,Augustae,MaximinMianae,Thr,cum,O,PROPN,Imperatori,1,dep
177,MaximinMianae,Thracum,devoti,Max,nae,O,PROPN,Thracum,23,nmod
177,devoti,MaximinMianae,Numini,dev,oti,O,ADJ,Thracum,23,amod
177,Numini,devoti,maiestatique,Num,ini,O,NOUN,Thracum,23,dep
177,maiestatique,Numini,eius,mai,que,O,ADJ,,-1,
177,eius,maiestatique,<END>,eiu,ius,O,ADV,que,28,nmod
727,pontifici,<START>,maximo,pon,ici,B-TITLE,NOUN,fecit,10,obl:arg
727,maximo,pontifici,tribunicia,max,imo,I-TITLE,ADJ,potestate,4,amod
727,tribunicia,maximo,potestate,tri,cia,B-TITLE,ADJ,potestate,4,amod
727,potestate,tribunicia,consuli,pot,ate,I-TITLE,NOUN,fecit,10,obl
727,consuli,potestate,III,con,uli,B-TITLE,NOUN,fecit,10,obl
727,III,consuli,legio,III,III,O,NUM,consuli,5,flat
727,legio,III,IIII,leg,gio,O,NOUN,fecit,10,obj
727,IIII,legio,Scythica,III,III,O,NUM,legio,7,nummod
727,Scythica,IIII,fecit,Scy,ica,O,ADJ,fecit,10,xcomp
727,fecit,Scythica,<END>,fec,cit,O,VERB,fecit,10,ROOT
794,Dis,<START>,Manibus,Dis,Dis,O,NOUN,Manibus,2,case
794,Manibus,Dis,Marcus,Man,bus,O,PROPN,comparavit,6,obl
794,Marcus,Manibus,Ulpius,Mar,cus,B-PERS:PRAE,PROPN,comparavit,6,nsubj
794,Ulpius,Marcus,Eupor,Ulp,ius,B-PERS:NOMEN,PROPN,Marcus,3,flat:name
794,Eupor,Ulpius,comparavit,Eup,por,B-PERS:COG,PROPN,Marcus,3,flat:name
794,comparavit,Eupor,sibi,com,vit,O,VERB,comparavit,6,ROOT
794,sibi,comparavit,et,sib,ibi,O,PRON,comparavit,6,obl:arg
794,et,sibi,Flaviae,et,et,O,CCONJ,libertis,19,cc
794,Flaviae,et,Marcianeti,Fla,iae,B-PERS:NOMEN,PROPN,sibi,7,conj
794,Marcianeti,Flaviae,coniugi,Mar,eti,B-PERS:COG,PROPN,Flaviae,9,appos
794,coniugi,Marcianeti,suae,con,ugi,O,NOUN,Flaviae,9,appos
794,suae,coniugi,et,sua,uae,O,DET,coniugi,11,det
794,et,suae,Euporiae,et,et,O,CCONJ,libertis,19,cc
794,Euporiae,et,et,Eup,iae,B-PERS,PROPN,coniugi,11,conj
794,et,Euporiae,Hilarino,et,et,O,CCONJ,libertis,19,cc
794,Hilarino,et,filiis,Hil,ino,B-PERS,PROPN,Flaviae,9,conj
794,filiis,Hilarino,et,fil,iis,O,NOUN,Flaviae,9,appos
794,et,filiis,libertis,et,et,O,CCONJ,libertis,19,cc
794,libertis,et,libertabusque,lib,tis,O,ADJ,filiis,17,conj
794,libertabusque,libertis,posterisque,lib,que,O,VERB,,-1,
794,posterisque,libertabusque,eorum,pos,que,O,NOUN,,-1,
794,eorum,posterisque,<END>,eor,rum,O,PRON,que,23,nmod
819,Marcus,<START>,Stertinius,Mar,cus,B-PERS:PRAE,PROPN,vixit,8,nsubj
819,Stertinius,Marcus,Marci,Ste,ius,B-PERS:NOMEN,PROPN,Marcus,1,flat:name
819,Marci,Stertinius,filius,Mar,rci,B-PERS:FILI,PROPN,filius,4,nmod
819,filius,Marci,Arnensi,fil,ius,I-PERS:FILI,NOUN,Marcus,1,appos
819,Arnensi,filius,Rogatus,Arn,nsi,B-PERS:COG,ADJ,filius,4,nmod
819,Rogatus,Arnensi,pius,Rog,tus,B-LOC,VERB,Marcus,1,acl
819,pius,Rogatus,vixit,piu,ius,O,ADJ,vixit,8,xcomp
819,vixit,pius,annis,vix,xit,O,VERB,vixit,8,ROOT
819,annis,vixit,LXXV,ann,nis,O,NOUN,vixit,8,obl
819,LXXV,annis,hic,LXX,XXV,O,NUM,annis,9,nummod
819,hic,LXXV,situs,hic,hic,O,ADV,situs,12,nsubj
819,situs,hic,est,sit,tus,O,NOUN,vixit,8,conj
819,est,situs,<END>,est,est,O,AUX,situs,12,cop
779,Marcus,<START>,Mindius,Mar,cus,B-PERS:PRAE,PROPN,posuit,12,nsubj
779,Mindius,Marcus,Marci,Min,ius,B-PERS:NOMEN,PROPN,Marcus,1,flat:name
779,Marci,Mindius,filius,Mar,rci,B-PERS:FILI,PROPN,filius,4,nmod
779,filius,Marci,Galeria,fil,ius,I-PERS:FILI,NOUN,Marcus,1,appos
779,Galeria,filius,Maximus,Gal,ria,B-PERS:TRIBE,PROPN,Marcus,1,flat:name
779,Maximus,Galeria,statuam,Max,mus,B-PERS:COG,PROPN,Galeria,5,flat:name
779,statuam,Maximus,Mercurii,sta,uam,O,NOUN,posuit,12,obj
779,Mercurii,statuam,ob,Mer,rii,O,PROPN,statuam,7,nmod
779,ob,Mercurii,honorem,ob,ob,O,ADP,honorem,10,case
779,honorem,ob,quinquennalitatis,hon,rem,O,NOUN,posuit,12,obl
779,quinquennalitatis,honorem,posuit,qui,tis,O,NOUN,honorem,10,nmod
779,posuit,quinquennalitatis,cuius,pos,uit,O,VERB,posuit,12,ROOT
779,cuius,posuit,dedicatione,cui,ius,O,PUNCT,dedicatione,14,nmod
779,dedicatione,cuius,dedit,ded,one,O,NOUN,dedit,15,obl
779,dedit,dedicatione,populo,ded,dit,O,VERB,posuit,12,dep
779,populo,dedit,viritim,pop,ulo,O,NOUN,dedit,15,obl:arg
779,viritim,populo,denarios,vir,tim,O,ADV,dedit,15,advmod
779,denarios,viritim,singulos,den,ios,O,NOUN,dedit,15,obj
779,singulos,denarios,locus,sin,los,O,ADJ,locus,20,amod
779,locus,singulos,datus,loc,cus,O,NOUN,denarios,18,appos
779,datus,locus,decreto,dat,tus,O,VERB,denarios,18,acl
779,decreto,datus,decurionum,dec,eto,O,NOUN,dedit,15,obl
779,decurionum,decreto,<END>,dec,num,O,NOUN,decreto,22,nmod
757,Quinto,<START>,Severio,Qui,nto,B-PERS:PRAE,ADV,Quinto,1,ROOT
757,Severio,Quinto,Quinti,Sev,rio,B-PERS:NOMEN,PROPN,Quinto,1,flat:name
757,Quinti,Severio,Severi,Qui,nti,B-PERS:FILI,PROPN,filio,6,nmod
757,Severi,Quinti,Marcelli,Sev,eri,I-PERS:FILI,PROPN,Quinti,3,flat:name
757,Marcelli,Severi,filio,Mar,lli,I-PERS:FILI,PROPN,filio,6,nmod
757,filio,Marcelli,Cornelia,fil,lio,I-PERS:FILI,NOUN,Quinto,1,appos
757,Cornelia,filio,Marciano,Cor,lia,B-PERS:TRIBE,PROPN,Quinto,1,flat:name
757,Marciano,Cornelia,decurioni,Mar,ano,B-PERS:COG,PROPN,Cornelia,7,flat:name
757,decurioni,Marciano,coloniae,dec,oni,O,NOUN,Quinto,1,appos
757,coloniae,decurioni,Iuliae,col,iae,B-LOC,NOUN,aedili,13,nmod
757,Iuliae,coloniae,Equestris,Iul,iae,I-LOC,PROPN,coloniae,10,nmod
757,Equestris,Iuliae,aedili,Equ,ris,I-LOC,ADJ,Iuliae,11,amod
757,aedili,Equestris,praefecto,aed,ili,O,NOUN,Quinto,1,appos
757,praefecto,aedili,pro,pra,cto,B-TITLE,NOUN,praefecto,14,conj
757,pro,praefecto,IIviris,pro,pro,O,ADP,IIviris,16,case
757,IIviris,pro,praefecto,IIv,ris,O,ADV,praefecto,17,nmod
757,praefecto,IIviris,arcendis,pra,cto,B-TITLE,NOUN,praefecto,14,conj
757,arcendis,praefecto,latrociniis,arc,dis,O,VERB,praefecto,17,advcl:abs
757,latrociniis,arcendis,IIviro,lat,iis,O,NOUN,arcendis,18,nsubj:pass
757,IIviro,latrociniis,bis,IIv,iro,O,PROPN,praefecto,14,nsubj
757,bis,IIviro,flamini,bis,bis,O,ADV,flamini,22,advmod
757,flamini,bis,Augusti,fla,ini,O,NOUN,Quinto,1,conj
757,Augusti,flamini,<END>,Aug,sti,O,PROPN,flamini,22,nmod
298,quiescQVente,<START>,in,qui,nte,O,VERB,depositus,8,advcl:abs
298,in,quiescQVente,pace,in,in,O,ADP,pace,3,case
298,pace,in,vixit,pac,ace,O,PUNCT,vixit,4,obl
298,vixit,pace,annos,vix,xit,O,VERB,depositus,8,advcl
298,annos,vixit,plus,ann,nos,O,NOUN,vixit,4,nsubj
298,plus,annos,minus,plu,lus,O,ADV,minus,7,advmod
298,minus,plus,depositus,min,nus,O,ADV,depositus,8,advmod
298,depositus,minus,Iduum,dep,tus,O,VERB,depositus,8,ROOT
298,Iduum,depositus,Decembrium,Idu,uum,O,NOUN,depositus,8,obl:tmod
298,Decembrium,Iduum,AN,Dec,ium,O,ADJ,Iduum,9,amod
298,AN,Decembrium,<END>,AN,AN,O,PUNCT,depositus,8,obl
92,Iacet,<START>,hic,Iac,cet,O,VERB,Iacet,1,ROOT
92,hic,Iacet,et,hic,hic,O,ADV,iacet,13,advmod:lmod
92,et,hic,Victoria,et,et,O,CCONJ,Victoria,4,advmod:emph
92,Victoria,et,transmarina,Vic,ria,B-PERS,PROPN,Iacet,1,nsubj
92,transmarina,Victoria,quae,tra,ina,I-PERS,ADJ,Victoria,4,amod
92,quae,transmarina,vixit,qua,uae,O,PRON,vixit,7,nsubj
92,vixit,quae,annos,vix,xit,O,VERB,Eulogius,14,acl:relcl
92,annos,vixit,plus,ann,nos,O,NOUN,vixit,17,obl
92,plus,annos,minus,plu,lus,O,ADV,minus,10,advmod
92,minus,plus,XXXI,min,nus,O,ADV,XXXI,11,advmod
92,XXXI,minus,hic,XXX,XXI,O,NUM,annos,8,nummod
92,hic,XXXI,iacet,hic,hic,O,ADV,iacet,13,advmod:lmod
92,iacet,hic,Eulogius,iac,cet,O,VERB,Iacet,1,conj
92,Eulogius,iacet,transmarinus,Eul,ius,B-PERS,PROPN,iacet,13,nsubj
92,transmarinus,Eulogius,qui,tra,nus,I-PERS,ADJ,Eulogius,14,amod
92,qui,transmarinus,vixit,qui,qui,O,PUNCT,vixit,17,nsubj
92,vixit,qui,annos,vix,xit,O,VERB,Eulogius,14,acl:relcl
92,annos,vixit,numero,ann,nos,O,NOUN,vixit,17,obl
92,numero,annos,LIII,num,ero,O,ADV,annos,18,nmod
92,LIII,numero,anno,LII,III,O,NUM,numero,19,nummod
92,anno,LIII,CCCLXVI,ann,nno,O,NOUN,vixit,17,obl
92,CCCLXVI,anno,<END>,CCC,XVI,O,NUM,anno,21,nummod
930,Apronianeti,<START>,filiae,Apr,eti,B-PERS,NOUN,posuerunt,13,vocative
930,filiae,Apronianeti,dulcissimae,fil,iae,O,NOUN,Apronianeti,1,appos
930,dulcissimae,filiae,quae,dul,mae,O,ADJ,filiae,2,amod
930,quae,dulcissimae,vixit,qua,uae,O,PRON,vixit,5,nsubj
930,vixit,quae,annos,vix,xit,O,VERB,filiae,2,acl:relcl
930,annos,vixit,V,ann,nos,O,NOUN,vixit,5,obl
930,V,annos,menses,V,V,O,,menses,8,nummod
930,menses,V,V,men,ses,O,NOUN,vixit,5,obl
930,V,menses,parentes,V,V,O,,menses,8,nummod
930,parentes,V,bene,par,tes,O,NOUN,posuerunt,13,nsubj
930,bene,parentes,merenti,ben,ene,O,ADV,merenti,12,advmod
930,merenti,bene,posuerunt,mer,nti,O,ADJ,parentes,10,acl
930,posuerunt,merenti,Aproniane,pos,unt,O,VERB,posuerunt,13,ROOT
930,Aproniane,posuerunt,crediEdisti,Apr,ane,O,ADJ,crediEdisti,15,nsubj
930,crediEdisti,Aproniane,in,cre,sti,O,VERB,posuerunt,13,conj
930,in,crediEdisti,deo,in,in,O,ADP,Christo,20,case
930,deo,in,vives,deo,deo,O,NOUN,crediEdisti,15,obl
930,vives,deo,in,viv,ves,O,ADJ,crediEdisti,15,ccomp
930,in,vives,Christo,in,in,O,ADP,Christo,20,case
930,Christo,in,<END>,Chr,sto,O,PROPN,vives,18,obl
450,Dis,<START>,Manibus,Dis,Dis,O,NOUN,Manibus,2,case
450,Manibus,Dis,Aemiliae,Man,bus,O,PROPN,vixit,8,obl
450,Aemiliae,Manibus,Chrisidi,Aem,iae,B-PERS:NOMEN,ADJ,Manibus,2,nmod
450,Chrisidi,Aemiliae,libertae,Chr,idi,B-PERS:COG,PROPN,Manibus,2,nmod
450,libertae,Chrisidi,et,lib,tae,O,NOUN,Chrisidi,4,appos
450,et,libertae,coniugi,et,et,O,CCONJ,posuit,20,advmod
450,coniugi,et,vixit,con,ugi,O,NOUN,Chrisidi,4,conj
450,vixit,coniugi,annos,vix,xit,O,VERB,vixit,8,ROOT
450,annos,vixit,XXXII,ann,nos,O,NOUN,vixit,8,obj
450,XXXII,annos,Caius,XXX,XII,O,NUM,annos,9,nummod
450,Caius,XXXII,Aemilius,Cai,ius,B-PERS:PRAE,PROPN,vixit,8,nsubj
450,Aemilius,Caius,Calpurnianus,Aem,ius,B-PERS:NOMEN,PROPN,Caius,11,flat:name
450,Calpurnianus,Aemilius,veteranus,Cal,nus,B-PERS:COG,PROPN,Caius,11,flat:name
450,veteranus,Calpurnianus,natione,vet,nus,O,ADJ,Caius,11,acl
450,natione,veteranus,SyUrus,nat,one,O,NOUN,veteranus,14,obl
450,SyUrus,natione,et,SyU,rus,B-LOC,PROPN,veteranus,14,nsubj
450,et,SyUrus,sibi,et,et,O,CCONJ,posuit,20,advmod
450,sibi,et,vivus,sib,ibi,O,PRON,posuit,20,obl:arg
450,vivus,sibi,posuit,viv,vus,O,ADJ,posuit,20,advcl:pred
450,posuit,vivus,<END>,pos,uit,O,VERB,vixit,8,conj
646,Imperator,<START>,Caesar,Imp,tor,B-PERS:TITLE,NOUN,curavit,18,nsubj
646,Caesar,Imperator,Augustus,Cae,sar,B-PERS:TITLE,PROPN,Imperator,1,flat
646,Augustus,Caesar,Vespasianus,Aug,tus,B-PERS:TITLE,PROPN,Caesar,2,flat:name
646,Vespasianus,Augustus,pontifex,Ves,nus,B-PERS:NOMEN,PROPN,Caesar,2,flat:name
646,pontifex,Vespasianus,maximus,pon,fex,B-TITLE,NOUN,Caesar,2,appos
646,maximus,pontifex,tribunicia,max,mus,I-TITLE,ADJ,potestate,8,amod
646,tribunicia,maximus,potestate,tri,cia,B-TITLE,ADJ,potestate,8,amod
646,potestate,tribunicia,VII,pot,ate,I-TITLE,NOUN,pontifex,5,nmod
646,VII,potestate,imperator,VII,VII,O,NUM,imperator,10,nummod
646,imperator,VII,XVII,imp,tor,B-TITLE,NOUN,Imperator,1,appos
646,XVII,imperator,pater,XVI,VII,O,NUM,Imperator,1,nummod
646,pater,XVII,patriae,pat,ter,B-TITLE,NOUN,Imperator,1,conj
646,patriae,pater,consul,pat,iae,I-TITLE,ADJ,pater,12,nmod
646,consul,patriae,VIII,con,sul,B-TITLE,NOUN,pater,12,xcomp
646,VIII,consul,censor,VII,III,O,NUM,pater,12,nummod
646,censor,VIII,faciundum,cen,sor,O,NOUN,curavit,18,xcomp
646,faciundum,censor,curavit,fac,dum,O,VERB,curavit,18,ccomp
646,curavit,faciundum,<END>,cur,vit,O,VERB,curavit,18,ROOT
15,LHocus,<START>,in,LHo,cus,O,PROPN,fronte,3,nsubj
15,in,LHocus,fronte,in,in,O,ADP,agro,7,case
15,fronte,in,pedum,fro,nte,O,NOUN,fronte,3,ROOT
15,pedum,fronte,XII,ped,dum,O,NOUN,agro,7,nmod
15,XII,pedum,in,XII,XII,O,NUM,pedum,4,nummod
15,in,XII,agro,in,in,O,ADP,agro,7,case
15,agro,in,pedum,agr,gro,O,NOUN,fronte,3,nmod
15,pedum,agro,X,ped,dum,O,NOUN,agro,7,nmod
15,X,pedum,Marcus,X,X,O,NUM,pedum,8,nummod
15,Marcus,X,Latinius,Mar,cus,B-PERS:PRAE,PROPN,LHocus,1,appos
15,Latinius,Marcus,Marsua,Lat,ius,B-PERS:NOMEN,DET,Marcus,10,flat:name
15,Marsua,Latinius,hic,Mar,sua,B-PERS:COG,PROPN,Marcus,10,appos
15,hic,Marsua,situs,hic,hic,O,ADV,situs,14,nsubj
15,situs,hic,est,sit,tus,O,NOUN,fronte,3,conj
15,est,situs,sit,est,est,O,AUX,situs,14,cop
15,sit,est,tibi,sit,sit,O,AUX,situs,14,cop
15,tibi,sit,terra,tib,ibi,O,PRON,terra,18,obl
15,terra,tibi,levis,ter,rra,O,NOUN,fronte,3,conj
15,levis,terra,<END>,lev,vis,O,ADJ,terra,18,amod
481,Caio,<START>,Fabio,Cai,aio,B-PERS:PRAE,PROPN,Caio,1,ROOT
481,Fabio,Caio,Fabiano,Fab,bio,B-PERS:NOMEN,PROPN,Caio,1,flat:name
481,Fabiano,Fabio,Vetilio,Fab,ano,B-PERS:COG,PROPN,Fabio,2,flat:name
481,Vetilio,Fabiano,Luciliano,Vet,lio,B-PERS:COG,PROPN,Caio,1,flat:name
481,Luciliano,Vetilio,legato,Luc,ano,B-PERS:COG,PROPN,Vetilio,4,flat:name
481,legato,Luciliano,Augusti,leg,ato,B-TITLE,NOUN,Caio,1,appos
481,Augusti,legato,pro,Aug,sti,I-TITLE,PROPN,legato,6,nmod
481,pro,Augusti,praetore,pro,pro,I-TITLE,ADP,praetore,9,case
481,praetore,pro,clarissimo,pra,ore,I-TITLE,NOUN,consuli,12,obl
481,clarissimo,praetore,viro,cla,imo,I-PERS,ADJ,viro,11,amod
481,viro,clarissimo,consuli,vir,iro,I-PERS,NOUN,praetore,9,appos
481,consuli,viro,designato,con,uli,B-PERS:TITLE,NOUN,Caio,1,appos
481,designato,consuli,Lucius,des,ato,I-PERS,VERB,consuli,12,acl
481,Lucius,designato,<END>,Luc,ius,B-PERS:PRAE,PROPN,Caio,1,appos
997,Somno,<START>,aeternali,Som,mno,O,VERB,fecit,8,obl
997,aeternali,Somno,Titus,aet,ali,O,ADJ,Somno,1,amod
997,Titus,aeternali,Aurelius,Tit,tus,B-PERS:PRAE,PROPN,fecit,8,nsubj
997,Aurelius,Titus,Stephanus,Aur,ius,B-PERS:NOMEN,PROPN,Titus,3,flat:name
997,Stephanus,Aurelius,sibi,Ste,nus,B-PERS:COG,PROPN,Titus,3,appos
997,sibi,Stephanus,vivBus,sib,ibi,O,PRON,fecit,8,obl:arg
997,vivBus,sibi,fecit,viv,Bus,O,ADV,fecit,8,nsubj
997,fecit,vivBus,et,fec,cit,O,VERB,fecit,8,ROOT
997,et,fecit,Secundae,et,et,O,CCONJ,cognatis,18,cc
997,Secundae,et,coniugi,Sec,dae,B-PERS,ADJ,filiae,22,amod
997,coniugi,Secundae,suae,con,ugi,O,NOUN,vixit,24,obl:arg
997,suae,coniugi,sanctissimae,sua,uae,O,DET,coniugi,11,det
997,sanctissimae,suae,et,san,mae,O,ADJ,coniugi,11,amod
997,et,sanctissimae,filiis,et,et,O,CCONJ,cognatis,18,cc
997,filiis,et,suis,fil,iis,O,NOUN,coniugi,11,conj
997,suis,filiis,et,sui,uis,O,DET,filiis,15,det
997,et,suis,cognatis,et,et,O,CCONJ,cognatis,18,cc
997,cognatis,et,Bassae,cog,tis,O,ADJ,filiae,22,amod
997,Bassae,cognatis,Manliae,Bas,sae,B-PERS:PRAE,PROPN,cognatis,18,obl:arg
997,Manliae,Bassae,Secundae,Man,iae,B-PERS:NOMEN,PROPN,Bassae,19,flat:name
997,Secundae,Manliae,filiae,Sec,dae,B-PERS:COG,ADJ,filiae,22,amod
997,filiae,Secundae,dulcissimae,fil,iae,O,NOUN,coniugi,11,conj
997,dulcissimae,filiae,vixit,dul,mae,O,ADJ,filiae,22,amod
997,vixit,dulcissimae,annos,vix,xit,O,VERB,fecit,8,conj
997,annos,vixit,II,ann,nos,O,NOUN,vixit,24,obj
997,II,annos,menses,II,II,O,NUM,annos,25,nummod
997,menses,II,X,men,ses,O,NOUN,vixit,24,obl:tmod
997,X,menses,dies,X,X,O,NUM,vixit,24,obl:tmod
997,dies,X,VII,die,ies,O,X,vixit,24,obl:tmod
997,VII,dies,<END>,VII,VII,O,NUM,dies,29,amod
869,Tiberius,<START>,Claudius,Tib,ius,B-PERS:PRAE,PROPN,Tiberius,1,ROOT
869,Claudius,Tiberius,Augusti,Cla,ius,B-PERS:NOMEN,PROPN,Tiberius,1,flat:name
869,Augusti,Claudius,libertus,Aug,sti,B-PERS:FILI,PROPN,libertus,4,nmod
869,libertus,Augusti,Secundus,lib,tus,I-PERS:FILI,NOUN,Tiberius,1,appos
869,Secundus,libertus,Philippianus,Sec,dus,B-PERS:COG,ADJ,Tiberius,1,conj
869,Philippianus,Secundus,coactor,Phi,nus,B-PERS:AG,PROPN,Secundus,5,flat:name
869,coactor,Philippianus,argentarius,coa,tor,O,NOUN,Tiberius,1,conj
869,argentarius,coactor,accensus,arg,ius,O,NOUN,coactor,7,conj
869,accensus,argentarius,velatus,acc,sus,O,NOUN,argentarius,8,conj
869,velatus,accensus,scriba,vel,tus,O,VERB,argentarius,8,conj
869,scriba,velatus,librarius,scr,iba,O,NOUN,argentarius,8,conj
869,librarius,scriba,viator,lib,ius,O,NOUN,argentarius,8,conj
869,viator,librarius,Flaviae,via,tor,O,NOUN,argentarius,8,conj
869,Flaviae,viator,Irene,Fla,iae,B-PERS:NOMEN,PROPN,viator,13,nmod
869,Irene,Flaviae,uxori,Ire,ene,B-PERS:COG,PROPN,argentarius,8,conj
869,uxori,Irene,optimae,uxo,ori,O,NOUN,Irene,15,appos
869,optimae,uxori,et,opt,mae,O,ADJ,uxori,16,nmod
869,et,optimae,Tiberio,et,et,O,CCONJ,Claudiae,24,cc
869,Tiberio,et,Claudio,Tib,rio,B-PERS:PRAE,PROPN,argentarius,8,conj
869,Claudio,Tiberio,Secundino,Cla,dio,B-PERS:NOMEN,PROPN,Tiberio,19,flat:name
869,Secundino,Claudio,filio,Sec,ino,B-PERS:COG,ADJ,Tiberio,19,flat:name
869,filio,Secundino,et,fil,lio,O,NOUN,Tiberio,19,appos
869,et,filio,Claudiae,et,et,O,CCONJ,Claudiae,24,cc
869,Claudiae,et,Secundinae,Cla,iae,B-PERS:NOMEN,PROPN,Tiberio,19,conj
869,Secundinae,Claudiae,filiae,Sec,nae,B-PERS:COG,ADJ,Claudiae,24,amod
869,filiae,Secundinae,<END>,fil,iae,O,NOUN,Claudiae,24,appos
432,Dis,<START>,Manibus,Dis,Dis,O,NOUN,Manibus,2,case
432,Manibus,Dis,Titus,Man,bus,O,PROPN,fecit,6,obl
432,Titus,Manibus,Flavius,Tit,tus,B-PERS:PRAE,PROPN,fecit,6,nsubj
432,Flavius,Titus,Actionicus,Fla,ius,B-PERS:NOMEN,PROPN,Titus,3,flat:name
432,Actionicus,Flavius,fecit,Act,cus,B-PERS:COG,ADJ,Titus,3,appos
432,fecit,Actionicus,Quinto,fec,cit,O,VERB,fecit,6,ROOT
432,Quinto,fecit,Thersio,Qui,nto,B-PERS:PRAE,ADV,fecit,6,obl:arg
432,Thersio,Quinto,Actionico,The,sio,B-PERS:NOMEN,PROPN,Quinto,7,flat:name
432,Actionico,Thersio,filio,Act,ico,B-PERS:COG,ADJ,filio,10,amod
432,filio,Actionico,bene,fil,lio,O,NOUN,Quinto,7,appos
432,bene,filio,merenti,ben,ene,O,ADV,merenti,12,advmod
432,merenti,bene,vixit,mer,nti,O,ADJ,vixit,13,dep
432,vixit,merenti,annos,vix,xit,O,VERB,fecit,6,ccomp
432,annos,vixit,XVIII,ann,nos,O,NOUN,vixit,13,obj
432,XVIII,annos,menses,XVI,III,O,NUM,vixit,13,dislocated
432,menses,XVIII,V,men,ses,O,NOUN,vixit,13,obl
432,V,menses,dies,V,V,O,,vixit,13,obj
432,dies,V,XXVIIII,die,ies,O,X,vixit,13,nsubj
432,XXVIIII,dies,horas,XXV,III,O,NUM,dies,18,nummod
432,horas,XXVIIII,II,hor,ras,O,NOUN,vixit,13,obj
432,II,horas,<END>,II,II,O,NUM,horas,20,nummod
696,Imperator,<START>,Caesar,Imp,tor,B-PERS:TITLE,NOUN,Caesar,2,dislocated
696,Caesar,Imperator,divi,Cae,sar,B-PERS:TITLE,PROPN,Caesar,2,ROOT
696,divi,Caesar,Hadriani,div,ivi,B-PERS:FILI,VERB,pronepos,12,amod
696,Hadriani,divi,filius,Had,ani,I-PERS:FILI,PROPN,filius,5,nmod
696,filius,Hadriani,divi,fil,ius,I-PERS:FILI,NOUN,Caesar,2,appos
696,divi,filius,Traiani,div,ivi,B-PERS:FILI,VERB,pronepos,12,amod
696,Traiani,divi,Parthici,Tra,ani,I-PERS:FILI,PROPN,nepos,9,nmod
696,Parthici,Traiani,nepos,Par,ici,I-PERS:FILI,ADJ,Traiani,7,amod
696,nepos,Parthici,divi,nep,pos,I-PERS:FILI,NOUN,Caesar,2,appos
696,divi,nepos,Nervae,div,ivi,B-PERS:FILI,VERB,pronepos,12,amod
696,Nervae,divi,pronepos,Ner,vae,I-PERS:FILI,PROPN,pronepos,12,nmod
696,pronepos,Nervae,Titus,pro,pos,I-PERS:FILI,X,Caesar,2,appos
696,Titus,pronepos,Aelius,Tit,tus,B-PERS:PRAE,PROPN,Caesar,2,conj
696,Aelius,Titus,Hadrianus,Ael,ius,B-PERS:NOMEN,PROPN,Titus,13,flat:name
696,Hadrianus,Aelius,Antoninus,Had,nus,B-PERS:NOMEN,PROPN,Titus,13,flat:name
696,Antoninus,Hadrianus,Augustus,Ant,nus,B-PERS:COG,PROPN,Titus,13,flat:name
696,Augustus,Antoninus,Pius,Aug,tus,B-PERS:TITLE,PROPN,Antoninus,16,flat:name
696,Pius,Augustus,tribunicia,Piu,ius,B-PERS:AG,ADJ,Titus,13,flat:name
696,tribunicia,Pius,potestate,tri,cia,B-TITLE,ADJ,potestate,20,amod
696,potestate,tribunicia,VI,pot,ate,I-TITLE,NOUN,Titus,13,obl
696,VI,potestate,consul,VI,VI,O,NUM,consul,22,nummod
696,consul,VI,III,con,sul,B-TITLE,NOUN,Titus,13,conj
696,III,consul,pater,III,III,O,NUM,consul,22,dep
696,pater,III,patriae,pat,ter,B-TITLE,NOUN,fecit,26,nsubj
696,patriae,pater,fecit,pat,iae,I-TITLE,ADJ,pater,24,nmod
696,fecit,patriae,per,fec,cit,O,VERB,consul,22,conj
696,per,fecit,alam,per,per,O,ADP,alam,28,case
696,alam,per,II,ala,lam,O,NOUN,fecit,26,obl
696,II,alam,Pannoniorum,II,II,O,NUM,alam,28,nummod
696,Pannoniorum,II,<END>,Pan,rum,O,PROPN,alam,28,nmod
503,I,<START>,Amoriona,I,I,O,NUM,I,1,ROOT
503,Amoriona,I,AMM,Amo,ona,B-PERS,PROPN,I,1,dep
503,AMM,Amoriona,cNandidissi,AMM,AMM,O,NOUN,I,1,dep
503,cNandidissi,AMM,mma,cNa,ssi,O,DET,I,1,dep
503,mma,cNandidissi,mota,mma,mma,O,X,mota,6,nsubj:pass
503,mota,mma,DREVE,mot,ota,O,VERB,I,1,advcl
503,DREVE,mota,quoniam,DRE,EVE,O,VERB,I,1,conj
503,quoniam,DREVE,AI,quo,iam,O,SCONJ,AI,9,mark
503,AI,quoniam,IS,AI,AI,O,PUNCT,I,1,advcl
503,IS,AI,fCraudata,IS,IS,O,PUNCT,AI,9,orphan
503,fCraudata,IS,d,fCr,ata,O,PROPN,AI,9,conj
503,d,fCraudata,tunc,d,d,O,ADP,AI,9,orphan
503,tunc,d,tumulum,tun,unc,O,ADV,tumulum,14,advmod:tmod
503,tumulum,tunc,cum,tum,lum,O,NOUN,adiunxit,21,obj
503,cum,tumulum,coniuge,cum,cum,O,ADP,coniuge,16,case
503,coniuge,cum,honestum,con,uge,O,NOUN,adiunxit,21,obl
503,honestum,coniuge,os,hon,tum,O,ADJ,adiunxit,21,obj
503,os,honestum,annos,os,os,O,NOUN,annos,19,det
503,annos,os,ES,ann,nos,O,NOUN,adiunxit,21,obl
503,ES,annos,adiunxit,ES,ES,O,PUNCT,adiunxit,21,advmod:lmod
503,adiunxit,ES,NSN,adi,xit,O,VERB,AI,9,conj
503,NSN,adiunxit,<END>,NSN,NSN,O,NOUN,adiunxit,21,nsubj
261,Imperator,<START>,Caesar,Imp,tor,B-PERS:TITLE,NOUN,dimissis,92,nsubj:pass
261,Caesar,Imperator,divi,Cae,sar,B-PERS:TITLE,PROPN,Imperator,1,flat
261,divi,Caesar,Hadriani,div,ivi,B-PERS:FILI,VERB,pronepos,12,amod
261,Hadriani,divi,filius,Had,ani,I-PERS:FILI,PROPN,filius,5,nmod
261,filius,Hadriani,divi,fil,ius,I-PERS:FILI,NOUN,Caesar,2,appos
261,divi,filius,Traiani,div,ivi,B-PERS:FILI,VERB,pronepos,12,amod
261,Traiani,divi,Parthici,Tra,ani,I-PERS:FILI,PROPN,filius,5,nmod
261,Parthici,Traiani,nepos,Par,ici,I-PERS:FILI,ADJ,Traiani,7,amod
261,nepos,Parthici,divi,nep,pos,I-PERS:FILI,NOUN,Traiani,7,appos
261,divi,nepos,Nervae,div,ivi,B-PERS:FILI,VERB,pronepos,12,amod
261,Nervae,divi,pronepos,Ner,vae,I-PERS:FILI,PROPN,pronepos,12,nmod
261,pronepos,Nervae,Titus,pro,pos,I-PERS:FILI,X,Traiani,7,appos
261,Titus,pronepos,Aelius,Tit,tus,B-PERS:PRAE,PROPN,Imperator,1,conj
261,Aelius,Titus,Hadrianus,Ael,ius,B-PERS:NOMEN,PROPN,Titus,13,flat:name
261,Hadrianus,Aelius,Antoninus,Had,nus,B-PERS:COG,PROPN,Titus,13,flat:name
261,Antoninus,Hadrianus,Augustus,Ant,nus,B-PERS:AG,PROPN,Imperator,1,conj
261,Augustus,Antoninus,Pius,Aug,tus,B-PERS:TITLE,PROPN,Antoninus,16,flat:name
261,Pius,Augustus,pontifex,Piu,ius,B-PERS:AG,ADJ,Antoninus,16,flat:name
261,pontifex,Pius,maximus,pon,fex,B-TITLE,NOUN,Antoninus,16,appos
261,maximus,pontifex,tribunicia,max,mus,I-TITLE,ADJ,pontifex,19,amod
261,tribunicia,maximus,potestate,tri,cia,B-TITLE,ADJ,potestate,22,amod
261,potestate,tribunicia,XXI,pot,ate,I-TITLE,NOUN,maximus,20,obl
261,XXI,potestate,imperator,XXI,XXI,O,NUM,imperator,24,amod
261,imperator,XXI,II,imp,tor,B-TITLE,NOUN,Imperator,1,conj
261,II,imperator,consul,II,II,O,NUM,I,49,conj
261,consul,II,IIII,con,sul,B-TITLE,NOUN,imperator,24,conj
261,IIII,consul,pater,III,III,O,NUM,consul,26,dep
261,pater,IIII,patriae,pat,ter,B-TITLE,NOUN,imperator,24,appos
261,patriae,pater,equitibus,pat,iae,I-TITLE,ADJ,pater,28,nmod
261,equitibus,patriae,et,equ,bus,O,NOUN,imperator,24,conj
261,et,equitibus,peditibus,et,et,O,CCONJ,data,117,cc
261,peditibus,et,qui,ped,bus,O,NOUN,equitibus,30,conj
261,qui,peditibus,militaverunt,qui,qui,O,PUNCT,haberent,104,nsubj
261,militaverunt,qui,in,mil,unt,O,VERB,imperator,24,acl:relcl
261,in,militaverunt,alis,in,in,O,ADP,Dacia,82,case
261,alis,in,III,ali,lis,O,NOUN,militaverunt,34,obl
261,III,alis,quae,III,III,O,NUM,militaverunt,34,conj
261,quae,III,appellantur,qua,uae,O,PRON,appellantur,39,nsubj:pass
261,appellantur,quae,et,app,tur,O,PUNCT,III,37,acl:relcl
261,et,appellantur,I,et,et,O,CCONJ,data,117,cc
261,I,et,Hispanorum,I,I,O,NUM,I,58,conj
261,Hispanorum,I,Campagonum,His,rum,O,PROPN,I,41,nmod
261,Campagonum,Hispanorum,et,Cam,num,O,PROPN,I,41,nmod
261,et,Campagonum,I,et,et,O,CCONJ,data,117,cc
261,I,et,et,I,I,O,NUM,I,58,conj
261,et,I,cohortibus,et,et,O,CCONJ,data,117,cc
261,cohortibus,et,X,coh,bus,O,NOUN,III,37,conj
261,X,cohortibus,I,X,X,O,NUM,militaverunt,34,obl
261,I,X,Vindelicorum,I,I,O,NUM,I,58,conj
261,Vindelicorum,I,miliaria,Vin,rum,O,PROPN,I,49,nmod
261,miliaria,Vindelicorum,et,mil,ria,O,NOUN,I,49,conj
261,et,miliaria,et,et,et,O,CCONJ,data,117,cc
261,et,et,II,et,et,O,CCONJ,data,117,cc
261,II,et,Flavia,II,II,O,NUM,I,49,conj
261,Flavia,II,Commagenorum,Fla,via,O,PROPN,I,49,amod
261,Commagenorum,Flavia,et,Com,rum,O,PROPN,I,49,nmod
261,et,Commagenorum,I,et,et,O,CCONJ,data,117,cc
261,I,et,et,I,I,O,NUM,I,58,conj
261,et,I,I,et,et,O,CCONJ,data,117,cc
261,I,et,U,I,I,O,NUM,I,58,conj
261,U,I,lbiorum,U,U,O,CCONJ,I,58,nmod
261,lbiorum,U,et,lbi,rum,O,NOUN,U,61,nmod
261,et,lbiorum,I,et,et,O,CCONJ,data,117,cc
261,I,et,Thracum,I,I,O,NUM,I,58,conj
261,Thracum,I,sagittaria,Thr,cum,O,PROPN,I,64,amod
261,sagittaria,Thracum,et,sag,ria,O,NOUN,I,58,conj
261,et,sagittaria,Gallorum,et,et,O,CCONJ,data,117,cc
261,Gallorum,et,Dacica,Gal,rum,O,PROPN,Dacica,69,nmod
261,Dacica,Gallorum,et,Dac,ica,O,ADJ,sagittaria,66,conj
261,et,Dacica,I,et,et,O,CCONJ,data,117,cc
261,I,et,Augusta,I,I,O,NUM,I,58,conj
261,Augusta,I,Ituraeorum,Aug,sta,O,PROPN,I,71,flat
261,Ituraeorum,Augusta,et,Itu,rum,O,PROPN,I,71,nmod
261,et,Ituraeorum,et,et,et,O,CCONJ,data,117,cc
261,et,et,pedites,et,et,O,CCONJ,data,117,cc
261,pedites,et,singulares,ped,tes,O,NOUN,imperator,24,conj
261,singulares,pedites,Britannici,sin,res,O,ADJ,pedites,76,amod
261,Britannici,singulares,et,Bri,ici,O,ADJ,pedites,76,orphan
261,et,Britannici,sunt,et,et,O,CCONJ,data,117,cc
261,sunt,et,in,sun,unt,O,PUNCT,subscripta,97,aux:pass
261,in,sunt,Dacia,in,in,O,ADP,Dacia,82,case
261,Dacia,in,superiore,Dac,cia,B-LOC,PROPN,Statio,85,nmod
261,superiore,Dacia,sub,sup,ore,I-LOC,ADJ,Dacia,82,amod
261,sub,superiore,Statio,sub,sub,O,ADP,Statio,85,case
261,Statio,sub,Prisco,Sta,tio,B-PERS:NOMEN,PROPN,sunt,80,cop
261,Prisco,Statio,legato,Pri,sco,B-PERS:COG,VERB,Statio,85,flat:name
261,legato,Prisco,XXV,leg,ato,O,NOUN,Statio,85,appos
261,XXV,legato,pluribusve,XXV,XXV,O,NUM,emeritis,91,obl
261,pluribusve,XXV,stipendiis,plu,sve,O,DET,emeritis,91,advcl:pred
261,stipendiis,pluribusve,emeritis,sti,iis,O,NOUN,emeritis,91,nsubj:pass
261,emeritis,stipendiis,dimissis,eme,tis,O,VERB,imperator,24,conj
261,dimissis,emeritis,honesta,dim,sis,O,VERB,dedit,105,advcl:abs
261,honesta,dimissis,missione,hon,sta,O,ADJ,missione,94,amod
261,missione,honesta,quorum,mis,one,O,NOUN,dedit,105,obl
261,quorum,missione,nomina,quo,rum,O,PRON,nomina,96,nmod
261,nomina,quorum,subscripta,nom,ina,O,ADJ,subscripta,97,nsubj:pass
261,subscripta,nomina,sunt,sub,pta,O,VERB,missione,94,acl:relcl
261,sunt,subscripta,civitatem,sun,unt,O,PUNCT,subscripta,97,aux:pass
261,civitatem,sunt,Romanam,civ,tem,O,NOUN,dedit,105,obl:arg
261,Romanam,civitatem,qui,Rom,nam,O,ADJ,civitatem,99,amod
261,qui,Romanam,eorum,qui,qui,O,PUNCT,haberent,104,nsubj
261,eorum,qui,non,eor,rum,O,PRON,haberent,104,obj
261,non,eorum,haberent,non,non,O,PART,haberent,104,advmod:neg
261,haberent,non,dedit,hab,ent,O,VERB,dedit,105,csubj
261,dedit,haberent,et,ded,dit,O,VERB,dedit,105,ROOT
261,et,dedit,conubium,et,et,O,CCONJ,data,117,cc
261,conubium,et,cum,con,ium,O,NOUN,data,117,obj
261,cum,conubium,uxoribus,cum,cum,O,ADP,iis,120,case
261,uxoribus,cum,quas,uxo,bus,O,NOUN,conubium,107,nmod
261,quas,uxoribus,tunc,qua,uas,O,PRON,duxissent,123,obj
261,tunc,quas,habuissent,tun,unc,O,ADV,habuissent,112,advmod:tmod
261,habuissent,tunc,cum,hab,ent,O,VERB,uxoribus,109,acl:relcl
261,cum,habuissent,est,cum,cum,O,ADP,iis,120,case
261,est,cum,civitas,est,est,O,AUX,data,117,aux:pass
261,civitas,est,iis,civ,tas,O,NOUN,data,117,nsubj:pass
261,iis,civitas,data,iis,iis,O,PRON,data,117,conj
261,data,iis,aut,dat,ata,O,VERB,dedit,105,conj
261,aut,data,cum,aut,aut,O,CCONJ,iis,120,cc
261,cum,aut,iis,cum,cum,O,ADP,iis,120,case
261,iis,cum,quas,iis,iis,O,PRON,data,117,conj
261,quas,iis,postea,qua,uas,O,PRON,duxissent,123,obj
261,postea,quas,duxissent,pos,tea,O,ADV,duxissent,123,advmod:tmod
261,duxissent,postea,dumtaxat,dux,ent,O,VERB,iis,120,acl:relcl
261,dumtaxat,duxissent,singulis,dum,xat,O,ADV,iis,120,advmod
261,singulis,dumtaxat,<END>,sin,lis,O,ADJ,iis,120,advcl:pred
329,Iovi,<START>,Optimo,Iov,ovi,O,PROPN,dedit,25,obl:arg
329,Optimo,Iovi,Maximo,Opt,imo,O,ADJ,Iovi,1,amod
329,Maximo,Optimo,Publius,Max,imo,O,PROPN,Iovi,1,flat:name
329,Publius,Maximo,Iulius,Pub,ius,B-PERS:PRAE,PROPN,dedit,25,nsubj
329,Iulius,Publius,Iunianus,Iul,ius,B-PERS:NOMEN,PROPN,Publius,4,flat:name
329,Iunianus,Iulius,Martialianus,Iun,nus,B-PERS:COG,PROPN,Publius,4,flat:name
329,Martialianus,Iunianus,legatus,Mar,nus,B-PERS:AG,ADJ,Publius,4,flat:name
329,legatus,Martialianus,Augusti,leg,tus,B-TITLE,NOUN,Publius,4,appos
329,Augusti,legatus,legionis,Aug,sti,I-TITLE,PROPN,legionis,10,nmod
329,legionis,Augusti,III,leg,nis,O,NOUN,Alexandrianae,13,nmod
329,III,legionis,Augustae,III,III,O,NUM,legionis,10,dep
329,Augustae,III,Alexandrianae,Aug,tae,O,PROPN,legionis,10,conj
329,Alexandrianae,Augustae,consul,Ale,nae,O,PROPN,legatus,8,nmod
329,consul,Alexandrianae,designatus,con,sul,O,NOUN,Publius,4,appos
329,designatus,consul,cum,des,tus,O,VERB,consul,14,acl
329,cum,designatus,Publio,cum,cum,O,ADP,Publio,17,case
329,Publio,cum,Iulio,Pub,lio,B-PERS:PRAE,PROPN,dedit,25,obl
329,Iulio,Publio,Iuniano,Iul,lio,B-PERS:NOMEN,PROPN,Publio,17,flat:name
329,Iuniano,Iulio,Tironilliano,Iun,ano,B-PERS:COG,PROPN,Publio,17,flat:name
329,Tironilliano,Iuniano,filio,Tir,ano,B-PERS:AG,ADJ,Publio,17,flat:name
329,filio,Tironilliano,clarissimo,fil,lio,O,NOUN,Publio,17,appos
329,clarissimo,filio,puero,cla,imo,O,ADJ,puero,23,amod
329,puero,clarissimo,votum,pue,ero,O,NOUN,Publio,17,appos
329,votum,puero,dedit,vot,tum,O,NOUN,dedit,25,obj
329,dedit,votum,<END>,ded,dit,O,VERB,dedit,25,ROOT
180,QV,<START>,LXIII,QV,QV,O,NUM,posuerunt,9,nsubj
180,LXIII,QV,SI,LXI,III,O,NUM,QV,1,flat
180,SI,LXIII,annorum,SI,SI,O,PUNCT,posuerunt,9,obl
180,annorum,SI,XIIII,ann,rum,O,NOUN,SI,3,nmod
180,XIIII,annorum,pater,XII,III,O,NUM,annorum,4,nummod
180,pater,XIIII,et,pat,ter,O,NOUN,posuerunt,9,nsubj
180,et,pater,mater,et,et,O,CCONJ,mater,8,cc
180,mater,et,posuerunt,mat,ter,O,NOUN,pater,6,conj
180,posuerunt,mater,<END>,pos,unt,O,VERB,posuerunt,9,ROOT
565,Dis,<START>,Manibus,Dis,Dis,O,NOUN,Manibus,2,case
565,Manibus,Dis,Muscellus,Man,bus,O,PROPN,fecerunt,5,obl
565,Muscellus,Manibus,Telesphoris,Mus,lus,B-PERS:NOMEN,PROPN,fecerunt,5,nsubj
565,Telesphoris,Muscellus,fecerunt,Tel,ris,B-PERS:COG,PROPN,Manibus,2,nmod
565,fecerunt,Telesphoris,sibi,fec,unt,O,VERB,fecerunt,5,ROOT
565,sibi,fecerunt,et,sib,ibi,O,PRON,fecerunt,5,obl:arg
565,et,sibi,libertis,et,et,O,CCONJ,libertis,8,cc
565,libertis,et,libertabusque,lib,tis,O,ADJ,sibi,6,conj
565,libertabusque,libertis,posterisque,lib,que,O,VERB,,-1,
565,posterisque,libertabusque,eorum,pos,que,O,NOUN,,-1,
565,eorum,posterisque,<END>,eor,rum,O,PRON,que,12,nmod
396,Matrona,<START>,Senior,Mat,ona,B-PERS:NOMEN,NOUN,Matrona,1,conj
396,Senior,Matrona,et,Sen,ior,B-PERS:COG,PUNCT,Matrona,1,nmod
396,et,Senior,Matrona,et,et,O,CCONJ,Matrona,4,cc
396,Matrona,et,Iunior,Mat,ona,B-PERS:NOMEN,NOUN,Matrona,1,conj
396,Iunior,Matrona,fecerunt,Iun,ior,B-PERS:COG,ADJ,Matrona,4,amod
396,fecerunt,Iunior,ppedes,fec,unt,O,VERB,fecerunt,6,ROOT
396,ppedes,fecerunt,C,ppe,des,O,X,C,8,case
396,C,ppedes,<END>,C,C,O,PUNCT,fecerunt,6,obl
496,Dis,<START>,Manibus,Dis,Dis,O,NOUN,Manibus,2,case
496,Manibus,Dis,Caius,Man,bus,O,PROPN,vixit,10,obl
496,Caius,Manibus,Iulius,Cai,ius,B-PERS:PRAE,PROPN,curaverunt,31,nsubj
496,Iulius,Caius,Bassus,Iul,ius,B-PERS:NOMEN,PROPN,Caius,16,flat:name
496,Bassus,Iulius,Cai,Bas,sus,B-PERS:COG,PROPN,Caius,3,flat:name
496,Cai,Bassus,filius,Cai,Cai,B-PERS:FILI,PROPN,filius,7,nmod
496,filius,Cai,Collina,fil,ius,I-PERS:FILI,NOUN,Caius,16,appos
496,Collina,filius,Massacis,Col,ina,B-PERS:TRIBE,ADJ,Caius,3,nmod
496,Massacis,Collina,vixit,Mas,cis,B-PERS:AG,PROPN,Collina,8,amod
496,vixit,Massacis,annis,vix,xit,O,VERB,vixit,10,ROOT
496,annis,vixit,XXXX,ann,nis,O,NOUN,vixit,10,obl
496,XXXX,annis,ex,XXX,XXX,O,NUM,annis,11,nummod
496,ex,XXXX,voluntate,ex,ex,O,ADP,voluntate,14,case
496,voluntate,ex,testamenti,vol,ate,O,NOUN,vixit,10,obl
496,testamenti,voluntate,Caius,tes,nti,O,NOUN,voluntate,14,nmod
496,Caius,testamenti,Iulius,Cai,ius,B-PERS:PRAE,PROPN,curaverunt,31,nsubj
496,Iulius,Caius,Ingenuus,Iul,ius,B-PERS:NOMEN,PROPN,Caius,16,flat:name
496,Ingenuus,Iulius,filius,Ing,uus,B-PERS:COG,ADJ,Caius,16,amod
496,filius,Ingenuus,et,fil,ius,O,NOUN,Caius,16,appos
496,et,filius,Iulia,et,et,O,CCONJ,coniunx,25,cc
496,Iulia,et,Veneria,Iul,lia,B-PERS:NOMEN,PROPN,Caius,16,conj
496,Veneria,Iulia,liberta,Ven,ria,B-PERS:COG,ADJ,Iulia,21,flat:name
496,liberta,Veneria,et,lib,rta,O,NOUN,Iulia,21,appos
496,et,liberta,coniunx,et,et,O,CCONJ,coniunx,25,cc
496,coniunx,et,bene,con,unx,O,NOUN,liberta,23,conj
496,bene,coniunx,de,ben,ene,O,ADV,merenti,29,advmod
496,de,bene,se,de,de,O,ADP,se,28,case
496,se,de,merenti,se,se,O,PRON,merenti,29,obl
496,merenti,se,faciendum,mer,nti,O,ADJ,curaverunt,31,advcl
496,faciendum,merenti,curaverunt,fac,dum,O,VERB,curaverunt,31,ccomp
496,curaverunt,faciendum,<END>,cur,unt,O,VERB,vixit,10,conj
36,Dis,<START>,Manibus,Dis,Dis,O,NOUN,Manibus,2,case
36,Manibus,Dis,Saturninae,Man,bus,O,PROPN,vixit,6,obl
36,Saturninae,Manibus,Sabinae,Sat,nae,B-PERS:NOMEN,PROPN,Manibus,2,nmod
36,Sabinae,Saturninae,Augustae,Sab,nae,B-PERS:COG,PROPN,Saturninae,3,conj
36,Augustae,Sabinae,vixit,Aug,tae,B-PERS:TITLE,PROPN,Sabinae,4,nmod
36,vixit,Augustae,annos,vix,xit,O,VERB,vixit,6,ROOT
36,annos,vixit,XX,ann,nos,O,NOUN,vixit,6,obj
36,XX,annos,menses,XX,XX,O,NUM,annos,7,nummod
36,menses,XX,II,men,ses,O,NOUN,vixit,6,obl
36,II,menses,Lucius,II,II,O,NUM,menses,9,nummod
36,Lucius,II,Vibius,Luc,ius,B-PERS:PRAE,PROPN,fecit,17,nsubj
36,Vibius,Lucius,Cerdo,Vib,ius,B-PERS:NOMEN,PROPN,Lucius,11,flat:name
36,Cerdo,Vibius,filiae,Cer,rdo,B-PERS:COG,PROPN,fecit,17,obl:arg
36,filiae,Cerdo,bene,fil,iae,O,NOUN,fecit,17,obl:arg
36,bene,filiae,merenti,ben,ene,O,ADV,merenti,16,advmod
36,merenti,bene,fecit,mer,nti,O,ADJ,filiae,14,acl
36,fecit,merenti,<END>,fec,cit,O,VERB,vixit,6,conj
443,Marcus,<START>,Vinisidius,Mar,cus,B-PERS:PRAE,PROPN,solvit,7,nsubj
443,Vinisidius,Marcus,Marci,Vin,ius,B-PERS:NOMEN,PROPN,Marcus,1,flat:name
443,Marci,Vinisidius,libertus,Mar,rci,B-PERS:FILI,PROPN,libertus,4,nmod
443,libertus,Marci,Epaphra,lib,tus,I-PERS:FILI,NOUN,Marcus,1,appos
443,Epaphra,libertus,votum,Epa,hra,B-PERS:COG,PROPN,solvit,7,nsubj
443,votum,Epaphra,solvit,vot,tum,O,NOUN,solvit,7,obj
443,solvit,votum,libens,sol,vit,O,VERB,solvit,7,ROOT
443,libens,solvit,merito,lib,ens,O,ADJ,solvit,7,xcomp
443,merito,libens,Fonti,mer,ito,O,VERB,solvit,7,obl
443,Fonti,merito,<END>,Fon,nti,O,NOUN,merito,9,nmod
928,Claudiae,<START>,Eytychianae,Cla,iae,B-PERS:NOMEN,PROPN,coniugi,3,nmod
928,Eytychianae,Claudiae,coniugi,Eyt,nae,B-PERS:COG,ADJ,coniugi,3,amod
928,coniugi,Eytychianae,bene,con,ugi,O,NOUN,Quintus,6,nmod
928,bene,coniugi,merenti,ben,ene,O,ADV,merenti,5,advmod
928,merenti,bene,Quintus,mer,nti,O,ADJ,coniugi,3,acl
928,Quintus,merenti,Gargilius,Qui,tus,B-PERS:PRAE,PROPN,Quintus,6,ROOT
928,Gargilius,Quintus,Alexander,Gar,ius,B-PERS:NOMEN,PROPN,Quintus,6,flat:name
928,Alexander,Gargilius,maritus,Ale,der,B-PERS:COG,PROPN,Quintus,6,appos
928,maritus,Alexander,dignissimae,mar,tus,O,ADJ,Alexander,8,appos
928,dignissimae,maritus,<END>,dig,mae,O,ADJ,Quintus,6,amod
660,Dis,<START>,Manibus,Dis,Dis,O,NOUN,Manibus,2,case
660,Manibus,Dis,Naevio,Man,bus,O,PROPN,fecit,10,obl
660,Naevio,Manibus,Proculo,Nae,vio,B-PERS:NOMEN,VERB,fecit,10,obl
660,Proculo,Naevio,veterano,Pro,ulo,B-PERS:COG,PROPN,Naevio,3,flat:name
660,veterano,Proculo,ex,vet,ano,O,ADJ,Naevio,3,amod
660,ex,veterano,cohorte,ex,ex,O,ADP,cohorte,7,case
660,cohorte,ex,II,coh,rte,O,NOUN,fecit,10,obl
660,II,cohorte,praetoria,II,II,O,NUM,cohorte,7,nummod
660,praetoria,II,fecit,pra,ria,O,ADJ,cohorte,7,amod
660,fecit,praetoria,Naevia,fec,cit,O,VERB,fecit,10,ROOT
660,Naevia,fecit,Veneria,Nae,via,B-PERS:PRAE,PROPN,fecit,10,nsubj
660,Veneria,Naevia,coniugi,Ven,ria,B-PERS:COG,ADJ,Naevia,11,appos
660,coniugi,Veneria,et,con,ugi,O,NOUN,Naevia,11,appos
660,et,coniugi,patrono,et,et,O,CCONJ,patrono,15,cc
660,patrono,et,cum,pat,ono,O,NOUN,coniugi,13,conj
660,cum,patrono,quo,cum,cum,O,ADP,quo,17,case
660,quo,cum,vixit,quo,quo,O,ADV,vixit,18,obl
660,vixit,quo,annis,vix,xit,O,VERB,Naevia,11,acl:relcl
660,annis,vixit,XXXIX,ann,nis,O,NOUN,posuit,21,obl
660,XXXIX,annis,posuit,XXX,XIX,O,NUM,annis,19,nummod
660,posuit,XXXIX,bene,pos,uit,O,VERB,fecit,10,conj
660,bene,posuit,merenti,ben,ene,O,ADV,merenti,23,advmod
660,merenti,bene,<END>,mer,nti,O,ADJ,posuit,21,advcl
637,Minervae,<START>,Veranius,Min,vae,O,PROPN,solvit,7,dep
637,Veranius,Minervae,Secundus,Ver,ius,B-PERS:NOMEN,PROPN,Secundus,3,amod
637,Secundus,Veranius,et,Sec,dus,B-PERS:COG,ADJ,Minervae,1,nsubj
637,et,Secundus,suis,et,et,O,CCONJ,suis,5,cc
637,suis,et,votum,sui,uis,O,DET,solvit,7,dep
637,votum,suis,solvit,vot,tum,O,NOUN,solvit,7,obj
637,solvit,votum,libens,sol,vit,O,VERB,solvit,7,ROOT
637,libens,solvit,laetus,lib,ens,O,ADJ,solvit,7,advcl:pred
637,laetus,libens,merito,lae,tus,O,ADJ,votum,6,amod
637,merito,laetus,<END>,mer,ito,O,VERB,laetus,9,obl
99,ON,<START>,memor,ON,ON,O,PUNCT,Putiat,5,advmod:tmod
99,memor,ON,eques,mem,mor,O,ADJ,ON,1,nsubj
99,eques,memor,sui,equ,ues,O,NOUN,memor,2,appos
99,sui,eques,Putiat,sui,sui,O,DET,eques,3,det
99,Putiat,sui,liberta,Put,iat,B-PERS,VERB,Putiat,5,ROOT
99,liberta,Putiat,ex,lib,rta,O,NOUN,Putiat,5,nsubj
99,ex,liberta,pugna,ex,ex,O,ADP,pugna,8,case
99,pugna,ex,legi,pug,gna,O,NOUN,legi,9,obl
99,legi,pugna,dux,leg,egi,O,VERB,obiit,12,obl
99,dux,legi,Pope,dux,dux,O,NOUN,Pope,11,amod
99,Pope,dux,obiit,Pop,ope,O,PROPN,obiit,12,nsubj
99,obiit,Pope,MC,obi,iit,O,VERB,Putiat,5,ccomp
99,MC,obiit,<END>,MC,MC,O,PUNCT,Putiat,5,nmod
338,Dis,<START>,Manibus,Dis,Dis,O,NOUN,Manibus,2,case
338,Manibus,Dis,Marco,Man,bus,O,PROPN,fecit,10,obl
338,Marco,Manibus,Ulpio,Mar,rco,B-PERS:PRAE,PROPN,fecit,10,obl
338,Ulpio,Marco,Euelpisto,Ulp,pio,B-PERS:NOMEN,PROPN,Marco,3,flat:name
338,Euelpisto,Ulpio,qui,Eue,sto,B-PERS:COG,PROPN,Marco,3,flat:name
338,qui,Euelpisto,est,qui,qui,O,PUNCT,positus,9,nsubj:pass
338,est,qui,hic,est,est,O,AUX,positus,9,aux:pass
338,hic,est,positus,hic,hic,O,ADV,positus,9,nsubj:pass
338,positus,hic,fecit,pos,tus,O,VERB,Marco,3,acl:relcl
338,fecit,positus,Ulpius,fec,cit,O,VERB,fecit,10,ROOT
338,Ulpius,fecit,Philostorgus,Ulp,ius,B-PERS:NOMEN,PROPN,fecit,10,nsubj
338,Philostorgus,Ulpius,pater,Phi,gus,B-PERS:COG,PROPN,Ulpius,11,flat:name
338,pater,Philostorgus,cum,pat,ter,O,NOUN,Ulpius,11,appos
338,cum,pater,Antonia,cum,cum,O,ADP,itu,28,mark
338,Antonia,cum,Philete,Ant,nia,B-PERS:NOMEN,PROPN,fecit,10,obl
338,Philete,Antonia,matre,Phi,ete,B-PERS:COG,PROPN,Antonia,15,flat:name
338,matre,Philete,et,mat,tre,O,NOUN,Philete,16,appos
338,et,matre,Antonio,et,et,O,CCONJ,Antonio,19,cc
338,Antonio,et,Sotericho,Ant,nio,B-PERS:NOMEN,PROPN,Antonia,15,conj
338,Sotericho,Antonio,liberto,Sot,cho,B-PERS:COG,PROPN,Antonio,19,flat:name
338,liberto,Sotericho,locus,lib,rto,B-PERS:FILI,NOUN,Antonio,19,appos
338,locus,liberto,datus,loc,cus,O,NOUN,datus,23,nsubj:pass
338,datus,locus,ab,dat,tus,O,VERB,fecit,10,ccomp
338,ab,datus,Iulio,ab,ab,O,ADP,Iulio,25,case
338,Iulio,ab,Galata,Iul,lio,B-PERS:PRAE,PROPN,datus,23,obl:agent
338,Galata,Iulio,cum,Gal,ata,B-PERS:NOMEN,PROPN,Iulio,25,flat:name
338,cum,Galata,itu,cum,cum,O,ADP,itu,28,mark
338,itu,cum,amNbitu,itu,itu,O,PUNCT,datus,23,advcl
338,amNbitu,itu,a,amN,itu,O,ADV,itu,28,obl
338,a,amNbitu,tata,a,a,O,ADP,tata,31,case
338,tata,a,<END>,tat,ata,O,NOUN,itu,28,obl
13,Imperator,<START>,Caesar,Imp,tor,B-PERS:TITLE,NOUN,Imperator,1,ROOT
13,Caesar,Imperator,divi,Cae,sar,B-PERS:TITLE,PROPN,Imperator,1,flat
13,divi,Caesar,Nervae,div,ivi,B-PERS:FILI,VERB,filius,5,amod
13,Nervae,divi,filius,Ner,vae,I-PERS:FILI,PROPN,filius,5,nmod
13,filius,Nervae,Nerva,fil,ius,I-PERS:FILI,NOUN,Caesar,2,appos
13,Nerva,filius,Traianus,Ner,rva,B-PERS:NOMEN,PROPN,filius,5,flat
13,Traianus,Nerva,Augustus,Tra,nus,B-PERS:COG,PROPN,Nerva,6,flat:name
13,Augustus,Traianus,Germanicus,Aug,tus,B-PERS:TITLE,PROPN,Traianus,7,flat:name
13,Germanicus,Augustus,pontifex,Ger,cus,B-PERS:AG,PROPN,Nerva,6,amod
13,pontifex,Germanicus,maximus,pon,fex,B-TITLE,NOUN,Nerva,6,appos
13,maximus,pontifex,tribunicia,max,mus,I-TITLE,ADJ,pontifex,10,amod
13,tribunicia,maximus,potestate,tri,cia,B-TITLE,ADJ,potestate,13,amod
13,potestate,tribunicia,VI,pot,ate,I-TITLE,NOUN,maximus,11,obl
13,VI,potestate,imperator,VI,VI,O,NUM,imperator,15,nummod
13,imperator,VI,IIII,imp,tor,B-TITLE,NOUN,Imperator,1,appos
13,IIII,imperator,pater,III,III,O,NUM,consul,19,nummod
13,pater,IIII,patriae,pat,ter,B-TITLE,NOUN,imperator,15,appos
13,patriae,pater,consul,pat,iae,I-TITLE,ADJ,pater,17,nmod
13,consul,patriae,IIII,con,sul,B-TITLE,NOUN,imperator,15,appos
13,IIII,consul,designatus,III,III,O,NUM,consul,19,nummod
13,designatus,IIII,V,des,tus,O,VERB,consul,19,acl
13,V,designatus,equitibus,V,V,O,,equitibus,23,nummod
13,equitibus,V,et,equ,bus,O,NOUN,imperator,15,conj
13,et,equitibus,peditibus,et,et,O,CCONJ,data,107,cc
13,peditibus,et,qui,ped,bus,O,NOUN,equitibus,23,conj
13,qui,peditibus,militant,qui,qui,O,PUNCT,meruerunt,80,nsubj
13,militant,qui,in,mil,ant,O,VERB,equitibus,23,acl:relcl
13,in,militant,alis,in,in,O,ADP,Pannonia,68,case
13,alis,in,tribus,ali,lis,O,NOUN,militant,27,obl
13,tribus,alis,et,tri,bus,O,NUM,militant,27,obl
13,et,tribus,cohortibus,et,et,O,CCONJ,data,107,cc
13,cohortibus,et,quinque,coh,bus,O,NOUN,tribus,30,conj
13,quinque,cohortibus,quae,qui,que,O,NUM,cohortibus,32,nummod
13,quae,quinque,appellantur,qua,uae,O,PRON,appellantur,35,nsubj:pass
13,appellantur,quae,I,app,tur,O,PUNCT,tribus,30,acl:relcl
13,I,appellantur,Aravacorum,I,I,O,NUM,I,50,conj
13,Aravacorum,I,et,Ara,rum,O,PROPN,I,36,nmod
13,et,Aravacorum,I,et,et,O,CCONJ,data,107,cc
13,I,et,Flavia,I,I,O,NUM,I,50,conj
13,Flavia,I,Britanniciana,Fla,via,O,PROPN,I,39,flat
13,Britanniciana,Flavia,miliaria,Bri,ana,O,ADJ,miliaria,42,amod
13,miliaria,Britanniciana,civium,mil,ria,O,NOUN,imperator,15,appos
13,civium,miliaria,Romanorum,civ,ium,O,NOUN,Siliana,46,nmod
13,Romanorum,civium,et,Rom,rum,O,PROPN,civium,47,nmod
13,et,Romanorum,Siliana,et,et,O,CCONJ,data,107,cc
13,Siliana,et,civium,Sil,ana,O,ADJ,miliaria,42,conj
13,civium,Siliana,Romanorum,civ,ium,O,NOUN,Siliana,46,nmod
13,Romanorum,civium,et,Rom,rum,O,PROPN,civium,47,nmod
13,et,Romanorum,I,et,et,O,CCONJ,data,107,cc
13,I,et,Augusta,I,I,O,NUM,I,50,conj
13,Augusta,I,Ituraeorum,Aug,sta,O,PROPN,I,50,nmod
13,Ituraeorum,Augusta,et,Itu,rum,O,PROPN,I,50,nmod
13,et,Ituraeorum,I,et,et,O,CCONJ,data,107,cc
13,I,et,Alpinorum,I,I,O,NUM,I,50,conj
13,Alpinorum,I,et,Alp,rum,O,NOUN,II,60,nmod
13,et,Alpinorum,I,et,et,O,CCONJ,data,107,cc
13,I,et,Montanorum,I,I,O,NUM,I,50,conj
13,Montanorum,I,et,Mon,rum,O,PROPN,I,57,nmod
13,et,Montanorum,II,et,et,O,CCONJ,data,107,cc
13,II,et,Alpinorum,II,II,O,NUM,I,50,conj
13,Alpinorum,II,et,Alp,rum,O,NOUN,II,60,nmod
13,et,Alpinorum,VIII,et,et,O,CCONJ,data,107,cc
13,VIII,et,Raetorum,VII,III,O,NUM,I,50,conj
13,Raetorum,VIII,et,Rae,rum,O,PROPN,VIII,63,nmod
13,et,Raetorum,sunt,et,et,O,CCONJ,data,107,cc
13,sunt,et,in,sun,unt,O,PUNCT,subscripta,87,aux:pass
13,in,sunt,Pannonia,in,in,O,ADP,Pannonia,68,case
13,Pannonia,in,sub,Pan,nia,B-LOC,PROPN,I,50,conj
13,sub,Pannonia,Quinto,sub,sub,O,ADP,I,50,case
13,Quinto,sub,Glitio,Qui,nto,B-PERS:PRAE,ADV,I,50,dislocated
13,Glitio,Quinto,Atilio,Gli,tio,B-PERS:NOMEN,NOUN,Quinto,70,flat:name
13,Atilio,Glitio,Agricola,Ati,lio,B-PERS:COG,PROPN,I,50,nmod
13,Agricola,Atilio,qui,Agr,ola,B-PERS:AG,PROPN,I,50,nmod
13,qui,Agricola,quina,qui,qui,O,PUNCT,meruerunt,80,nsubj
13,quina,qui,et,qui,ina,O,ADJ,stipendia,79,amod
13,et,quina,vicena,et,et,O,CCONJ,data,107,cc
13,vicena,et,plurave,vic,ena,O,ADV,quina,75,conj
13,plurave,vicena,stipendia,plu,ave,O,DET,quina,75,dep
13,stipendia,plurave,meruerunt,sti,dia,O,NOUN,meruerunt,80,obj
13,meruerunt,stipendia,item,mer,unt,O,VERB,I,50,acl:relcl
13,item,meruerunt,dimissis,ite,tem,O,ADV,dimissis,82,advmod
13,dimissis,item,honesta,dim,sis,O,VERB,Imperator,1,acl
13,honesta,dimissis,missione,hon,sta,O,ADJ,missione,84,amod
13,missione,honesta,quorum,mis,one,O,NOUN,dimissis,82,nsubj:pass
13,quorum,missione,nomina,quo,rum,O,PRON,nomina,86,nmod
13,nomina,quorum,subscripta,nom,ina,O,ADJ,subscripta,87,nsubj:pass
13,subscripta,nomina,sunt,sub,pta,O,VERB,missione,84,acl:relcl
13,sunt,subscripta,ipsis,sun,unt,O,PUNCT,subscripta,87,aux:pass
13,ipsis,sunt,liberis,ips,sis,O,DET,liberis,90,det
13,liberis,ipsis,posterisque,lib,ris,O,ADJ,dedit,95,obl:arg
13,posterisque,liberis,eorum,pos,que,O,NOUN,,-1,
13,eorum,posterisque,civitaem,eor,rum,O,PRON,posteris,91,nmod
13,civitaem,eorum,dedit,civ,aem,O,NOUN,dedit,95,obj
13,dedit,civitaem,et,ded,dit,O,VERB,Imperator,1,conj
13,et,dedit,conubium,et,et,O,CCONJ,data,107,cc
13,conubium,et,cum,con,ium,O,NOUN,et,96,acl:relcl
13,cum,conubium,uxoribus,cum,cum,O,ADP,data,107,mark
13,uxoribus,cum,quas,uxo,bus,O,NOUN,conubium,97,nmod
13,quas,uxoribus,tunc,qua,uas,O,PRON,habuissent,102,obj
13,tunc,quas,habuissent,tun,unc,O,ADV,habuissent,102,advmod:tmod
13,habuissent,tunc,cum,hab,ent,O,VERB,uxoribus,99,acl:relcl
13,cum,habuissent,est,cum,cum,O,ADP,data,107,mark
13,est,cum,civitas,est,est,O,AUX,data,107,aux:pass
13,civitas,est,iis,civ,tas,O,NOUN,data,107,nsubj:pass
13,iis,civitas,data,iis,iis,O,PRON,data,107,obl:arg
13,data,iis,<END>,dat,ata,O,VERB,dedit,95,conj
685,Dis,<START>,Manibus,Dis,Dis,O,NOUN,Manibus,2,case
685,Manibus,Dis,Aeliae,Man,bus,O,PROPN,Manibus,2,ROOT
685,Aeliae,Manibus,Concordiae,Ael,iae,B-PERS:NOMEN,PROPN,Concordiae,4,amod
685,Concordiae,Aeliae,Nicephorianus,Con,iae,B-PERS:COG,PROPN,Nicephorianus,5,nmod
685,Nicephorianus,Concordiae,Augusti,Nic,nus,B-PERS,PROPN,Manibus,2,nsubj
685,Augusti,Nicephorianus,verna,Aug,sti,B-TITLE,PROPN,verna,7,nmod
685,verna,Augusti,dispensator,ver,rna,O,ADV,Nicephorianus,5,amod
685,dispensator,verna,uxori,dis,tor,O,NOUN,verna,7,appos
685,uxori,dispensator,carissimae,uxo,ori,O,NOUN,merenti,12,obl:arg
685,carissimae,uxori,bene,car,mae,O,ADJ,uxori,9,amod
685,bene,carissimae,merenti,ben,ene,O,ADV,merenti,12,advmod
685,merenti,bene,<END>,mer,nti,O,ADJ,dispensator,8,acl
117,Delphus,<START>,Iuliae,Del,hus,B-PERS,PROPN,situs,8,nsubj
117,Iuliae,Delphus,Lalemae,Iul,iae,B-PERS:NOMEN,PROPN,Lalemae,3,nmod
117,Lalemae,Iuliae,servus,Lal,mae,B-PERS:COG,PROPN,Delphus,1,appos
117,servus,Lalemae,annorum,ser,vus,B-PERS:FILI,NOUN,Lalemae,3,appos
117,annorum,servus,XL,ann,rum,O,NOUN,servus,4,nmod
117,XL,annorum,hic,XL,XL,O,NUM,Lalemae,3,nummod
117,hic,XL,situs,hic,hic,O,ADV,situs,8,nsubj
117,situs,hic,est,sit,tus,O,NOUN,situs,8,ROOT
117,est,situs,in,est,est,O,AUX,situs,8,aux:pass
117,in,est,fronte,in,in,O,ADP,agro,15,case
117,fronte,in,pedes,fro,nte,O,NOUN,situs,8,obl
117,pedes,fronte,XII,ped,des,O,X,situs,8,conj
117,XII,pedes,in,XII,XII,O,NUM,pedes,12,nummod
117,in,XII,agro,in,in,O,ADP,agro,15,case
117,agro,in,pedes,agr,gro,O,NOUN,situs,8,obl
117,pedes,agro,X,ped,des,O,X,situs,8,conj
117,X,pedes,<END>,X,X,O,NUM,pedes,16,nummod
447,consul,<START>,praefectus,con,sul,B-TITLE,NOUN,consul,1,ROOT
447,praefectus,consul,urbis,pra,tus,B-TITLE,NOUN,consul,1,appos
447,urbis,praefectus,legatus,urb,bis,O,NOUN,praefectus,2,nmod
447,legatus,urbis,Augusti,leg,tus,B-TITLE,NOUN,consul,1,appos
447,Augusti,legatus,pro,Aug,sti,I-TITLE,PROPN,legatus,4,nmod
447,pro,Augusti,praetore,pro,pro,I-TITLE,ADP,praetore,7,case
447,praetore,pro,provinciae,pra,ore,I-TITLE,NOUN,consul,1,nmod
447,provinciae,praetore,Lusitaniae,pro,iae,B-LOC,NOUN,praetore,7,nmod
447,Lusitaniae,provinciae,III,Lus,iae,I-LOC,PROPN,praetore,7,nmod
447,III,Lusitaniae,curator,III,III,O,NUM,praetore,7,conj
447,curator,III,viae,cur,tor,B-TITLE,NOUN,praetore,7,appos
447,viae,curator,Flaminiae,via,iae,O,NOUN,curator,11,nmod
447,Flaminiae,viae,a,Fla,iae,B-PERS,ADJ,viae,12,amod
447,a,Flaminiae,sanctissimis,a,a,O,ADP,Imperatoribus,18,case
447,sanctissimis,a,maximisque,san,mis,O,ADJ,Imperatoribus,18,amod
447,maximisque,sanctissimis,Imperatoribus,max,que,O,ADJ,,-1,
447,Imperatoribus,maximisque,Auggustis,Imp,bus,B-TITLE,NOUN,Auggustis,19,nmod
447,Auggustis,Imperatoribus,nnostris,Aug,tis,B-TITLE,NOUN,consul,1,obl
447,nnostris,Auggustis,<END>,nno,ris,O,DET,Auggustis,19,amod
408,Condicionis,<START>,sacramentorum,Con,nis,O,NOUN,sacramentorum,2,nmod
408,sacramentorum,Condicionis,ad,sac,rum,O,NOUN,debead,22,dep
408,ad,sacramentorum,quas,ad,ad,O,ADP,infra,57,case
408,quas,ad,debead,qua,uas,O,PRON,debead,5,obl
408,debead,quas,iurare,deb,ead,O,VERB,debead,22,ROOT
408,iurare,debead,Lolus,iur,are,O,VERB,debead,22,xcomp
408,Lolus,iurare,ess,Lol,lus,B-PERS:NOMEN,NOUN,debead,22,nsubj
408,ess,Lolus,urdinatione,ess,ess,O,AUX,sacramentorum,2,cop
408,urdinatione,ess,Eunandi,urd,one,O,NOUN,iurare,21,obl
408,Eunandi,urdinatione,Argeredi,Eun,ndi,B-PERS,PROPN,urdinatione,9,nmod
408,Argeredi,Eunandi,vicariis,Arg,edi,B-PERS,NOUN,Eunandi,10,flat:name
408,vicariis,Argeredi,Rari,vic,iis,O,NOUN,Eunandi,10,appos
408,Rari,vicariis,Uviderici,Rar,ari,O,ADJ,vicariis,12,nmod
408,Uviderici,Rari,Argivindi,Uvi,ici,B-PERS,PROPN,Rari,13,amod
408,Argivindi,Uviderici,Gundaci,Arg,ndi,B-PERS,PROPN,Rari,13,conj
408,Gundaci,Argivindi,iudicibus,Gun,aci,B-PERS,PROPN,Argivindi,15,flat:name
408,iudicibus,Gundaci,ad,iud,bus,O,NOUN,Rari,13,appos
408,ad,iudicibus,petitionem,ad,ad,O,ADP,infra,57,case
408,petitionem,ad,Basili,pet,nem,O,NOUN,iurare,21,obl
408,Basili,petitionem,iurare,Bas,ili,B-PERS,PROPN,petitionem,19,nmod
408,iurare,Basili,debead,iur,are,O,VERB,debead,22,xcomp
408,debead,iurare,Lolus,deb,ead,O,VERB,debead,22,ROOT
408,Lolus,debead,propter,Lol,lus,B-PERS,NOUN,debead,22,nsubj
408,propter,Lolus,caballos,pro,ter,O,ADP,caballos,25,case
408,caballos,propter,quos,cab,los,O,NOUN,iurare,21,obl
408,quos,caballos,mutaverunt,quo,uos,O,PRON,mutaverunt,27,obj
408,mutaverunt,quos,iuro,mut,unt,O,VERB,caballos,25,acl:relcl
408,iuro,mutaverunt,per,iur,uro,O,VERB,mutaverunt,27,obl
408,per,iuro,deum,per,per,O,ADP,euangelia,42,case
408,deum,per,patrem,deu,eum,O,NOUN,mutaverunt,27,obl
408,patrem,deum,homnipotentem,pat,rem,O,NOUN,deum,30,appos
408,homnipotentem,patrem,et,hom,tem,O,ADJ,patrem,31,amod
408,et,homnipotentem,Ieso,et,et,O,CCONJ,dicendet,58,cc
408,Ieso,et,Christum,Ies,eso,O,PROPN,deum,30,conj
408,Christum,Ieso,filium,Chr,tum,O,PROPN,Ieso,34,flat:name
408,filium,Christum,et,fil,ium,O,NOUN,Ieso,34,appos
408,et,filium,per,et,et,O,CCONJ,dicendet,58,cc
408,per,et,ec,per,per,O,ADP,euangelia,42,case
408,ec,per,per,ec,ec,O,CCONJ,dicendet,58,obl
408,per,ec,quattuor,per,per,O,ADP,euangelia,42,case
408,quattuor,per,euangelia,qua,uor,O,NUM,euangelia,42,nummod
408,euangelia,quattuor,super,eua,lia,O,NOUN,dicendet,58,obl
408,super,euangelia,positis,sup,per,O,ADV,positis,44,advmod
408,positis,super,ante,pos,tis,O,VERB,dicendet,58,advcl:abs
408,ante,positis,is,ant,nte,O,ADV,condicionibus,47,case
408,is,ante,condicionibus,is,is,O,PUNCT,condicionibus,47,det
408,condicionibus,is,in,con,bus,O,NOUN,subscripsi,84,obl
408,in,condicionibus,sacrosancto,in,in,O,ADP,condicionis,89,case
408,sacrosancto,in,altario,sac,cto,O,ADJ,altario,50,amod
408,altario,sacrosancto,sanctae,alt,rio,O,NOUN,dicendet,58,obl
408,sanctae,altario,S,san,tae,O,ADJ,S,52,amod
408,S,sanctae,ira,S,S,O,PUNCT,altario,50,appos
408,ira,S,dei,ira,ira,O,NOUN,altario,50,appos
408,dei,ira,patris,dei,dei,O,PUNCT,ira,53,nmod
408,patris,dei,ad,pat,ris,O,NOUN,dei,54,nmod
408,ad,patris,infra,ad,ad,O,ADP,infra,57,case
408,infra,ad,dicendet,inf,fra,O,ADV,dicendet,58,advmod
408,dicendet,infra,ut,dic,det,O,VERB,debead,22,conj
408,ut,dicendet,videntes,ut,ut,O,SCONJ,pertimescan,62,mark
408,videntes,ut,omnes,vid,tes,O,VERB,pertimescan,62,advcl
408,omnes,videntes,pertimescan,omn,nes,O,DET,videntes,60,nsubj
408,pertimescan,omnes,essemplo,per,can,O,VERB,dicendet,58,ccomp
408,essemplo,pertimescan,factas,ess,plo,O,ADV,pertimescan,62,advmod
408,factas,essemplo,condiciones,fac,tas,O,VERB,pertimescan,62,ccomp
408,condiciones,factas,anno,con,nes,O,NOUN,ordinatas,78,nsubj:pass
408,anno,condiciones,feliciter,ann,nno,O,NOUN,pertimescan,62,obl
408,feliciter,anno,tertio,fel,ter,O,ADV,ordinatas,78,advmod
408,tertio,feliciter,regni,ter,tio,O,ADJ,feliciter,67,amod
408,regni,tertio,gloriosissimi,reg,gni,O,NOUN,feliciter,67,nmod
408,gloriosissimi,regni,domini,glo,imi,O,ADJ,domini,71,amod
408,domini,gloriosissimi,nostri,dom,ini,O,ADJ,regni,69,nmod
408,nostri,domini,Eunandus,nos,tri,O,DET,domini,71,det
408,Eunandus,nostri,has,Eun,dus,B-PERS,PROPN,domini,71,flat
408,has,Eunandus,condiciones,has,has,O,DET,condicionis,89,det
408,condiciones,has,a,con,nes,O,NOUN,ordinatas,78,nsubj:pass
408,a,condiciones,novis,a,a,O,ADP,novis,77,case
408,novis,a,ordinatas,nov,vis,O,ADJ,ordinatas,78,obl:arg
408,ordinatas,novis,subscripsi,ord,tas,O,VERB,pertimescan,62,advcl:abs
408,subscripsi,ordinatas,ra,sub,psi,O,VERB,debead,22,conj
408,ra,subscripsi,Argeredus,ra,ra,O,X,ordinatas,78,dep
408,Argeredus,ra,has,Arg,dus,B-PERS,PROPN,ordinatas,78,conj
408,has,Argeredus,condicionibus,has,has,O,DET,condicionis,89,det
408,condicionibus,has,subscripsi,con,bus,O,NOUN,subscripsi,84,obl
408,subscripsi,condicionibus,signum,sub,psi,O,VERB,debead,22,conj
408,signum,subscripsi,Uvidericus,sig,num,O,NOUN,debead,22,dep
408,Uvidericus,signum,in,Uvi,cus,B-PERS,PROPN,signum,85,flat
408,in,Uvidericus,has,in,in,O,ADP,condicionis,89,case
408,has,in,condicionis,has,has,O,DET,condicionis,89,det
408,condicionis,has,subscripsi,con,nis,O,NOUN,subscripsi,90,obl
408,subscripsi,condicionis,Argivindus,sub,psi,O,VERB,debead,22,conj
408,Argivindus,subscripsi,<END>,Arg,dus,B-PERS,PROPN,debead,22,nsubj
816,Decimus,<START>,Valerius,Dec,mus,B-PERS:PRAE,ADJ,dedit,27,nsubj
816,Valerius,Decimus,Decimi,Val,ius,B-PERS:NOMEN,PROPN,Decimus,1,flat:name
816,Decimi,Valerius,filius,Dec,imi,B-PERS:FILI,PROPN,filius,4,nmod
816,filius,Decimi,Cornelia,fil,ius,I-PERS:FILI,NOUN,Valerius,2,appos
816,Cornelia,filius,Proculus,Cor,lia,B-PERS:TRIBE,PROPN,Decimus,1,dep
816,Proculus,Cornelia,aedilis,Pro,lus,B-PERS:COG,PROPN,Cornelia,5,flat:name
816,aedilis,Proculus,dictator,aed,lis,B-TITLE,NOUN,dictator,8,nmod
816,dictator,aedilis,quaestor,dic,tor,O,NOUN,Cornelia,5,appos
816,quaestor,dictator,alimentorum,qua,tor,B-TITLE,NOUN,Cornelia,5,appos
816,alimentorum,quaestor,hydraeum,ali,rum,O,NOUN,quaestor,9,nmod
816,hydraeum,alimentorum,gCemmis,hyd,eum,O,NOUN,alimentorum,10,nmod
816,gCemmis,hydraeum,exornatum,gCe,mis,O,PROPN,dedit,27,obj
816,exornatum,gCemmis,et,exo,tum,O,VERB,gCemmis,12,amod
816,et,exornatum,auratum,et,et,O,CCONJ,Serapi,25,cc
816,auratum,et,una,aur,tum,O,ADJ,exornatum,13,conj
816,una,auratum,cum,una,una,O,NUM,dedit,27,advmod
816,cum,una,Valeria,cum,cum,O,ADP,una,16,fixed
816,Valeria,cum,Fortunata,Val,ria,B-PERS:NOMEN,PROPN,Valeria,18,conj
816,Fortunata,Valeria,et,For,ata,B-PERS:COG,PROPN,Valeria,18,flat
816,et,Fortunata,Valeria,et,et,O,CCONJ,Serapi,25,cc
816,Valeria,et,Procula,Val,ria,B-PERS:NOMEN,PROPN,Valeria,18,conj
816,Procula,Valeria,Isidi,Pro,ula,B-PERS:COG,PROPN,Valeria,21,flat:name
816,Isidi,Procula,et,Isi,idi,B-PERS,PROPN,dedit,27,obl:arg
816,et,Isidi,Serapi,et,et,O,CCONJ,Serapi,25,cc
816,Serapi,et,donum,Ser,api,B-PERS,PROPN,Isidi,23,conj
816,donum,Serapi,dedit,don,num,O,NOUN,dedit,27,obj
816,dedit,donum,<END>,ded,dit,O,VERB,dedit,27,ROOT
313,Alter,<START>,cubicularius,Alt,ter,O,DET,cubicularius,2,det
313,cubicularius,Alter,dulcissimus,cub,ius,B-TITLE,NOUN,vixit,4,nsubj
313,dulcissimus,cubicularius,vixit,dul,mus,O,ADJ,cubicularius,2,amod
313,vixit,dulcissimus,annos,vix,xit,O,VERB,vixit,4,ROOT
313,annos,vixit,XIIX,ann,nos,O,NOUN,vixit,4,obj
313,XIIX,annos,ossa,XII,IIX,O,NUM,annos,5,nummod
313,ossa,XIIX,hic,oss,ssa,O,NOUN,cubicularius,2,appos
313,hic,ossa,sita,hic,hic,O,ADV,sita,9,advmod:lmod
313,sita,hic,vivus,sit,ita,O,ADJ,ossa,7,acl
313,vivus,sita,<END>,viv,vus,O,ADJ,vixit,4,advcl:pred
359,B,<START>,aeatissimo,B,B,O,PUNCT,B,1,ROOT
359,aeatissimo,B,ac,aea,imo,O,ADJ,B,1,amod
359,ac,aeatissimo,nobilissimo,ac,ac,O,CCONJ,nobilissimo,4,cc
359,nobilissimo,ac,Caesari,nob,imo,O,ADJ,aeatissimo,2,conj
359,Caesari,nobilissimo,Flavio,Cae,ari,O,PROPN,B,1,dep
359,Flavio,Caesari,domino,Fla,vio,O,PROPN,domino,7,flat
359,domino,Flavio,nostro,dom,ino,O,NOUN,Flavio,6,appos
359,nostro,domino,Flavio,nos,tro,O,DET,domino,7,det
359,Flavio,nostro,Constantio,Fla,vio,B-PERS:NOMEN,PROPN,domino,7,flat
359,Constantio,Flavio,splendidissimus,Con,tio,B-PERS:COG,PROPN,Flavio,9,flat:name
359,splendidissimus,Constantio,ordo,spl,mus,O,ADJ,ordo,12,amod
359,ordo,splendidissimus,coloniae,ord,rdo,O,NOUN,B,1,nsubj
359,coloniae,ordo,Cuiculitanorum,col,iae,B-LOC,NOUN,ordo,12,nmod
359,Cuiculitanorum,coloniae,<END>,Cui,rum,I-LOC,PROPN,coloniae,13,nmod
472,Titus,<START>,Helvius,Tit,tus,B-PERS:PRAE,PROPN,fecit,14,nsubj
472,Helvius,Titus,Marianus,Hel,ius,B-PERS:NOMEN,PROPN,Titus,1,flat:name
472,Marianus,Helvius,centurio,Mar,nus,B-PERS:COG,PROPN,Titus,1,appos
472,centurio,Marianus,legionis,cen,rio,O,NOUN,Titus,1,appos
472,legionis,centurio,III,leg,nis,O,NOUN,centurio,4,nmod
472,III,legionis,Gallicae,III,III,O,NUM,legionis,5,nummod
472,Gallicae,III,aedem,Gal,cae,O,ADJ,legionis,5,amod
472,aedem,Gallicae,et,aed,dem,O,NOUN,fecit,14,obj
472,et,aedem,signum,et,et,O,CCONJ,signum,10,cc
472,signum,et,Nemesi,sig,num,O,NOUN,aedem,8,conj
472,Nemesi,signum,sua,Nem,esi,O,NOUN,signum,10,nmod
472,sua,Nemesi,pecunia,sua,sua,O,DET,pecunia,13,det
472,pecunia,sua,fecit,pec,nia,O,NOUN,fecit,14,obl
472,fecit,pecunia,<END>,fec,cit,O,VERB,fecit,14,ROOT
205,Marcella,<START>,vixit,Mar,lla,B-PERS,PROPN,vixit,2,nsubj
205,vixit,Marcella,annos,vix,xit,O,VERB,vixit,2,ROOT
205,annos,vixit,XV,ann,nos,O,NOUN,vixit,2,obj
205,XV,annos,hic,XV,XV,O,NUM,annos,3,nummod
205,hic,XV,sita,hic,hic,O,ADV,sita,6,advmod:lmod
205,sita,hic,est,sit,ita,O,ADJ,vixit,2,acl
205,est,sita,ossa,est,est,O,AUX,sita,6,aux:pass
205,ossa,est,tibi,oss,ssa,O,NOUN,sita,6,nsubj:pass
205,tibi,ossa,bene,tib,ibi,O,PRON,quiescant,11,obl:arg
205,bene,tibi,quiescant,ben,ene,O,ADV,quiescant,11,advmod
205,quiescant,bene,<END>,qui,ant,O,VERB,sita,6,acl:relcl
228,Dis,<START>,Manibus,Dis,Dis,O,NOUN,Manibus,2,case
228,Manibus,Dis,Otacilio,Man,bus,O,PROPN,Manibus,2,ROOT
228,Otacilio,Manibus,Prisciano,Ota,lio,B-PERS:NOMEN,PROPN,Manibus,2,nmod
228,Prisciano,Otacilio,Otacilius,Pri,ano,B-PERS:COG,PROPN,Otacilio,3,flat:name
228,Otacilius,Prisciano,Successus,Ota,ius,B-PERS:NOMEN,PROPN,Manibus,2,nmod
228,Successus,Otacilius,filio,Suc,sus,B-PERS:COG,NOUN,Manibus,2,conj
228,filio,Successus,<END>,fil,lio,O,NOUN,Successus,6,appos
482,Dis,<START>,Manibus,Dis,Dis,O,NOUN,Manibus,2,case
482,Manibus,Dis,Thetidis,Man,bus,O,PROPN,vixit,4,obl
482,Thetidis,Manibus,vixit,The,dis,B-PERS,PROPN,Manibus,2,nmod
482,vixit,Thetidis,annos,vix,xit,O,VERB,vixit,10,ROOT
482,annos,vixit,IX,ann,nos,O,NOUN,vixit,10,obj
482,IX,annos,et,IX,IX,O,NUM,annos,5,nummod
482,et,IX,Charidis,et,et,O,CCONJ,intelleges,35,cc
482,Charidis,et,sororis,Cha,dis,B-PERS,PROPN,vixit,4,conj
482,sororis,Charidis,vixit,sor,ris,O,NOUN,Charidis,8,nmod
482,vixit,sororis,annos,vix,xit,O,VERB,vixit,10,ROOT
482,annos,vixit,XV,ann,nos,O,NOUN,vixit,10,obj
482,XV,annos,fecit,XV,XV,O,NUM,annos,11,nummod
482,fecit,XV,pater,fec,cit,O,VERB,vixit,10,conj
482,pater,fecit,ex,pat,ter,O,NOUN,viso,16,nsubj:pass
482,ex,pater,viso,ex,ex,O,ADP,viso,16,case
482,viso,ex,Tiberius,vis,iso,O,X,fecit,13,advcl:abs
482,Tiberius,viso,Claudius,Tib,ius,B-PERS:PRAE,PROPN,fecit,13,nsubj
482,Claudius,Tiberius,Panoptes,Cla,ius,B-PERS:NOMEN,PROPN,fecit,13,xcomp
482,Panoptes,Claudius,et,Pan,tes,B-PERS:COG,PROPN,fecit,13,nsubj
482,et,Panoptes,mater,et,et,O,CCONJ,intelleges,35,cc
482,mater,et,Charmosyne,mat,ter,O,NOUN,Tiberius,17,conj
482,Charmosyne,mater,tu,Cha,yne,B-PERS,PROPN,mater,21,flat
482,tu,Charmosyne,qui,tu,tu,O,PRON,facta,31,nsubj:pass
482,qui,tu,legis,qui,qui,O,PUNCT,dubitas,27,nsubj
482,legis,qui,et,leg,gis,O,NOUN,dubitas,27,dep
482,et,legis,dubitas,et,et,O,CCONJ,intelleges,35,cc
482,dubitas,et,Manes,dub,tas,O,VERB,Manes,28,acl
482,Manes,dubitas,esse,Man,nes,O,PROPN,facta,31,nsubj:pass
482,esse,Manes,sponsione,ess,sse,O,AUX,Manes,28,cop
482,sponsione,esse,facta,spo,one,O,NOUN,facta,31,nsubj:pass
482,facta,sponsione,invoca,fac,cta,O,VERB,invoca,32,advcl:abs
482,invoca,facta,nos,inv,oca,O,NOUN,vixit,10,conj
482,nos,invoca,et,nos,nos,O,PUNCT,invoca,32,obj
482,et,nos,intelleges,et,et,O,CCONJ,intelleges,35,cc
482,intelleges,et,item,int,ges,O,VERB,invoca,32,conj
482,item,intelleges,Euno,ite,tem,O,ADV,intelleges,35,advmod
482,Euno,item,nutricio,Eun,uno,B-PERS,PROPN,colliberto,40,nsubj
482,nutricio,Euno,earum,nut,cio,O,NOUN,Euno,37,appos
482,earum,nutricio,colliberto,ear,rum,O,PRON,nutricio,38,nmod
482,colliberto,earum,suo,col,rto,O,NOUN,intelleges,35,ccomp
482,suo,colliberto,<END>,suo,suo,O,PUNCT,colliberto,40,det
40,Marcus,<START>,Hirrius,Mar,cus,B-PERS:PRAE,PROPN,donatus,25,nsubj:pass
40,Hirrius,Marcus,Fronto,Hir,ius,B-PERS:NOMEN,PROPN,Marcus,1,flat:name
40,Fronto,Hirrius,Neratius,Fro,nto,B-PERS:COG,NOUN,Marcus,1,obl:arg
40,Neratius,Fronto,Pansa,Ner,ius,B-PERS:AG,PROPN,Marcus,1,conj
40,Pansa,Neratius,consul,Pan,nsa,B-PERS:AG,PROPN,Neratius,4,flat:name
40,consul,Pansa,curator,con,sul,B-TITLE,NOUN,Marcus,1,appos
40,curator,consul,aedium,cur,tor,O,NOUN,Marcus,1,appos
40,aedium,curator,sacrarum,aed,ium,O,NOUN,curator,7,nmod
40,sacrarum,aedium,et,sac,rum,O,ADJ,aedium,8,amod
40,et,sacrarum,operum,et,et,O,CCONJ,operum,11,cc
40,operum,et,locorumque,ope,rum,O,NOUN,sacrarum,9,conj
40,locorumque,operum,publicorum,loc,que,O,NOUN,,-1,
40,publicorum,locorumque,adlectus,pub,rum,O,NOUN,locorum,12,amod
40,adlectus,publicorum,ab,adl,tus,O,NOUN,Marcus,1,conj
40,ab,adlectus,Imperatore,ab,ab,O,ADP,eodem,24,case
40,Imperatore,ab,Caesare,Imp,ore,B-PERS:TITLE,NOUN,adlectus,15,obl:agent
40,Caesare,Imperatore,Vespasiano,Cae,are,B-PERS:TITLE,PROPN,adlectus,15,dep
40,Vespasiano,Caesare,Augusto,Ves,ano,B-PERS:NOMEN,PROPN,adlectus,15,dep
40,Augusto,Vespasiano,inter,Aug,sto,B-PERS:TITLE,PROPN,Marcus,1,conj
40,inter,Augusto,patricios,int,ter,O,ADP,patricios,22,case
40,patricios,inter,ab,pat,ios,O,NOUN,donatus,25,obl
40,ab,patricios,eodem,ab,ab,O,ADP,eodem,24,case
40,eodem,ab,donatus,eod,dem,O,DET,donatus,25,obl:agent
40,donatus,eodem,hastis,don,tus,O,VERB,donatus,25,ROOT
40,hastis,donatus,puris,has,tis,O,NOUN,donatus,25,conj
40,puris,hastis,IV,pur,ris,O,ADJ,hastis,26,amod
40,IV,puris,vexillis,IV,IV,O,NUM,puris,27,conj
40,vexillis,IV,IV,vex,lis,O,NOUN,puris,27,conj
40,IV,vexillis,coronis,IV,IV,O,NUM,puris,27,conj
40,coronis,IV,IV,cor,nis,O,NOUN,puris,27,conj
40,IV,coronis,murali,IV,IV,O,NUM,puris,27,conj
40,murali,IV,vallari,mur,ali,O,ADJ,puris,27,conj
40,vallari,murali,classica,val,ari,O,VERB,hastis,26,conj
40,classica,vallari,aurea,cla,ica,O,ADJ,vallari,34,amod
40,aurea,classica,im,aur,rea,O,ADJ,vallari,34,conj
40,im,aurea,censendo,im,im,O,ADP,censendo,38,mark
40,censendo,im,regionem,cen,ndo,O,VERB,donatus,25,advcl
40,regionem,censendo,X,reg,nem,O,NOUN,censendo,38,obj
40,X,regionem,legatus,X,X,O,NUM,regionem,39,nummod
40,legatus,X,pro,leg,tus,O,NOUN,donatus,25,advcl
40,pro,legatus,praetore,pro,pro,O,ADP,praetore,59,case
40,praetore,pro,Imperatoris,pra,ore,O,NOUN,legatus,57,nmod
40,Imperatoris,praetore,Caesaris,Imp,ris,B-PERS:TITLE,NOUN,praetore,59,nmod
40,Caesaris,Imperatoris,Vespasiani,Cae,ris,B-PERS:TITLE,PROPN,Imperatoris,60,nmod
40,Vespasiani,Caesaris,Augusti,Ves,ani,B-PERS:NOMEN,PROPN,Imperatoris,60,amod
40,Augusti,Vespasiani,exercitus,Aug,sti,B-PERS:TITLE,PROPN,Vespasiani,62,flat:name
40,exercitus,Augusti,qui,exe,tus,O,NOUN,legatus,41,nmod
40,qui,exercitus,in,qui,qui,O,PUNCT,missus,52,nsubj:pass
40,in,qui,A,in,in,O,ADP,A,51,case
40,A,in,missus,A,A,O,ADP,missus,52,obl
40,missus,A,est,mis,sus,O,VERB,exercitus,48,acl:relcl
40,est,missus,XVvir,est,est,O,AUX,missus,52,aux:pass
40,XVvir,est,sacris,XVv,vir,O,NUM,legatus,57,amod
40,sacris,XVvir,faciundis,sac,ris,O,NOUN,faciundis,56,nsubj
40,faciundis,sacris,legatus,fac,dis,O,VERB,XVvir,54,conj
40,legatus,faciundis,pro,leg,tus,B-TITLE,NOUN,donatus,25,advcl
40,pro,legatus,praetore,pro,pro,I-TITLE,ADP,praetore,59,case
40,praetore,pro,Imperatoris,pra,ore,I-TITLE,NOUN,legatus,57,nmod
40,Imperatoris,praetore,Caesaris,Imp,ris,B-PERS:TITLE,NOUN,praetore,59,nmod
40,Caesaris,Imperatoris,Vespasiani,Cae,ris,B-PERS:TITLE,PROPN,Imperatoris,60,nmod
40,Vespasiani,Caesaris,Augusti,Ves,ani,B-PERS:NOMEN,PROPN,Imperatoris,60,amod
40,Augusti,Vespasiani,provinciae,Aug,sti,B-PERS:TITLE,PROPN,Vespasiani,62,flat:name
40,provinciae,Augusti,Cappadociae,pro,iae,B-LOC,NOUN,Vespasiani,62,appos
40,Cappadociae,provinciae,Galatiae,Cap,iae,I-LOC,PROPN,Vespasiani,62,conj
40,Galatiae,Cappadociae,Armeniae,Gal,iae,I-LOC,PROPN,Vespasiani,62,conj
40,Armeniae,Galatiae,minoris,Arm,iae,I-LOC,PROPN,Vespasiani,62,conj
40,minoris,Armeniae,<END>,min,ris,I-LOC,ADJ,Armeniae,67,amod
392,CAOONKA,<START>,proptPer,CAO,NKA,O,X,debent,14,nsubj
392,proptPer,CAOONKA,quod,pro,Per,O,ADV,debent,14,advmod
392,quod,proptPer,magistratus,quo,uod,O,PRON,placuisse,18,nsubj
392,magistratus,quod,harum,mag,tus,O,NOUN,agere,12,nsubj
392,harum,magistratus,civitatum,har,rum,O,DET,civitatum,6,det
392,civitatum,harum,in,civ,tum,O,NOUN,magistratus,4,nmod
392,in,civitatum,quibus,in,in,O,ADP,quibus,8,case
392,quibus,in,te,qui,bus,O,PRON,suggeris,10,obl
392,te,quibus,suggeris,te,te,O,PRON,suggeris,10,obj
392,suggeris,te,possidere,sug,ris,O,VERB,possidere,11,dep
392,possidere,suggeris,agere,pos,ere,O,VERB,agere,12,xcomp
392,agere,possidere,curam,age,ere,O,VERB,debent,14,ccomp
392,curam,agere,debent,cur,ram,O,NOUN,agere,12,obj
392,debent,curam,ut,deb,ent,O,VERB,debent,14,ROOT
392,ut,debent,quod,ut,ut,O,SCONJ,teneatur,22,mark
392,quod,ut,optime,quo,uod,O,PRON,placuisse,18,nsubj
392,optime,quod,placuisse,opt,ime,O,ADV,placuisse,18,advmod
392,placuisse,optime,perspicitur,pla,sse,O,VERB,perspicitur,19,csubj:pass
392,perspicitur,placuisse,perpetua,per,tur,O,VERB,teneatur,22,csubj:pass
392,perpetua,perspicitur,observatione,per,tua,O,ADJ,observatione,21,amod
392,observatione,perpetua,teneatur,obs,one,O,NOUN,teneatur,22,obl
392,teneatur,observatione,vale,ten,tur,O,VERB,debent,14,advcl
392,vale,teneatur,Apella,val,ale,O,ADV,teneatur,22,conj
392,Apella,vale,carissime,Ape,lla,B-PERS,PROPN,teneatur,22,nsubj:pass
392,carissime,Apella,nobis,car,ime,O,ADJ,data,27,advmod
392,nobis,carissime,data,nob,bis,O,PRON,data,27,obl:arg
392,data,nobis,V,dat,ata,O,VERB,Apella,24,acl
392,V,data,Kalendas,V,V,O,,data,27,obl:tmod
392,Kalendas,V,Iunias,Kal,das,O,NOUN,V,28,nmod
392,Iunias,Kalendas,Antiochiae,Iun,ias,O,ADJ,Kalendas,29,amod
392,Antiochiae,Iunias,<END>,Ant,iae,B-LOC,PROPN,data,27,obl
111,Dis,<START>,Manibus,Dis,Dis,O,NOUN,Manibus,2,case
111,Manibus,Dis,Marco,Man,bus,O,PROPN,curaverunt,25,obl
111,Marco,Manibus,Adventinio,Mar,rco,B-PERS:PRAE,PROPN,Manibus,2,flat:name
111,Adventinio,Marco,Fruendo,Adv,nio,B-PERS:NOMEN,ADJ,Marco,3,flat:name
111,Fruendo,Adventinio,Marcus,Fru,ndo,B-PERS:COG,VERB,Marco,3,flat:name
111,Marcus,Fruendo,Publilius,Mar,cus,B-PERS:PRAE,PROPN,Marco,3,conj
111,Publilius,Marcus,Adventus,Pub,ius,B-PERS:NOMEN,PROPN,Marcus,6,amod
111,Adventus,Publilius,miles,Adv,tus,B-PERS:COG,NOUN,Marco,3,conj
111,miles,Adventus,legionis,mil,les,O,NOUN,Marco,3,appos
111,legionis,miles,XXX,leg,nis,O,NOUN,miles,9,nmod
111,XXX,legionis,Ulpiae,XXX,XXX,O,NUM,Marco,3,conj
111,Ulpiae,XXX,Victricis,Ulp,iae,O,PROPN,Marco,3,conj
111,Victricis,Ulpiae,Piae,Vic,cis,O,NOUN,Ulpiae,12,conj
111,Piae,Victricis,Fidelis,Pia,iae,O,PROPN,Ulpiae,12,conj
111,Fidelis,Piae,et,Fid,lis,O,ADJ,Ulpiae,12,amod
111,et,Fidelis,Batavinia,et,et,O,CCONJ,Batavinia,17,cc
111,Batavinia,et,Romana,Bat,nia,B-PERS:NOMEN,PROPN,Ulpiae,12,conj
111,Romana,Batavinia,patres,Rom,ana,B-PERS:COG,ADJ,Ulpiae,12,conj
111,patres,Romana,pientissimi,pat,res,O,NOUN,curaverunt,25,nsubj
111,pientissimi,patres,filio,pie,imi,O,ADJ,patres,19,amod
111,filio,pientissimi,mensium,fil,lio,O,NOUN,patres,19,appos
111,mensium,filio,XI,men,ium,O,NOUN,curaverunt,25,dep
111,XI,mensium,faciendum,XI,XI,O,NUM,mensium,22,nummod
111,faciendum,XI,curaverunt,fac,dum,O,VERB,curaverunt,25,ccomp
111,curaverunt,faciendum,<END>,cur,unt,O,VERB,curaverunt,25,ROOT
833,Lucio,<START>,Petronio,Luc,cio,B-PERS:PRAE,PROPN,posuerunt,16,obl:arg
833,Petronio,Lucio,Dextro,Pet,nio,B-PERS:NOMEN,PROPN,Lucio,1,flat:name
833,Dextro,Petronio,episcopo,Dex,tro,B-PERS:COG,ADJ,Petronio,2,amod
833,episcopo,Dextro,patri,epi,opo,O,NOUN,Petronio,2,appos
833,patri,episcopo,qui,pat,tri,O,NOUN,posuerunt,16,obl:arg
833,qui,patri,vixit,qui,qui,O,PUNCT,vixit,7,nsubj
833,vixit,qui,annis,vix,xit,O,VERB,Lucio,1,acl:relcl
833,annis,vixit,LXVI,ann,nis,O,NOUN,vixit,7,obl
833,LXVI,annis,patri,LXV,XVI,O,NUM,annis,8,nummod
833,patri,LXVI,karissimo,pat,tri,O,NOUN,posuerunt,16,obl:arg
833,karissimo,patri,Luci,kar,imo,O,ADJ,patri,10,amod
833,Luci,karissimo,Petronii,Luc,uci,B-PERS:PRAE,PROPN,patri,10,nmod
833,Petronii,Luci,quinque,Pet,nii,B-PERS:NOMEN,PROPN,Luci,12,flat:name
833,quinque,Petronii,filii,qui,que,O,NUM,filii,15,nummod
833,filii,quinque,posuerunt,fil,lii,O,NOUN,posuerunt,16,nsubj
833,posuerunt,filii,depositus,pos,unt,O,VERB,posuerunt,16,ROOT
833,depositus,posuerunt,IIII,dep,tus,O,VERB,posuerunt,16,advcl
833,IIII,depositus,Idus,III,III,O,NUM,depositus,17,nummod
833,Idus,IIII,Decembres,Idu,dus,O,NOUN,depositus,17,nmod
833,Decembres,Idus,Proviano,Dec,res,O,NOUN,Idus,19,amod
833,Proviano,Decembres,et,Pro,ano,B-PERS,PROPN,posuerunt,16,obl
833,et,Proviano,Iuliano,et,et,O,CCONJ,Iuliano,23,cc
833,Iuliano,et,conssulibus,Iul,ano,B-PERS,PROPN,Proviano,21,conj
833,conssulibus,Iuliano,<END>,con,bus,O,ADJ,Proviano,21,conj
813,ColNlegium,<START>,fullonum,Col,ium,O,PROPN,ColNlegium,1,ROOT
813,fullonum,ColNlegium,Caius,ful,num,O,NOUN,ColNlegium,1,nmod
813,Caius,fullonum,Numitorius,Cai,ius,B-PERS:NOMEN,PROPN,ColNlegium,1,conj
813,Numitorius,Caius,Cai,Num,ius,B-PERS:COG,PROPN,Caius,3,flat:name
813,Cai,Numitorius,libertus,Cai,Cai,B-PERS:FILI,PROPN,libertus,6,nmod
813,libertus,Cai,Publius,lib,tus,I-PERS:FILI,NOUN,Caius,3,appos
813,Publius,libertus,Ceccius,Pub,ius,B-PERS:NOMEN,PROPN,ColNlegium,1,conj
813,Ceccius,Publius,Quintus,Cec,ius,B-PERS:COG,PROPN,Publius,7,flat:name
813,Quintus,Ceccius,Etrilius,Qui,tus,B-PERS:NOMEN,PROPN,Publius,7,conj
813,Etrilius,Quintus,Antipo,Etr,ius,B-PERS:COG,PROPN,Quintus,9,flat:name
813,Antipo,Etrilius,Oppi,Ant,ipo,B-PERS:NOMEN,PROPN,servus,14,obl
813,Oppi,Antipo,Luci,Opp,ppi,B-PERS:COG,VERB,Antipo,11,nmod
813,Luci,Oppi,servus,Luc,uci,B-PERS:FILI,PROPN,servus,14,nmod
813,servus,Luci,Silucus,ser,vus,I-PERS:FILI,NOUN,Silucus,15,appos
813,Silucus,servus,Albinorum,Sil,cus,B-PERS,PROPN,Publius,7,conj
813,Albinorum,Silucus,servus,Alb,rum,B-PERS:FILI,NOUN,servus,17,nmod
813,servus,Albinorum,Touriscus,ser,vus,I-PERS:FILI,NOUN,Silucus,15,appos
813,Touriscus,servus,Cordi,Tou,cus,B-PERS:PRAE,CCONJ,Publius,7,conj
813,Cordi,Touriscus,Marci,Cor,rdi,B-PERS:NOMEN,PROPN,Touriscus,18,nmod
813,Marci,Cordi,<END>,Mar,rci,B-PERS:COG,PROPN,Touriscus,18,nmod
963,Matrona,<START>,fidelis,Mat,ona,O,NOUN,vixit,3,nsubj
963,fidelis,Matrona,vixit,fid,lis,O,ADJ,Matrona,1,nmod
963,vixit,fidelis,in,vix,xit,O,VERB,vixit,3,ROOT
963,in,vixit,pace,in,in,O,ADP,pace,5,case
963,pace,in,plus,pac,ace,O,PUNCT,vixit,3,obl
963,plus,pace,minus,plu,lus,O,ADV,minus,7,advmod
963,minus,plus,annis,min,nus,O,ADV,deposita,10,advmod
963,annis,minus,XXXV,ann,nis,O,NOUN,deposita,10,obl
963,XXXV,annis,deposita,XXX,XXV,O,NUM,annis,8,nummod
963,deposita,XXXV,sub,dep,ita,O,VERB,vixit,3,conj
963,sub,deposita,die,sub,sub,O,ADP,die,12,case
963,die,sub,IX,die,die,O,PUNCT,vixit,3,obl
963,IX,die,Kalendas,IX,IX,O,NUM,die,12,nummod
963,Kalendas,IX,Februarias,Kal,das,O,NOUN,die,12,nmod
963,Februarias,Kalendas,anno,Feb,ias,O,ADJ,Kalendas,14,amod
963,anno,Februarias,XVIIII,ann,nno,O,NOUN,vixit,3,obl
963,XVIIII,anno,indictione,XVI,III,O,NUM,anno,16,nummod
963,indictione,XVIIII,VIIII,ind,one,O,NOUN,vixit,3,obl
963,VIIII,indictione,<END>,VII,III,O,NUM,indictione,18,nummod
422,Felicissimus,<START>,et,Fel,mus,B-PERS,ADJ,fecerunt,7,nsubj
422,et,Felicissimus,Tigris,et,et,O,CCONJ,Tigris,3,cc
422,Tigris,et,sanctae,Tig,ris,B-PERS,PROPN,Felicissimus,1,conj
422,sanctae,Tigris,ecclesiae,san,tae,O,ADJ,ecclesiae,5,amod
422,ecclesiae,sanctae,Parentinae,ecc,iae,O,NOUN,fecerunt,7,obl:arg
422,Parentinae,ecclesiae,fecerunt,Par,nae,B-PERS,ADJ,ecclesiae,5,amod
422,fecerunt,Parentinae,pedes,fec,unt,O,VERB,fecerunt,7,ROOT
422,pedes,fecerunt,qui,ped,des,O,X,fecerunt,7,obj
422,qui,pedes,legis,qui,qui,O,PUNCT,habeas,14,nsubj
422,legis,qui,in,leg,gis,O,NOUN,mente,12,nmod
422,in,legis,mente,in,in,O,ADP,mente,12,case
422,mente,in,nos,men,nte,O,NOUN,habeas,14,obl
422,nos,mente,habeas,nos,nos,O,PUNCT,habeas,14,obj
422,habeas,nos,<END>,hab,eas,O,VERB,pedes,8,acl:relcl
341,i,<START>,Ammaedarenses,i,i,O,PUNCT,Ammaedarenses,2,nummod
341,Ammaedarenses,i,vixit,Amm,ses,O,PROPN,vixit,3,vocative
341,vixit,Ammaedarenses,annos,vix,xit,O,VERB,vixit,3,conj
341,annos,vixit,XXI,ann,nos,O,NOUN,vixit,10,obj
341,XXI,annos,menses,XXI,XXI,O,NUM,vixit,3,dislocated
341,menses,XXI,IX,men,ses,O,NOUN,vixit,3,obl
341,IX,menses,dies,IX,IX,O,NUM,vixit,3,obl:tmod
341,dies,IX,XXII,die,ies,O,X,vixit,10,nmod
341,XXII,dies,vixit,XXI,XII,O,NUM,dies,8,nummod
341,vixit,XXII,annos,vix,xit,O,VERB,vixit,3,conj
341,annos,vixit,XVIIII,ann,nos,O,NOUN,vixit,10,obj
341,XVIIII,annos,dies,XVI,III,O,NUM,vixit,10,dislocated
341,dies,XVIIII,XXVI,die,ies,O,X,vixit,10,nmod
341,XXVI,dies,filiis,XXV,XVI,O,NUM,dies,13,nummod
341,filiis,XXVI,dulcissimis,fil,iis,O,NOUN,fecerunt,17,obl
341,dulcissimis,filiis,fecerunt,dul,mis,O,ADJ,filiis,15,amod
341,fecerunt,dulcissimis,<END>,fec,unt,O,VERB,vixit,3,conj
184,Maximiano,<START>,Piis,Max,ano,B-PERS:NOMEN,PROPN,Maximiano,1,conj
184,Piis,Maximiano,Felicibus,Pii,iis,B-PERS:AG,X,Maximiano,1,conj
184,Felicibus,Piis,Invictis,Fel,bus,B-PERS:COG,NOUN,Piis,2,flat:name
184,Invictis,Felicibus,Augustis,Inv,tis,B-PERS:AG,ADJ,Augustis,5,amod
184,Augustis,Invictis,et,Aug,tis,B-PERS:TITLE,PROPN,Piis,2,appos
184,et,Augustis,Marco,et,et,O,CCONJ,Galerio,12,cc
184,Marco,et,Flavio,Mar,rco,B-PERS:PRAE,PROPN,Piis,2,conj
184,Flavio,Marco,Valerio,Fla,vio,B-PERS:NOMEN,PROPN,Marco,7,flat:name
184,Valerio,Flavio,Constantio,Val,rio,B-PERS:COG,PROPN,Galerio,12,flat:name
184,Constantio,Valerio,et,Con,tio,B-PERS:AG,PROPN,Maximiano,1,conj
184,et,Constantio,Galerio,et,et,O,CCONJ,Galerio,12,cc
184,Galerio,et,Valerio,Gal,rio,B-PERS:PRAE,PROPN,Maximiano,1,conj
184,Valerio,Galerio,Maximiano,Val,rio,B-PERS:NOMEN,PROPN,Galerio,12,flat:name
184,Maximiano,Valerio,nobilissimis,Max,ano,B-PERS:COG,PROPN,Maximiano,1,conj
184,nobilissimis,Maximiano,Caesaribus,nob,mis,O,ADJ,Caesaribus,16,amod
184,Caesaribus,nobilissimis,<END>,Cae,bus,O,PROPN,Maximiano,1,conj
998,Memoria,<START>,Iuli,Mem,ria,O,NOUN,vixit,4,obl
998,Iuli,Memoria,Sandali,Iul,uli,B-PERS:NOMEN,PROPN,Memoria,1,nmod
998,Sandali,Iuli,vixit,San,ali,B-PERS:COG,PROPN,Iuli,2,flat:name
998,vixit,Sandali,annos,vix,xit,O,VERB,acceptus,7,advcl
998,annos,vixit,LXXIII,ann,nos,O,NOUN,vixit,4,obl:tmod
998,LXXIII,annos,acceptus,LXX,III,O,NUM,annos,5,nummod
998,acceptus,LXXIII,est,acc,tus,O,VERB,acceptus,7,ROOT
998,est,acceptus,anno,est,est,O,AUX,acceptus,7,aux:pass
998,anno,est,provinciae,ann,nno,O,NOUN,acceptus,7,obl
998,provinciae,anno,CCCCXXVII,pro,iae,O,NOUN,anno,9,nmod
998,CCCCXXVII,provinciae,die,CCC,VII,O,NUM,anno,9,amod
998,die,CCCCXXVII,VII,die,die,O,PUNCT,acceptus,7,obl
998,VII,die,Idus,VII,VII,O,NUM,die,12,nummod
998,Idus,VII,Septembres,Idu,dus,O,NOUN,die,12,nmod
998,Septembres,Idus,<END>,Sep,res,O,NOUN,Idus,14,amod
423,Dis,<START>,Manibus,Dis,Dis,O,NOUN,Manibus,2,case
423,Manibus,Dis,Septimius,Man,bus,O,PROPN,fecit,5,obl
423,Septimius,Manibus,AfricKanus,Sep,ius,B-PERS:NOMEN,PROPN,fecit,5,nsubj
423,AfricKanus,Septimius,fecit,Afr,nus,B-PERS:COG,PROPN,Septimius,3,flat:name
423,fecit,AfricKanus,sibi,fec,cit,O,VERB,fecit,5,ROOT
423,sibi,fecit,et,sib,ibi,O,PRON,fecit,5,obl:arg
423,et,sibi,coniugi,et,et,O,CCONJ,libertis,14,cc
423,coniugi,et,suae,con,ugi,O,NOUN,sibi,6,conj
423,suae,coniugi,et,sua,uae,O,DET,coniugi,8,det
423,et,suae,libertis,et,et,O,CCONJ,libertis,14,cc
423,libertis,et,suis,lib,tis,O,ADJ,sibi,6,conj
423,suis,libertis,et,sui,uis,O,DET,libertis,11,det
423,et,suis,libertis,et,et,O,CCONJ,libertis,14,cc
423,libertis,et,libertabusque,lib,tis,O,ADJ,sibi,6,conj
423,libertabusque,libertis,eorum,lib,que,O,VERB,,-1,
423,eorum,libertabusque,si,eor,rum,O,PRON,que,16,nmod
423,si,eorum,quis,si,si,O,SCONJ,habebit,25,mark
423,quis,si,autem,qui,uis,O,PRON,habebit,25,nsubj
423,autem,quis,posterum,aut,tem,O,,habebit,25,discourse
423,posterum,autem,donare,pos,rum,O,ADJ,donare,22,obj
423,donare,posterum,voluerit,don,are,O,VERB,voluerit,23,xcomp
423,voluerit,donare,poena,vol,rit,O,VERB,poena,24,acl:relcl
423,poena,voluerit,habebit,poe,ena,O,NOUN,habebit,25,obj
423,habebit,poena,<END>,hab,bit,O,VERB,sibi,6,conj
182,Talus,<START>,Paternus,Tal,lus,B-PERS:NOMEN,DET,Paternus,2,det
182,Paternus,Talus,et,Pat,nus,B-PERS:COG,PROPN,Paternus,2,ROOT
182,et,Paternus,filius,et,et,O,CCONJ,IPS,10,cc
182,filius,et,Secundinus,fil,ius,O,NOUN,Paternus,2,conj
182,Secundinus,filius,PT,Sec,nus,B-PERS,PROPN,filius,4,amod
182,PT,Secundinus,Cominus,PT,PT,O,PUNCT,Paternus,2,appos
182,Cominus,PT,NELF,Com,nus,B-PERS,PROPN,PT,6,flat:name
182,NELF,Cominus,et,NEL,ELF,O,X,PT,6,orphan
182,et,NELF,IPS,et,et,O,CCONJ,IPS,10,cc
182,IPS,et,LNS,IPS,IPS,O,NOUN,NELF,8,conj
182,LNS,IPS,Lucio,LNS,LNS,O,NOUN,PT,6,advmod
182,Lucio,LNS,filio,Luc,cio,B-PERS:PRAE,PROPN,PT,6,dep
182,filio,Lucio,suo,fil,lio,B-PERS:FILI,NOUN,Lucio,12,appos
182,suo,filio,<END>,suo,suo,O,PUNCT,filio,13,det
905,Nobilissimo,<START>,Caesari,Nob,imo,O,ADJ,Caesari,2,amod
905,Caesari,Nobilissimo,domino,Cae,ari,O,PROPN,Caesari,2,ROOT
905,domino,Caesari,nostro,dom,ino,O,NOUN,Caesari,2,nsubj
905,nostro,domino,Flavio,nos,tro,O,DET,domino,3,det
905,Flavio,nostro,Iuliano,Fla,vio,B-PERS:NOMEN,PROPN,domino,3,flat
905,Iuliano,Flavio,Annius,Iul,ano,B-PERS:COG,PROPN,Flavio,5,flat:name
905,Annius,Iuliano,Antiochus,Ann,ius,B-PERS:NOMEN,PROPN,domino,3,appos
905,Antiochus,Annius,vir,Ant,hus,B-PERS:COG,PROPN,domino,3,appos
905,vir,Antiochus,perfectissimus,vir,vir,O,VERB,domino,3,appos
905,perfectissimus,vir,corrector,per,mus,O,ADJ,vir,9,amod
905,corrector,perfectissimus,devotus,cor,tor,O,NOUN,domino,3,appos
905,devotus,corrector,pietati,dev,tus,O,ADJ,corrector,11,amod
905,pietati,devotus,eius,pie,ati,O,NOUN,devotus,12,obl:arg
905,eius,pietati,<END>,eiu,ius,O,ADV,pietati,13,nmod
862,Dis,<START>,Manibus,Dis,Dis,O,NOUN,Manibus,2,case
862,Manibus,Dis,equiti,Man,bus,O,PROPN,vixit,11,obl
862,equiti,Manibus,singulari,equ,iti,O,NOUN,Manibus,2,nmod
862,singulari,equiti,Augusti,sin,ari,O,ADJ,turma,6,amod
862,Augusti,singulari,turma,Aug,sti,O,PROPN,turma,6,nmod
862,turma,Augusti,Maximi,tur,rma,O,NOUN,s,10,obl
862,Maximi,turma,Superioris,Max,imi,O,PROPN,natione,9,amod
862,Superioris,Maximi,natione,Sup,ris,O,ADJ,natione,9,amod
862,natione,Superioris,s,nat,one,O,NOUN,turma,6,nmod
862,s,natione,vixit,s,s,O,PUNCT,vixit,11,advcl
862,vixit,s,annos,vix,xit,O,VERB,militavit,14,advcl
862,annos,vixit,XXXI,ann,nos,O,NOUN,militavit,14,obl:tmod
862,XXXI,annos,militavit,XXX,XXI,O,NUM,annos,12,nummod
862,militavit,XXXI,annos,mil,vit,O,VERB,militavit,14,ROOT
862,annos,militavit,XII,ann,nos,O,NOUN,militavit,14,obl:tmod
862,XII,annos,Maximus,XII,XII,O,NUM,annos,15,nummod
862,Maximus,XII,heres,Max,mus,B-PERS,PROPN,curavit,22,nsubj
862,heres,Maximus,amico,her,res,O,NOUN,Maximus,17,appos
862,amico,heres,optimo,ami,ico,O,ADJ,faciendum,21,nsubj
862,optimo,amico,faciendum,opt,imo,O,ADJ,amico,19,amod
862,faciendum,optimo,curavit,fac,dum,O,VERB,curavit,22,ccomp
862,curavit,faciendum,<END>,cur,vit,O,VERB,militavit,14,conj
650,Ebuciae,<START>,Marci,Ebu,iae,B-PERS:NOMEN,PROPN,Ebuciae,1,ROOT
650,Marci,Ebuciae,filiae,Mar,rci,B-PERS:FILI,PROPN,Ebuciae,1,nmod
650,filiae,Marci,Maternae,fil,iae,I-PERS:FILI,NOUN,Marci,2,appos
650,Maternae,filiae,et,Mat,nae,B-PERS:COG,PROPN,filiae,3,nmod
650,et,Maternae,Caio,et,et,O,CCONJ,Lucio,12,cc
650,Caio,et,Iulio,Cai,aio,B-PERS:PRAE,PROPN,Ebuciae,1,conj
650,Iulio,Caio,Maxumo,Iul,lio,B-PERS:NOMEN,PROPN,Caio,6,flat:name
650,Maxumo,Iulio,mensium,Max,umo,B-PERS:COG,PROPN,Caio,6,flat:name
650,mensium,Maxumo,IIX,men,ium,O,NOUN,Caio,6,appos
650,IIX,mensium,et,IIX,IIX,O,NUM,mensium,9,nummod
650,et,IIX,Lucio,et,et,O,CCONJ,Lucio,12,cc
650,Lucio,et,Ebucio,Luc,cio,B-PERS:PRAE,PROPN,Ebuciae,1,conj
650,Ebucio,Lucio,Atec,Ebu,cio,B-PERS:NOMEN,PROPN,Lucio,12,flat:name
650,Atec,Ebucio,<END>,Ate,tec,O,CCONJ,Lucio,12,flat:name
746,Caius,<START>,Iulius,Cai,ius,B-PERS:PRAE,PROPN,Caius,1,ROOT
746,Iulius,Caius,Cai,Iul,ius,B-PERS:NOMEN,PROPN,Caius,1,flat:name
746,Cai,Iulius,filius,Cai,Cai,B-PERS:FILI,PROPN,filius,4,nmod
746,filius,Cai,Aniensi,fil,ius,I-PERS:FILI,NOUN,Caius,1,appos
746,Aniensi,filius,Linus,Ani,nsi,B-PERS:COG,ADJ,filius,4,nmod
746,Linus,Aniensi,Silvani,Lin,nus,B-PERS:AG,PROPN,Caius,1,flat:name
746,Silvani,Linus,Sancti,Sil,ani,B-PERS:NOMEN,PROPN,iussu,9,nmod
746,Sancti,Silvani,iussu,San,cti,B-PERS:COG,PROPN,iussu,9,amod
746,iussu,Sancti,<END>,ius,ssu,O,NOUN,Caius,1,obl
701,Imperatori,<START>,Caesari,Imp,ori,B-PERS:TITLE,NOUN,Marco,3,conj
701,Caesari,Imperatori,Marco,Cae,ari,B-PERS:TITLE,PROPN,Imperatori,1,dep
701,Marco,Caesari,Aurelio,Mar,rco,B-PERS:PRAE,PROPN,Imperatori,1,flat
701,Aurelio,Marco,Antonino,Aur,lio,B-PERS:NOMEN,PROPN,Lucio,12,flat:name
701,Antonino,Aurelio,Augusto,Ant,ino,B-PERS:COG,PROPN,Marco,3,flat:name
701,Augusto,Antonino,patri,Aug,sto,B-PERS:TITLE,PROPN,Armeniaco,15,flat
701,patri,Augusto,patriae,pat,tri,B-TITLE,NOUN,Marco,3,appos
701,patriae,patri,et,pat,iae,I-TITLE,ADJ,patri,7,nmod
701,et,patriae,Imperatori,et,et,O,CCONJ,fecit,50,cc
701,Imperatori,et,Caesari,Imp,ori,B-PERS:TITLE,NOUN,Marco,3,conj
701,Caesari,Imperatori,Lucio,Cae,ari,B-PERS:TITLE,PROPN,Imperatori,1,dep
701,Lucio,Caesari,Aurelio,Luc,cio,B-PERS:PRAE,PROPN,Imperatori,1,flat
701,Aurelio,Lucio,Vero,Aur,lio,B-PERS:NOMEN,PROPN,Lucio,12,flat:name
701,Vero,Aurelio,Armeniaco,Ver,ero,B-PERS:COG,ADV,Lucio,12,flat:name
701,Armeniaco,Vero,Augusto,Arm,aco,B-PERS:AG,ADJ,Imperatori,1,amod
701,Augusto,Armeniaco,Servius,Aug,sto,B-PERS:TITLE,PROPN,Armeniaco,15,flat
701,Servius,Augusto,Cornelius,Ser,ius,B-PERS:PRAE,PROPN,Imperatori,1,nsubj
701,Cornelius,Servius,Scipio,Cor,ius,B-PERS:NOMEN,PROPN,Servius,17,flat:name
701,Scipio,Cornelius,Salvidienus,Sci,pio,B-PERS:COG,PROPN,Servius,17,flat:name
701,Salvidienus,Scipio,Orfitus,Sal,nus,B-PERS:AG,PROPN,Servius,17,conj
701,Orfitus,Salvidienus,proconsul,Orf,tus,B-PERS:AG,PROPN,Servius,17,flat:name
701,proconsul,Orfitus,cum,pro,sul,O,NOUN,Servius,17,appos
701,cum,proconsul,Uttedio,cum,cum,O,ADP,Uttedio,24,case
701,Uttedio,cum,Marcello,Utt,dio,B-PERS:NOMEN,PROPN,dedicavit,28,obl
701,Marcello,Uttedio,legato,Mar,llo,B-PERS:COG,PROPN,Uttedio,24,flat:name
701,legato,Marcello,suo,leg,ato,O,NOUN,Uttedio,24,appos
701,suo,legato,dedicavit,suo,suo,O,PUNCT,legato,26,det
701,dedicavit,suo,Caius,ded,vit,O,VERB,dedicavit,28,ROOT
701,Caius,dedicavit,Calpurnius,Cai,ius,B-PERS:PRAE,PROPN,dedicavit,28,nsubj
701,Calpurnius,Caius,Celsus,Cal,ius,B-PERS:NOMEN,PROPN,Caius,29,flat:name
701,Celsus,Calpurnius,curator,Cel,sus,B-PERS:COG,PROPN,Caius,29,flat:name
701,curator,Celsus,muneris,cur,tor,B-TITLE,NOUN,Caius,29,appos
701,muneris,curator,publici,mun,ris,O,NOUN,curator,32,nmod
701,publici,muneris,munerarius,pub,ici,O,ADJ,muneris,33,amod
701,munerarius,publici,IIvir,mun,ius,B-PERS:NOMEN,ADJ,dedicavit,28,dep
701,IIvir,munerarius,quinquennalis,IIv,vir,O,NUM,fundavit,46,nsubj
701,quinquennalis,IIvir,flamen,qui,lis,O,ADJ,IIvir,36,amod
701,flamen,quinquennalis,perpetuus,fla,men,O,NOUN,perpetuus,39,obj
701,perpetuus,flamen,arcum,per,uus,O,ADJ,fundavit,46,advcl:pred
701,arcum,perpetuus,pecunia,arc,cum,O,NOUN,fundavit,46,obj
701,pecunia,arcum,sua,pec,nia,O,NOUN,arcum,40,dep
701,sua,pecunia,solo,sua,sua,O,DET,pecunia,41,det
701,solo,sua,publico,sol,olo,O,PUNCT,fundavit,46,obl
701,publico,solo,et,pub,ico,O,ADJ,solo,43,amod
701,et,publico,fundavit,et,et,O,CCONJ,fecit,50,cc
701,fundavit,et,et,fun,vit,O,VERB,dedicavit,28,conj
701,et,fundavit,marmore,et,et,O,CCONJ,fecit,50,cc
701,marmore,et,solido,mar,ore,O,NOUN,fecit,50,obl
701,solido,marmore,fecit,sol,ido,O,NOUN,marmore,48,amod
701,fecit,solido,<END>,fec,cit,O,VERB,fundavit,46,conj
106,DDDominis,<START>,nnnostris,DDD,nis,O,PROPN,Impppperatoribus,3,nmod
106,nnnostris,DDDominis,Impppperatoribus,nnn,ris,O,ADJ,Impppperatoribus,3,nmod
106,Impppperatoribus,nnnostris,Flavio,Imp,bus,B-PERS:TITLE,NOUN,Impppperatoribus,3,ROOT
106,Flavio,Impppperatoribus,Valerio,Fla,vio,B-PERS:PRAE,PROPN,Impppperatoribus,3,flat
106,Valerio,Flavio,Constantino,Val,rio,B-PERS:NOMEN,PROPN,Flavio,4,conj
106,Constantino,Valerio,et,Con,ino,B-PERS:COG,PROPN,Flavio,4,flat:name
106,et,Constantino,Valerio,et,et,O,CCONJ,Licinius,12,cc
106,Valerio,et,Galerio,Val,rio,B-PERS:PRAE,PROPN,Flavio,4,conj
106,Galerio,Valerio,Maximino,Gal,rio,B-PERS:NOMEN,PROPN,Valerio,8,flat:name
106,Maximino,Galerio,et,Max,ino,B-PERS:COG,PROPN,Galerio,9,flat:name
106,et,Maximino,Licinius,et,et,O,CCONJ,Licinius,12,cc
106,Licinius,et,Licinianus,Lic,ius,B-PERS:PRAE,PROPN,Impppperatoribus,3,conj
106,Licinianus,Licinius,Augggustis,Lic,nus,B-PERS:NOMEN,PROPN,Licinius,12,flat:name
106,Augggustis,Licinianus,<END>,Aug,tis,B-PERS:COG,ADJ,Impppperatoribus,3,nmod
920,Laribus,<START>,Augustis,Lar,bus,O,NOUN,Marcus,65,dep
920,Augustis,Laribus,Imperatoris,Aug,tis,B-PERS:TITLE,PROPN,Laribus,1,flat:name
920,Imperatoris,Augustis,Luci,Imp,ris,B-PERS:TITLE,NOUN,patris,23,conj
920,Luci,Imperatoris,Septimi,Luc,uci,B-PERS:PRAE,PROPN,potestate,19,nmod
920,Septimi,Luci,Severi,Sep,imi,B-PERS:NOMEN,PROPN,Luci,4,flat:name
920,Severi,Septimi,Pii,Sev,eri,B-PERS:COG,PROPN,Luci,4,flat:name
920,Pii,Severi,Pertinacis,Pii,Pii,B-PERS:AG,PROPN,Antonini,31,flat:name
920,Pertinacis,Pii,Augusti,Per,cis,B-PERS:AG,PROPN,Pii,7,amod
920,Augusti,Pertinacis,Arabici,Aug,sti,B-PERS:TITLE,PROPN,Antonini,31,conj
920,Arabici,Augusti,Adiabenici,Ara,ici,B-PERS:AG,ADJ,Luci,4,conj
920,Adiabenici,Arabici,Parthici,Adi,ici,B-PERS:AG,PROPN,Luci,4,conj
920,Parthici,Adiabenici,maximi,Par,ici,B-PERS:AG,ADJ,Antonini,31,amod
920,maximi,Parthici,Britannici,max,imi,I-PERS:AG,ADJ,potestate,38,amod
920,Britannici,maximi,maximi,Bri,ici,B-PERS:AG,ADJ,Luci,4,conj
920,maximi,Britannici,pontificis,max,imi,I-PERS:AG,ADJ,potestate,38,amod
920,pontificis,maximi,maximi,pon,cis,B-TITLE,NOUN,Luci,4,conj
920,maximi,pontificis,tribunicia,max,imi,I-TITLE,ADJ,potestate,38,amod
920,tribunicia,maximi,potestate,tri,cia,B-TITLE,ADJ,potestate,38,amod
920,potestate,tribunicia,XIII,pot,ate,I-TITLE,NOUN,Laribus,1,obl
920,XIII,potestate,consulis,XII,III,O,NUM,consulis,21,nummod
920,consulis,XIII,III,con,lis,B-TITLE,NOUN,potestate,38,nmod
920,III,consulis,patris,III,III,O,NUM,dedicata,73,dislocated
920,patris,III,patriae,pat,ris,B-TITLE,NOUN,Laribus,1,nmod
920,patriae,patris,et,pat,iae,I-TITLE,ADJ,patris,42,amod
920,et,patriae,Imperatoris,et,et,O,CCONJ,Virtutis,50,cc
920,Imperatoris,et,Caesaris,Imp,ris,B-PERS:TITLE,NOUN,patris,23,conj
920,Caesaris,Imperatoris,Marci,Cae,ris,B-PERS:TITLE,PROPN,Imperatoris,26,nmod
920,Marci,Caesaris,Aurel,Mar,rci,B-PERS:PRAE,PROPN,consulis,21,conj
920,Aurel,Marci,li,Aur,rel,B-PERS:NOMEN,PROPN,Marco,87,flat:name
920,li,Aurel,Antonini,li,li,B-PERS:NOMEN,NOUN,potestate,38,nmod
920,Antonini,li,Pii,Ant,ini,B-PERS:COG,PROPN,potestate,38,nmod
920,Pii,Antonini,Felicis,Pii,Pii,B-PERS:AG,PROPN,Antonini,31,flat:name
920,Felicis,Pii,Augusti,Fel,cis,B-PERS:AG,ADJ,Pii,32,flat:name
920,Augusti,Felicis,Parthici,Aug,sti,B-PERS:TITLE,PROPN,Antonini,31,conj
920,Parthici,Augusti,maximi,Par,ici,B-PERS:AG,ADJ,Antonini,31,amod
920,maximi,Parthici,tribunicia,max,imi,I-PERS:AG,ADJ,potestate,38,amod
920,tribunicia,maximi,potestate,tri,cia,B-TITLE,ADJ,potestate,38,amod
920,potestate,tribunicia,VIII,pot,ate,I-TITLE,NOUN,Laribus,1,obl
920,VIII,potestate,consulis,VII,III,O,NUM,consulis,40,nummod
920,consulis,VIII,II,con,lis,B-TITLE,NOUN,potestate,38,nmod
920,II,consulis,patris,II,II,O,NUM,Caesare,95,flat
920,patris,II,patriae,pat,ris,B-TITLE,NOUN,Laribus,1,nmod
920,patriae,patris,aediculam,pat,iae,I-TITLE,ADJ,patris,42,amod
920,aediculam,patriae,regionis,aed,lam,O,NOUN,restituerunt,57,obj
920,regionis,aediculam,I,reg,nis,O,NOUN,aediculam,44,nmod
920,I,regionis,vico,I,I,O,NUM,collapsam,52,obl
920,vico,I,Honoris,vic,ico,O,NOUN,I,46,conj
920,Honoris,vico,et,Hon,ris,O,NOUN,vico,47,nmod
920,et,Honoris,Virtutis,et,et,O,CCONJ,Virtutis,50,cc
920,Virtutis,et,vetustate,Vir,tis,O,NOUN,I,46,conj
920,vetustate,Virtutis,collapsam,vet,ate,O,NOUN,I,46,conj
920,collapsam,vetustate,ex,col,sam,O,VERB,aediculam,44,acl
920,ex,collapsam,fundamento,ex,ex,O,ADP,fundamento,54,case
920,fundamento,ex,sua,fun,nto,O,NOUN,restituerunt,57,obl
920,sua,fundamento,impensa,sua,sua,O,DET,impensa,56,det
920,impensa,sua,restituerunt,imp,nsa,O,ADJ,restituerunt,57,obl
920,restituerunt,impensa,magistri,res,unt,O,VERB,Laribus,1,conj
920,magistri,restituerunt,anni,mag,tri,O,NOUN,restituerunt,57,nsubj
920,anni,magistri,CCXIV,ann,nni,O,,magistri,58,nmod
920,CCXIV,anni,qui,CCX,XIV,O,NUM,anni,59,nummod
920,qui,CCXIV,infra,qui,qui,O,PUNCT,scripti,63,nsubj:pass
920,infra,qui,scripti,inf,fra,O,ADV,scripti,63,advmod
920,scripti,infra,sunt,scr,pti,O,VERB,magistri,58,acl:relcl
920,sunt,scripti,Marcus,sun,unt,O,PUNCT,scripti,63,aux:pass
920,Marcus,sunt,Servilius,Mar,cus,B-PERS:PRAE,PROPN,Marcus,65,conj
920,Servilius,Marcus,Crispus,Ser,ius,B-PERS:NOMEN,PROPN,Marcus,69,flat:name
920,Crispus,Servilius,senior,Cri,pus,B-PERS:COG,PROPN,Marcus,69,flat:name
920,senior,Crispus,Marcus,sen,ior,B-PERS:AG,PUNCT,Marcus,65,amod
920,Marcus,senior,Servilius,Mar,cus,B-PERS:PRAE,PROPN,Marcus,65,conj
920,Servilius,Marcus,Crispus,Ser,ius,B-PERS:NOMEN,PROPN,Marcus,69,flat:name
920,Crispus,Servilius,iunior,Cri,pus,B-PERS:COG,PROPN,Marcus,69,flat:name
920,iunior,Crispus,dedicata,iun,ior,B-PERS:AG,ADJ,Marcus,69,amod
920,dedicata,iunior,III,ded,ata,O,VERB,Marcus,65,conj
920,III,dedicata,Idus,III,III,O,NUM,dedicata,73,dislocated
920,Idus,III,Martias,Idu,dus,O,NOUN,III,74,nmod
920,Martias,Idus,per,Mar,ias,O,ADJ,dedicata,73,dislocated
920,per,Martias,Cnaeum,per,per,O,ADP,Cnaeum,78,case
920,Cnaeum,per,Rustium,Cna,eum,B-PERS:PRAE,PROPN,consulibus,97,obl
920,Rustium,Cnaeum,Rufinum,Rus,ium,B-PERS:NOMEN,PROPN,Cnaeum,78,flat:name
920,Rufinum,Rustium,praefectum,Ruf,num,B-PERS:COG,PROPN,Cnaeum,78,flat:name
920,praefectum,Rufinum,vigilum,pra,tum,B-TITLE,NOUN,Cnaeum,78,appos
920,vigilum,praefectum,eminentissimum,vig,lum,O,NOUN,praefectum,81,nmod
920,eminentissimum,vigilum,virum,emi,mum,O,ADJ,virum,84,amod
920,virum,eminentissimum,Imperatore,vir,rum,O,NOUN,Cnaeum,78,appos
920,Imperatore,virum,Caesare,Imp,ore,B-PERS:TITLE,NOUN,Cnaeum,78,appos
920,Caesare,Imperatore,Marco,Cae,are,B-PERS:TITLE,PROPN,Cnaeum,78,conj
920,Marco,Caesare,Aurel,Mar,rco,B-PERS:PRAE,PROPN,Cnaeum,78,conj
920,Aurel,Marco,lio,Aur,rel,B-PERS:NOMEN,PROPN,Marco,87,flat:name
920,lio,Aurel,Antonino,lio,lio,B-PERS:NOMEN,VERB,Cnaeum,78,conj
920,Antonino,lio,II,Ant,ino,B-PERS:COG,PROPN,Cnaeum,78,conj
920,II,Antonino,Publio,II,II,O,NUM,Caesare,95,flat
920,Publio,II,Septimio,Pub,lio,B-PERS:PRAE,PROPN,Cnaeum,78,conj
920,Septimio,Publio,Geta,Sep,mio,B-PERS:NOMEN,PROPN,Publio,92,flat:name
920,Geta,Septimio,Caesare,Get,eta,B-PERS:COG,PROPN,Cnaeum,78,conj
920,Caesare,Geta,II,Cae,are,B-PERS:TITLE,PROPN,Cnaeum,78,conj
920,II,Caesare,consulibus,II,II,O,NUM,Caesare,95,flat
920,consulibus,II,<END>,con,bus,O,NOUN,dedicata,73,advcl:abs
652,Aesculapio,<START>,et,Aes,pio,O,PROPN,susceptum,12,obl
652,et,Aesculapio,Hygiae,et,et,O,CCONJ,Hygiae,3,cc
652,Hygiae,et,Quintus,Hyg,iae,O,PROPN,Aesculapio,1,conj
652,Quintus,Hygiae,Axius,Qui,tus,B-PERS:PRAE,PROPN,susceptum,12,nsubj:pass
652,Axius,Quintus,Aelianus,Axi,ius,B-PERS:NOMEN,PROPN,Quintus,4,flat:name
652,Aelianus,Axius,iunior,Ael,nus,B-PERS:COG,PROPN,Quintus,4,flat:name
652,iunior,Aelianus,votum,iun,ior,O,ADJ,votum,8,amod
652,votum,iunior,pro,vot,tum,O,NOUN,susceptum,12,nsubj:pass
652,pro,votum,patris,pro,pro,O,ADP,incolumitate,11,case
652,patris,pro,incolumitate,pat,ris,O,NOUN,incolumitate,11,nmod
652,incolumitate,patris,susceptum,inc,ate,O,NOUN,susceptum,12,obl
652,susceptum,incolumitate,cum,sus,tum,O,VERB,susceptum,12,ROOT
652,cum,susceptum,gratulatione,cum,cum,O,ADP,gratulatione,14,case
652,gratulatione,cum,libens,gra,one,O,NOUN,solvit,16,obl
652,libens,gratulatione,solvit,lib,ens,O,ADJ,solvit,16,advcl:pred
652,solvit,libens,Ioni,sol,vit,O,VERB,susceptum,12,conj
652,Ioni,solvit,Ionius,Ion,oni,B-PERS:NOMEN,PROPN,solvit,16,obl:arg
652,Ionius,Ioni,<END>,Ion,ius,B-PERS:COG,PROPN,solvit,16,nsubj
367,Dis,<START>,Manibus,Dis,Dis,O,NOUN,Manibus,2,case
367,Manibus,Dis,Caius,Man,bus,O,PROPN,Manibus,2,ROOT
367,Caius,Manibus,Vitrubius,Cai,ius,B-PERS:PRAE,PROPN,Manibus,2,flat
367,Vitrubius,Caius,qui,Vit,ius,B-PERS:COG,PROPN,Caius,3,flat:name
367,qui,Vitrubius,vixit,qui,qui,O,PUNCT,vixit,6,nsubj
367,vixit,qui,annos,vix,xit,O,VERB,Caius,3,acl:relcl
367,annos,vixit,XXI,ann,nos,O,NOUN,vixit,6,obl
367,XXI,annos,dies,XXI,XXI,O,NUM,dies,9,nummod
367,dies,XXI,Vitrubius,die,ies,O,X,vixit,6,obl
367,Vitrubius,dies,AI,Vit,ius,B-PERS,PROPN,Caius,3,flat:name
367,AI,Vitrubius,Antistia,AI,AI,O,PUNCT,parentes,13,nmod
367,Antistia,AI,parentes,Ant,tia,B-PERS,PROPN,AI,11,nmod
367,parentes,Antistia,<END>,par,tes,O,NOUN,Caius,3,appos
620,Augusto,<START>,sacrum,Aug,sto,O,PROPN,dederunt,7,obl:arg
620,sacrum,Augusto,Foro,sac,rum,O,ADJ,Ceutrones,5,amod
620,Foro,sacrum,Claudienses,For,oro,B-LOC,NOUN,sacrum,2,obl
620,Claudienses,Foro,Ceutrones,Cla,ses,I-LOC,PROPN,Ceutrones,5,amod
620,Ceutrones,Claudienses,publice,Ceu,nes,O,NOUN,dederunt,7,nsubj
620,publice,Ceutrones,dederunt,pub,ice,O,ADV,dederunt,7,advmod
620,dederunt,publice,dedicaverunt,ded,unt,O,VERB,dederunt,7,ROOT
620,dedicaverunt,dederunt,<END>,ded,unt,O,VERB,dederunt,7,conj
906,Aesculapio,<START>,Augusto,Aes,pio,O,PROPN,Aesculapio,1,ROOT
906,Augusto,Aesculapio,sacrum,Aug,sto,O,PROPN,Aesculapio,1,flat:name
906,sacrum,Augusto,Caius,sac,rum,O,ADJ,Aesculapio,1,appos
906,Caius,sacrum,Asinius,Cai,ius,B-PERS:PRAE,PROPN,Aesculapio,1,conj
906,Asinius,Caius,Datinus,Asi,ius,B-PERS:NOMEN,PROPN,Caius,4,flat:name
906,Datinus,Asinius,sacerdos,Dat,nus,B-PERS:COG,ADV,Caius,4,flat:name
906,sacerdos,Datinus,concamerationem,sac,dos,O,NOUN,Caius,4,appos
906,concamerationem,sacerdos,cum,con,nem,O,NOUN,solvit,17,obj
906,cum,concamerationem,columnis,cum,cum,O,ADP,suis,14,case
906,columnis,cum,et,col,nis,O,NOUN,concamerationem,8,nmod
906,et,columnis,ornamentis,et,et,O,CCONJ,ornamentis,12,cc
906,ornamentis,et,cum,orn,tis,O,NOUN,columnis,10,conj
906,cum,ornamentis,suis,cum,cum,O,ADP,suis,14,case
906,suis,cum,salvis,sui,uis,O,DET,concamerationem,8,det
906,salvis,suis,votum,sal,vis,O,ADJ,solvit,17,advcl:pred
906,votum,salvis,solvit,vot,tum,O,NOUN,solvit,17,obj
906,solvit,votum,dedit,sol,vit,O,VERB,Aesculapio,1,conj
906,dedit,solvit,dedicavit,ded,dit,O,VERB,solvit,17,conj
906,dedicavit,dedit,<END>,ded,vit,O,VERB,solvit,17,conj
316,us,<START>,L,us,us,O,X,us,1,ROOT
316,L,us,Vitalis,L,L,O,PUNCT,us,1,appos
316,Vitalis,L,strator,Vit,lis,B-PERS,ADJ,L,2,flat:name
316,strator,Vitalis,legati,str,tor,O,NOUN,Vitalis,3,appos
316,legati,strator,legionis,leg,ati,O,NOUN,L,2,appos
316,legionis,legati,XIIII,leg,nis,O,NOUN,legati,5,nmod
316,XIIII,legionis,Geminae,XII,III,O,NUM,L,2,nummod
316,Geminae,XIIII,Severianae,Gem,nae,O,ADJ,us,1,appos
316,Severianae,Geminae,<END>,Sev,nae,O,ADJ,Geminae,8,amod
43,Dis,<START>,Manibus,Dis,Dis,O,NOUN,Manibus,2,case
43,Manibus,Dis,Valerio,Man,bus,O,PROPN,fecerunt,9,obl
43,Valerio,Manibus,Felici,Val,rio,B-PERS:NOMEN,PROPN,Manibus,2,nmod
43,Felici,Valerio,qui,Fel,ici,B-PERS:COG,PROPN,Valerio,3,flat:name
43,qui,Felici,vixit,qui,qui,O,PUNCT,vixit,6,nsubj
43,vixit,qui,annos,vix,xit,O,VERB,fecerunt,9,acl:relcl
43,annos,vixit,LX,ann,nos,O,NOUN,vixit,6,obj
43,LX,annos,fecerunt,LX,LX,O,NUM,annos,7,nummod
43,fecerunt,LX,filii,fec,unt,O,VERB,fecerunt,9,ROOT
43,filii,fecerunt,Valerius,fil,lii,O,NOUN,fecerunt,9,dep
43,Valerius,filii,Felix,Val,ius,B-PERS:NOMEN,PROPN,Valerius,11,conj
43,Felix,Valerius,et,Fel,lix,B-PERS:COG,PROPN,I,17,conj
43,et,Felix,Valerius,et,et,O,CCONJ,Valerius,14,cc
43,Valerius,et,Venustus,Val,ius,B-PERS:NOMEN,PROPN,Valerius,11,conj
43,Venustus,Valerius,et,Ven,tus,B-PERS:COG,PROPN,Valerius,14,flat
43,et,Venustus,I,et,et,O,CCONJ,Valerius,14,cc
43,I,et,VXVius,I,I,B-PERS:PRAE,NUM,fecerunt,9,dep
43,VXVius,I,Felix,VXV,ius,B-PERS:NOMEN,NUM,I,17,flat
43,Felix,VXVius,patri,Fel,lix,B-PERS:COG,PROPN,I,17,conj
43,patri,Felix,bene,pat,tri,O,NOUN,fecerunt,9,dep
43,bene,patri,merenti,ben,ene,O,ADV,merenti,22,advmod
43,merenti,bene,<END>,mer,nti,O,ADJ,patri,20,acl
131,Dis,<START>,Manibus,Dis,Dis,O,NOUN,Manibus,2,case
131,Manibus,Dis,sacrum,Man,bus,O,PROPN,Manibus,2,ROOT
131,sacrum,Manibus,Iuliae,sac,rum,O,ADJ,Manibus,2,amod
131,Iuliae,sacrum,B,Iul,iae,B-PERS:NOMEN,PROPN,coniugi,6,nmod
131,B,Iuliae,coniugi,B,B,B-PERS:COG,PUNCT,Iuliae,4,amod
131,coniugi,B,bene,con,ugi,O,NOUN,sacrum,3,nmod
131,bene,coniugi,merenti,ben,ene,O,ADV,merenti,8,advmod
131,merenti,bene,quae,mer,nti,O,ADJ,posuit,26,advcl
131,quae,merenti,vixit,qua,uae,O,PRON,vixit,10,nsubj
131,vixit,quae,mecum,vix,xit,O,VERB,posuit,26,acl:relcl
131,mecum,vixit,annos,mec,cum,O,PRON,vixit,10,obl
131,annos,mecum,XXII,ann,nos,O,NOUN,tulit,15,obj
131,XXII,annos,et,XXI,XII,O,NUM,vixit,10,nummod
131,et,XXII,tulit,et,et,O,CCONJ,tulit,15,cc
131,tulit,et,aetatis,tul,lit,O,VERB,vixit,10,conj
131,aetatis,tulit,suae,aet,tis,O,NOUN,annos,18,nmod
131,suae,aetatis,annos,sua,uae,O,DET,aetatis,16,det
131,annos,suae,XL,ann,nos,O,NOUN,tulit,15,obj
131,XL,annos,Flavius,XL,XL,O,NUM,tulit,15,dep
131,Flavius,XL,Aurelianus,Fla,ius,B-PERS:NOMEN,PROPN,posuit,26,nsubj
131,Aurelianus,Flavius,decurio,Aur,nus,B-PERS:COG,PROPN,Flavius,20,flat:name
131,decurio,Aurelianus,cohortis,dec,rio,O,NOUN,Flavius,20,appos
131,cohortis,decurio,I,coh,tis,O,NOUN,decurio,22,nmod
131,I,cohortis,Belgarum,I,I,O,NUM,cohortis,23,nummod
131,Belgarum,I,posuit,Bel,rum,O,PROPN,I,24,nmod
131,posuit,Belgarum,natione,pos,uit,O,VERB,Manibus,2,acl:relcl
131,natione,posuit,Pannonia,nat,one,O,NOUN,posuit,26,obl
131,Pannonia,natione,<END>,Pan,nia,B-LOC,PROPN,natione,27,amod
441,In,<START>,cuneum,In,In,O,ADP,cuneum,2,case
441,cuneum,In,Frisionum,cun,eum,O,NOUN,posuit,7,obl
441,Frisionum,cuneum,Aballavensium,Fri,num,O,NOUN,cuneum,2,nmod
441,Aballavensium,Frisionum,ex,Aba,ium,B-LOC,PROPN,Frisionum,3,flat:name
441,ex,Aballavensium,voto,ex,ex,O,ADP,voto,6,case
441,voto,ex,posuit,vot,oto,O,NOUN,posuit,7,obl
441,posuit,voto,XIIII,pos,uit,O,VERB,posuit,7,ROOT
441,XIIII,posuit,Kalendas,XII,III,O,NUM,posuit,7,obl:tmod
441,Kalendas,XIIII,et,Kal,das,O,NOUN,XIII,11,nmod
441,et,Kalendas,XIII,et,et,O,CCONJ,PomNpeiano,21,cc
441,XIII,et,Kalendas,XII,III,O,NUM,Kalendas,9,conj
441,Kalendas,XIII,Novembres,Kal,das,O,NOUN,XIII,11,nmod
441,Novembres,Kalendas,votum,Nov,res,O,NOUN,Kalendas,12,amod
441,votum,Novembres,solvit,vot,tum,O,NOUN,solvit,15,obj
441,solvit,votum,libens,sol,vit,O,VERB,posuit,7,conj
441,libens,solvit,merito,lib,ens,O,ADJ,solvit,15,dep
441,merito,libens,Gordiano,mer,ito,O,VERB,solvit,15,obl
441,Gordiano,merito,II,Gor,ano,B-PERS,ADJ,consulibus,22,nsubj
441,II,Gordiano,et,II,II,O,NUM,Gordiano,18,flat
441,et,II,PomNpeiano,et,et,O,CCONJ,PomNpeiano,21,cc
441,PomNpeiano,et,consulibus,Pom,ano,B-PERS,PROPN,Gordiano,18,conj
441,consulibus,PomNpeiano,<END>,con,bus,O,NOUN,solvit,15,advcl:abs
152,Marcus,<START>,Cusonius,Mar,cus,B-PERS:PRAE,PROPN,emit,11,nsubj
152,Cusonius,Marcus,Philocles,Cus,ius,B-PERS:NOMEN,PROPN,Marcus,1,flat:name
152,Philocles,Cusonius,et,Phi,les,B-PERS:COG,PROPN,Marcus,1,flat:name
152,et,Philocles,Cusonia,et,et,O,CCONJ,Cusonia,5,cc
152,Cusonia,et,Marci,Cus,nia,B-PERS:NOMEN,NOUN,Philocles,3,conj
152,Marci,Cusonia,liberta,Mar,rci,B-PERS:FILI,PROPN,liberta,7,nmod
152,liberta,Marci,Danais,lib,rta,I-PERS:FILI,NOUN,Philocles,3,appos
152,Danais,liberta,ollas,Dan,ais,B-PERS:COG,PROPN,liberta,7,flat
152,ollas,Danais,III,oll,las,O,X,emit,11,obj
152,III,ollas,emit,III,III,O,NUM,ollas,9,nummod
152,emit,III,de,emi,mit,O,VERB,emit,11,ROOT
152,de,emit,suo,de,de,O,ADP,suo,13,case
152,suo,de,<END>,suo,suo,O,PUNCT,emit,11,obl
589,Genio,<START>,Noricorum,Gen,nio,O,PROPN,dedit,9,obl
589,Noricorum,Genio,Lucius,Nor,rum,O,PROPN,Genio,1,nmod
589,Lucius,Noricorum,Iulius,Luc,ius,B-PERS:PRAE,PROPN,dedit,9,nsubj
589,Iulius,Lucius,Bassus,Iul,ius,B-PERS:NOMEN,PROPN,Lucius,3,flat:name
589,Bassus,Iulius,stationarius,Bas,sus,B-PERS:COG,PROPN,Lucius,3,flat:name
589,stationarius,Bassus,eorum,sta,ius,O,ADJ,Lucius,3,appos
589,eorum,stationarius,donum,eor,rum,O,PRON,stationarius,6,nmod
589,donum,eorum,dedit,don,num,O,NOUN,dedit,9,obl:arg
589,dedit,donum,<END>,ded,dit,O,VERB,dedit,9,ROOT
37,Tito,<START>,Trebelleno,Tit,ito,B-PERS:PRAE,PROPN,Publius,15,nsubj
37,Trebelleno,Tito,Luci,Tre,eno,B-PERS:NOMEN,PROPN,Tito,1,flat:name
37,Luci,Trebelleno,filio,Luc,uci,B-PERS:FILI,PROPN,filio,4,nmod
37,filio,Luci,Claudia,fil,lio,I-PERS:FILI,NOUN,Tito,1,appos
37,Claudia,filio,Rufo,Cla,dia,B-PERS:TRIBE,PROPN,Tito,1,flat
37,Rufo,Claudia,quaestori,Ruf,ufo,B-PERS:COG,PROPN,Claudia,5,flat:name
37,quaestori,Rufo,urbano,qua,ori,B-TITLE,NOUN,Tito,1,appos
37,urbano,quaestori,legato,urb,ano,O,NOUN,Tito,1,amod
37,legato,urbano,Imperatoris,leg,ato,B-TITLE,NOUN,Tito,1,appos
37,Imperatoris,legato,Caesaris,Imp,ris,I-TITLE,NOUN,Augusti,12,nmod
37,Caesaris,Imperatoris,Augusti,Cae,ris,I-TITLE,PROPN,Imperatoris,10,nmod
37,Augusti,Caesaris,tribuno,Aug,sti,I-TITLE,PROPN,legato,9,nmod
37,tribuno,Augusti,plebis,tri,uno,O,NOUN,legato,9,appos
37,plebis,tribuno,Publius,ple,bis,O,NOUN,tribuno,13,nmod
37,Publius,plebis,Octavius,Pub,ius,B-PERS:NOMEN,PROPN,Publius,15,ROOT
37,Octavius,Publius,Titi,Oct,ius,B-PERS:COG,PROPN,Publius,15,flat:name
37,Titi,Octavius,filius,Tit,iti,B-PERS:FILI,PROPN,filius,18,nmod
37,filius,Titi,<END>,fil,ius,I-PERS:FILI,NOUN,Publius,15,appos
153,Tito,<START>,Arrio,Tit,ito,B-PERS:PRAE,PROPN,rapuerunt,25,obl
153,Arrio,Tito,Titi,Arr,rio,B-PERS:NOMEN,PROPN,Tito,18,flat:name
153,Titi,Arrio,filio,Tit,iti,B-PERS:FILI,PROPN,Mucia,9,nmod
153,filio,Titi,Tromentina,fil,lio,I-PERS:FILI,NOUN,Marci,20,appos
153,Tromentina,filio,Tertio,Tro,ina,B-PERS:TRIBE,ADJ,filio,4,nmod
153,Tertio,Tromentina,annorum,Ter,tio,B-PERS:COG,ADV,annorum,7,amod
153,annorum,Tertio,XXI,ann,rum,O,NOUN,flevit,35,obl
153,XXI,annorum,Mucia,XXI,XXI,O,NUM,annorum,7,nummod
153,Mucia,XXI,Titi,Muc,cia,O,PROPN,fecit,15,nsubj
153,Titi,Mucia,filia,Tit,iti,B-PERS:FILI,PROPN,Mucia,9,nmod
153,filia,Titi,Modesta,fil,lia,I-PERS:FILI,NOUN,Mucia,9,appos
153,Modesta,filia,mater,Mod,sta,B-PERS:COG,PROPN,Mucia,9,amod
153,mater,Modesta,viva,mat,ter,O,NOUN,condidit,43,nsubj
153,viva,mater,fecit,viv,iva,O,ADJ,fecit,15,xcomp
153,fecit,viva,sibi,fec,cit,O,VERB,annorum,7,conj
153,sibi,fecit,et,sib,ibi,O,PRON,fecit,15,obl:arg
153,et,sibi,Tito,et,et,O,CCONJ,condidit,43,cc
153,Tito,et,Arrio,Tit,ito,B-PERS:PRAE,PROPN,rapuerunt,25,obl
153,Arrio,Tito,Marci,Arr,rio,B-PERS:NOMEN,PROPN,Tito,18,flat:name
153,Marci,Arrio,filio,Mar,rci,B-PERS:FILI,PROPN,Tito,18,nmod
153,filio,Marci,Viro,fil,lio,I-PERS:FILI,NOUN,Marci,20,appos
153,Viro,filio,invida,Vir,iro,B-PERS:COG,PROPN,Tito,18,appos
153,invida,Viro,florentem,inv,ida,O,ADJ,florentem,24,xcomp
153,florentem,invida,rapuerunt,flo,tem,O,ADJ,fata,26,acl
153,rapuerunt,florentem,fata,rap,unt,O,VERB,fecit,15,conj
153,fata,rapuerunt,viventem,fat,ata,O,NOUN,rapuerunt,25,obj
153,viventem,fata,nec,viv,tem,O,VERB,fata,26,amod
153,nec,viventem,licuit,nec,nec,O,CCONJ,licuit,29,cc
153,licuit,nec,misero,lic,uit,O,VERB,annorum,7,conj
153,misero,licuit,me,mis,ero,O,ADJ,licuit,29,obl:arg
153,me,misero,super,me,me,O,PRON,super,32,nsubj
153,super,me,esse,sup,per,O,ADV,licuit,29,csubj
153,esse,super,viro,ess,sse,O,AUX,super,32,cop
153,viro,esse,flevit,vir,iro,O,NOUN,super,32,obl
153,flevit,viro,praesentem,fle,vit,O,VERB,flevit,35,ROOT
153,praesentem,flevit,pater,pra,tem,O,ADJ,flevit,35,advcl:pred
153,pater,praesentem,flevere,pat,ter,O,NOUN,flevere,38,nsubj
153,flevere,pater,sorores,fle,ere,O,VERB,flevit,35,conj
153,sorores,flevere,et,sor,res,O,NOUN,flevere,38,obj
153,et,sorores,mater,et,et,O,CCONJ,condidit,43,cc
153,mater,et,tepido,mat,ter,O,NOUN,condidit,43,nsubj
153,tepido,mater,condidit,tep,ido,O,ADJ,condidit,43,advcl:pred
153,condidit,tepido,ossa,con,dit,O,VERB,flevit,35,conj
153,ossa,condidit,rogo,oss,ssa,O,NOUN,condidit,43,obj
153,rogo,ossa,quae,rog,ogo,O,VERB,condidit,43,obl:arg
153,quae,rogo,prius,qua,uae,O,PRON,debuit,50,nsubj
153,prius,quae,hoc,pri,ius,B-PERS:NOMEN,ADV,debuit,50,advmod:tmod
153,hoc,prius,titulo,hoc,hoc,O,PROPN,titulo,49,det
153,titulo,hoc,debuit,tit,ulo,O,NOUN,debuit,50,obl
153,debuit,titulo,ipsa,deb,uit,O,VERB,condidit,43,advcl
153,ipsa,debuit,legi,ips,psa,O,DET,legi,52,nsubj
153,legi,ipsa,in,leg,egi,O,VERB,condidit,43,dep
153,in,legi,agro,in,in,O,ADP,fronte,58,case
153,agro,in,pedes,agr,gro,O,NOUN,legi,52,obl
153,pedes,agro,XX,ped,des,O,X,condidit,43,acl:relcl
153,XX,pedes,in,XX,XX,O,NUM,pedes,59,nummod
153,in,XX,fronte,in,in,O,ADP,fronte,58,case
153,fronte,in,pedes,fro,nte,O,NOUN,condidit,43,obl
153,pedes,fronte,XX,ped,des,O,X,condidit,43,acl:relcl
153,XX,pedes,<END>,XX,XX,O,NUM,pedes,59,nummod
677,Dis,<START>,Manibus,Dis,Dis,O,NOUN,Manibus,2,case
677,Manibus,Dis,Marci,Man,bus,O,PROPN,Manibus,2,ROOT
677,Marci,Manibus,Petroni,Mar,rci,B-PERS:PRAE,PROPN,Manibus,2,nmod
677,Petroni,Marci,Valentis,Pet,oni,B-PERS:NOMEN,PROPN,Marci,3,flat:name
677,Valentis,Petroni,veterani,Val,tis,B-PERS:COG,VERB,Marci,3,nmod
677,veterani,Valentis,ex,vet,ani,O,ADJ,Marci,3,amod
677,ex,veterani,classe,ex,ex,O,ADP,classe,8,case
677,classe,ex,praetoria,cla,sse,O,NOUN,Marci,3,nmod
677,praetoria,classe,Misenensi,pra,ria,O,ADJ,classe,8,amod
677,Misenensi,praetoria,Petronia,Mis,nsi,O,ADJ,Marci,3,flat:name
677,Petronia,Misenensi,Prima,Pet,nia,B-PERS:NOMEN,PROPN,Manibus,2,appos
677,Prima,Petronia,patrono,Pri,ima,B-PERS:COG,ADJ,Petronia,11,amod
677,patrono,Prima,bene,pat,ono,O,NOUN,Petronia,11,appos
677,bene,patrono,merenti,ben,ene,O,ADV,merenti,15,advmod
677,merenti,bene,<END>,mer,nti,O,ADJ,Petronia,11,acl
961,Dis,<START>,Manibus,Dis,Dis,O,NOUN,Manibus,2,case
961,Manibus,Dis,Vagellia,Man,bus,O,PROPN,vixit,5,obl
961,Vagellia,Manibus,Methe,Vag,lia,B-PERS:NOMEN,PROPN,Manibus,2,nmod
961,Methe,Vagellia,vixit,Met,the,B-PERS:COG,PROPN,Vagellia,3,flat
961,vixit,Methe,annos,vix,xit,O,VERB,vixit,5,ROOT
961,annos,vixit,XXXVIIII,ann,nos,O,NOUN,vixit,5,obj
961,XXXVIIII,annos,maritus,XXX,III,O,NUM,annos,6,nummod
961,maritus,XXXVIIII,coniugi,mar,tus,O,ADJ,vixit,5,nsubj
961,coniugi,maritus,merentissimae,con,ugi,O,NOUN,vixit,5,obl
961,merentissimae,coniugi,<END>,mer,mae,O,ADJ,coniugi,9,amod
602,Lucio,<START>,Annio,Luc,cio,B-PERS:PRAE,PROPN,fecit,29,nsubj
602,Annio,Lucio,Luci,Ann,nio,B-PERS:NOMEN,PROPN,Lucio,1,flat:name
602,Luci,Annio,filio,Luc,uci,B-PERS:FILI,PROPN,filio,4,nmod
602,filio,Luci,Quirina,fil,lio,I-PERS:FILI,NOUN,Lucio,1,appos
602,Quirina,filio,Italico,Qui,ina,B-PERS:TRIBE,PROPN,Lucio,1,flat:name
602,Italico,Quirina,Torquato,Ita,ico,B-PERS:COG,ADV,Lucio,1,conj
602,Torquato,Italico,clarissimo,Tor,ato,B-PERS:AG,PROPN,Italico,6,flat:name
602,clarissimo,Torquato,viro,cla,imo,O,ADJ,viro,9,amod
602,viro,clarissimo,XVviro,vir,iro,O,NOUN,Lucio,1,conj
602,XVviro,viro,sacris,XVv,iro,O,NUM,viro,9,nsubj
602,sacris,XVviro,faciundis,sac,ris,O,NOUN,faciundis,12,nsubj
602,faciundis,sacris,consuli,fac,dis,O,VERB,Lucio,1,conj
602,consuli,faciundis,praetori,con,uli,B-TITLE,NOUN,Lucio,1,conj
602,praetori,consuli,tutelario,pra,ori,O,NOUN,Lucio,1,conj
602,tutelario,praetori,kandidato,tut,rio,O,ADJ,Lucio,1,conj
602,kandidato,tutelario,quaestori,kan,ato,O,NOUN,Lucio,1,conj
602,quaestori,kandidato,kandidato,qua,ori,O,NOUN,Lucio,1,conj
602,kandidato,quaestori,seviro,kan,ato,O,NOUN,Lucio,1,conj
602,seviro,kandidato,turmis,sev,iro,O,NOUN,kandidato,18,nsubj
602,turmis,seviro,ducendis,tur,mis,O,NOUN,iudicandis,24,nsubj:pass
602,ducendis,turmis,Xviro,duc,dis,O,NUM,turmis,20,acl
602,Xviro,ducendis,stlitibus,Xvi,iro,O,PROPN,stlitibus,23,nsubj
602,stlitibus,Xviro,iudicandis,stl,bus,O,NOUN,turmis,20,conj
602,iudicandis,stlitibus,Crispinus,iud,dis,O,VERB,fecit,29,advcl:abs
602,Crispinus,iudicandis,actor,Cri,nus,B-PERS,PROPN,fecit,29,nsubj
602,actor,Crispinus,praediorum,act,tor,O,NOUN,fecit,29,xcomp
602,praediorum,actor,Hispellatium,pra,rum,O,NOUN,actor,26,nmod
602,Hispellatium,praediorum,fecit,His,ium,O,NOUN,fecit,29,xcomp
602,fecit,Hispellatium,<END>,fec,cit,O,VERB,fecit,29,ROOT
438,filii,<START>,Postumi,fil,lii,O,NOUN,filii,1,ROOT
438,Postumi,filii,legionis,Pos,umi,O,PROPN,filii,1,nmod
438,legionis,Postumi,IIII,leg,nis,O,NOUN,Postumi,2,nmod
438,IIII,legionis,Macedonicae,III,III,O,NUM,Postumi,2,nummod
438,Macedonicae,IIII,praefecti,Mac,cae,O,ADJ,praefecti,6,amod
438,praefecti,Macedonicae,praefecti,pra,cti,O,NOUN,praefecti,6,appos
438,praefecti,praefecti,Drusi,pra,cti,O,NOUN,praefecti,6,appos
438,Drusi,praefecti,Caesaris,Dru,usi,B-PERS:PRAE,PROPN,praefecti,7,nmod
438,Caesaris,Drusi,duumviri,Cae,ris,B-PERS:NOMEN,PROPN,Drusi,8,flat:name
438,duumviri,Caesaris,quinquennali,duu,iri,O,NOUN,praefecti,7,nmod
438,quinquennali,duumviri,<END>,qui,ali,O,ADJ,duumviri,10,amod
453,Marcus,<START>,Rahius,Mar,cus,B-PERS:PRAE,PROPN,curavere,18,nsubj
453,Rahius,Marcus,Luci,Rah,ius,B-PERS:NOMEN,PROPN,Marcus,1,flat:name
453,Luci,Rahius,filius,Luc,uci,B-PERS:FILI,PROPN,filius,9,nmod
453,filius,Luci,Quartus,fil,ius,I-PERS:FILI,NOUN,Lucius,6,appos
453,Quartus,filius,Lucius,Qua,tus,B-PERS:COG,ADJ,Marcus,1,amod
453,Lucius,Quartus,Ofillius,Luc,ius,B-PERS:PRAE,PROPN,Marcus,1,conj
453,Ofillius,Lucius,Luci,Ofi,ius,B-PERS:NOMEN,PROPN,Lucius,6,flat:name
453,Luci,Ofillius,filius,Luc,uci,B-PERS:FILI,PROPN,filius,9,nmod
453,filius,Luci,Rufus,fil,ius,I-PERS:FILI,NOUN,Lucius,6,appos
453,Rufus,filius,IIIIviri,Ruf,fus,B-PERS:COG,PROPN,Marcus,1,flat:name
453,IIIIviri,Rufus,quinquennales,III,iri,O,NUM,Marcus,1,nmod
453,quinquennales,IIIIviri,viam,qui,les,O,ADJ,curavere,18,obj
453,viam,quinquennales,sternendam,via,iam,O,NOUN,sternendam,14,nsubj
453,sternendam,viam,de,ste,dam,O,VERB,quinquennales,12,acl
453,de,sternendam,sua,de,de,O,ADP,pecunia,17,case
453,sua,de,pecunia,sua,sua,O,DET,pecunia,17,det
453,pecunia,sua,curavere,pec,nia,O,NOUN,curavere,18,obl
453,curavere,pecunia,<END>,cur,ere,O,VERB,curavere,18,ROOT
786,Lucius,<START>,Aurelius,Luc,ius,B-PERS,PROPN,Lucius,1,ROOT
786,Aurelius,Lucius,Luci,Aur,ius,I-PERS,PROPN,Lucius,1,flat:name
786,Luci,Aurelius,filius,Luc,uci,I-PERS,PROPN,filio,20,nmod
786,filius,Luci,Meleager,fil,ius,I-PERS,NOUN,Lucius,1,appos
786,Meleager,filius,aedilis,Mel,ger,I-PERS,PROPN,Lucius,1,appos
786,aedilis,Meleager,bis,aed,lis,B-TITLE,NOUN,Meleager,5,appos
786,bis,aedilis,praefectus,bis,bis,O,ADV,praefectus,8,advmod
786,praefectus,bis,quaestor,pra,tus,B-TITLE,NOUN,Lucius,1,acl
786,quaestor,praefectus,sibi,qua,tor,B-TITLE,NOUN,Lucius,1,appos
786,sibi,quaestor,et,sib,ibi,O,PRON,Lucius,1,obl:arg
786,et,sibi,Aureliae,et,et,O,CCONJ,Publio,17,cc
786,Aureliae,et,Luci,Aur,iae,B-PERS,ADJ,sibi,10,conj
786,Luci,Aureliae,filiae,Luc,uci,I-PERS,PROPN,filio,20,nmod
786,filiae,Luci,Po,fil,iae,I-PERS,NOUN,Aureliae,12,appos
786,Po,filiae,et,Po,Po,I-PERS,PUNCT,filiae,14,nmod
786,et,Po,Publio,et,et,O,CCONJ,Publio,17,cc
786,Publio,et,Aurelio,Pub,lio,B-PERS:PRAE,PROPN,sibi,10,conj
786,Aurelio,Publio,Luci,Aur,lio,B-PERS:NOMEN,PROPN,Publio,17,flat:name
786,Luci,Aurelio,filio,Luc,uci,B-PERS:FILI,PROPN,filio,20,nmod
786,filio,Luci,fratri,fil,lio,I-PERS:FILI,NOUN,Publio,17,appos
786,fratri,filio,<END>,fra,tri,I-PERS,NOUN,Publio,17,appos
269,bene,<START>,merenti,ben,ene,O,ADV,merenti,2,advmod
269,merenti,bene,qui,mer,nti,O,ADJ,merenti,2,ROOT
269,qui,merenti,vixit,qui,qui,O,PUNCT,vixit,4,nsubj
269,vixit,qui,annum,vix,xit,O,VERB,merenti,2,acl:relcl
269,annum,vixit,I,ann,num,O,NOUN,vixit,4,obl
269,I,annum,<END>,I,I,O,NUM,annum,5,nummod
134,Beleno,<START>,Mansuetius,Bel,eno,O,PROPN,solverunt,10,nsubj
134,Mansuetius,Beleno,Verus,Man,ius,B-PERS:PRAE,PROPN,Beleno,1,flat:name
134,Verus,Mansuetius,Laurens,Ver,rus,B-PERS:NOMEN,ADV,solverunt,10,obj
134,Laurens,Verus,Lavinas,Lau,ens,B-PERS:COG,ADJ,solverunt,10,nsubj
134,Lavinas,Laurens,et,Lav,nas,B-PERS:AG,ADJ,Laurens,4,amod
134,et,Lavinas,Vibiania,et,et,O,CCONJ,Vibiania,7,cc
134,Vibiania,et,Iantulla,Vib,nia,B-PERS:NOMEN,PROPN,Lavinas,5,conj
134,Iantulla,Vibiania,votum,Ian,lla,B-PERS:COG,PROPN,Vibiania,7,flat
134,votum,Iantulla,solverunt,vot,tum,O,NOUN,solverunt,10,obj
134,solverunt,votum,<END>,sol,unt,O,VERB,solverunt,10,ROOT
342,Viva,<START>,fecit,Viv,iva,O,VERB,fecit,2,xcomp
342,fecit,Viva,Valeria,fec,cit,O,VERB,fecit,2,ROOT
342,Valeria,fecit,sibi,Val,ria,B-PERS:NOMEN,PROPN,fecit,2,nsubj
342,sibi,Valeria,et,sib,ibi,O,PRON,fecit,2,obl:arg
342,et,sibi,Lucio,et,et,O,CCONJ,Lucio,6,cc
342,Lucio,et,Valerio,Luc,cio,B-PERS:PRAE,PROPN,sibi,4,conj
342,Valerio,Lucio,Luci,Val,rio,B-PERS:NOMEN,PROPN,Lucio,6,flat:name
342,Luci,Valerio,liberto,Luc,uci,B-PERS:FILI,PROPN,liberto,9,nmod
342,liberto,Luci,Primitivo,lib,rto,I-PERS:FILI,NOUN,Lucio,6,appos
342,Primitivo,liberto,annorum,Pri,ivo,B-PERS:COG,PROPN,Lucio,6,appos
342,annorum,Primitivo,<END>,ann,rum,O,NOUN,Primitivo,10,nmod
804,Dis,<START>,Manibus,Dis,Dis,O,NOUN,Manibus,2,case
804,Manibus,Dis,Aelius,Man,bus,O,PROPN,fecit,15,obl
804,Aelius,Manibus,Domitius,Ael,ius,B-PERS:NOMEN,PROPN,optamus,16,ccomp
804,Domitius,Aelius,veteranus,Dom,ius,B-PERS:COG,PROPN,Aelius,22,flat:name
804,veteranus,Domitius,legionis,vet,nus,O,ADJ,Aelius,22,appos
804,legionis,veteranus,II,leg,nis,O,NOUN,veteranus,24,nmod
804,II,legionis,Adiutricis,II,II,O,NUM,legionis,25,nummod
804,Adiutricis,II,domo,Adi,cis,O,ADJ,legionis,25,nmod
804,domo,Adiutricis,Hierapuli,dom,omo,O,NOUN,Aelius,3,appos
804,Hierapuli,domo,cives,Hie,uli,B-LOC,PROPN,cives,11,nmod
804,cives,Hierapuli,Surus,civ,ves,O,NOUN,fecit,15,dep
804,Surus,cives,vivuOs,Sur,rus,B-PERS,NOUN,fecit,15,nsubj
804,vivuOs,Surus,sibi,viv,uOs,O,ADV,fecit,15,xcomp
804,sibi,vivuOs,fecit,sib,ibi,O,PRON,fecit,15,obl:arg
804,fecit,sibi,optamus,fec,cit,O,VERB,optamus,16,ccomp
804,optamus,fecit,sit,opt,mus,O,VERB,optamus,16,ROOT
804,sit,optamus,tibi,sit,sit,O,AUX,optamus,16,ccomp
804,tibi,sit,terra,tib,ibi,O,PRON,optamus,16,obl:arg
804,terra,tibi,levis,ter,rra,O,NOUN,levis,20,nsubj
804,levis,terra,iteruVm,lev,vis,O,ADJ,optamus,16,ccomp
804,iteruVm,levis,Aelius,ite,uVm,O,ADV,optamus,16,advmod
804,Aelius,iteruVm,Domitius,Ael,ius,O,PROPN,optamus,16,ccomp
804,Domitius,Aelius,veteranus,Dom,ius,O,PROPN,Aelius,22,flat:name
804,veteranus,Domitius,legionis,vet,nus,O,ADJ,Aelius,22,appos
804,legionis,veteranus,II,leg,nis,O,NOUN,veteranus,24,nmod
804,II,legionis,Adiutricis,II,II,O,NUM,legionis,25,nummod
804,Adiutricis,II,qui,Adi,cis,O,ADJ,legionis,25,nmod
804,qui,Adiutricis,supervixit,qui,qui,O,PUNCT,supervixit,29,nsubj
804,supervixit,qui,annis,sup,xit,O,VERB,Aelius,22,acl:relcl
804,annis,supervixit,LXXXX,ann,nis,O,NOUN,supervixit,29,obl
804,LXXXX,annis,<END>,LXX,XXX,O,NUM,annis,30,nummod
46,Imperatori,<START>,Caesari,Imp,ori,B-PERS:TITLE,NOUN,Imperatori,1,ROOT
46,Caesari,Imperatori,Marco,Cae,ari,B-PERS:TITLE,PROPN,Imperatori,1,acl:relcl
46,Marco,Caesari,Iulio,Mar,rco,B-PERS:PRAE,PROPN,Caesari,2,conj
46,Iulio,Marco,Philippo,Iul,lio,B-PERS:NOMEN,PROPN,Marco,3,flat:name
46,Philippo,Iulio,Pio,Phi,ppo,B-PERS:COG,PROPN,Marco,3,flat:name
46,Pio,Philippo,Felici,Pio,Pio,B-PERS:AG,PROPN,Marco,3,flat:name
46,Felici,Pio,Invicto,Fel,ici,B-PERS:AG,PROPN,Marco,3,flat:name
46,Invicto,Felici,Augusto,Inv,cto,B-PERS:AG,ADJ,Augusto,9,amod
46,Augusto,Invicto,patri,Aug,sto,B-PERS:TITLE,PROPN,Caesari,2,conj
46,patri,Augusto,patriae,pat,tri,B-TITLE,NOUN,Augusto,9,appos
46,patriae,patri,a,pat,iae,I-TITLE,ADJ,patri,10,nmod
46,a,patriae,Teurnia,a,a,O,ADP,Teurnia,13,case
46,Teurnia,a,milia,Teu,nia,O,PROPN,milia,14,nmod
46,milia,Teurnia,passuum,mil,lia,O,NUM,Caesari,2,obl
46,passuum,milia,XLV,pas,uum,O,NOUN,milia,14,nmod
46,XLV,passuum,<END>,XLV,XLV,O,NUM,milia,14,nummod
284,Caius,<START>,Egnatius,Cai,ius,B-PERS:PRAE,PROPN,fecerunt,29,nsubj
284,Egnatius,Caius,Primigenius,Egn,ius,B-PERS:NOMEN,PROPN,Caius,1,flat:name
284,Primigenius,Egnatius,Apollinaris,Pri,ius,B-PERS:COG,PROPN,Caius,1,appos
284,Apollinaris,Primigenius,sibi,Apo,ris,O,ADJ,Marcus,8,nmod
284,sibi,Apollinaris,et,sib,ibi,O,PRON,fecerunt,29,obl:arg
284,et,sibi,suis,et,et,O,CCONJ,libertis,25,cc
284,suis,et,Marcus,sui,uis,O,DET,sibi,5,conj
284,Marcus,suis,Helmonius,Mar,cus,B-PERS:PRAE,PROPN,fecerunt,29,nsubj
284,Helmonius,Marcus,Atticus,Hel,ius,B-PERS:NOMEN,PROPN,Marcus,8,flat:name
284,Atticus,Helmonius,Apollinaris,Att,cus,B-PERS:COG,PROPN,Marcus,8,amod
284,Apollinaris,Atticus,sibi,Apo,ris,B-PERS:AG,ADJ,Marcus,8,nmod
284,sibi,Apollinaris,et,sib,ibi,O,PRON,fecerunt,29,obl:arg
284,et,sibi,Eloniae,et,et,O,CCONJ,libertis,25,cc
284,Eloniae,et,Hecate,Elo,iae,B-PERS:NOMEN,PROPN,libertabus,26,nmod
284,Hecate,Eloniae,uxori,Hec,ate,B-PERS:COG,PROPN,Eloniae,14,flat:name
284,uxori,Hecate,et,uxo,ori,O,NOUN,Eloniae,14,appos
284,et,uxori,Marco,et,et,O,CCONJ,libertis,25,cc
284,Marco,et,Helmonio,Mar,rco,B-PERS:PRAE,PROPN,Eloniae,14,conj
284,Helmonio,Marco,Marci,Hel,nio,B-PERS:NOMEN,NOUN,Marco,18,flat:name
284,Marci,Helmonio,filio,Mar,rci,B-PERS:FILI,PROPN,filio,21,nmod
284,filio,Marci,Tauro,fil,lio,I-PERS:FILI,NOUN,Marco,18,appos
284,Tauro,filio,filio,Tau,uro,B-PERS:FILI,X,filio,21,nmod
284,filio,Tauro,et,fil,lio,I-PERS:FILI,NOUN,Marco,18,appos
284,et,filio,libertis,et,et,O,CCONJ,libertis,25,cc
284,libertis,et,libertabusque,lib,tis,O,ADJ,libertabus,26,nmod
284,libertabusque,libertis,vivi,lib,que,O,VERB,,-1,
284,vivi,libertabusque,fecerunt,viv,ivi,O,ADV,que,27,amod
284,fecerunt,vivi,<END>,fec,unt,O,VERB,fecerunt,29,ROOT
653,beneficiario,<START>,tribuni,ben,rio,O,NOUN,beneficiario,1,ROOT
653,tribuni,beneficiario,cohortis,tri,uni,B-TITLE,NOUN,beneficiario,1,nmod
653,cohortis,tribuni,V,coh,tis,O,NOUN,tribuni,2,nmod
653,V,cohortis,praetoriae,V,V,O,,cohortis,3,nummod
653,praetoriae,V,Caio,pra,iae,B-TITLE,ADJ,V,4,amod
653,Caio,praetoriae,Attio,Cai,aio,B-PERS:PRAE,PROPN,beneficiario,1,dep
653,Attio,Caio,Cai,Att,tio,B-PERS:NOMEN,PROPN,Caio,6,flat:name
653,Cai,Attio,filio,Cai,Cai,B-PERS:FILI,PROPN,Caio,6,flat:name
653,filio,Cai,Arnensi,fil,lio,I-PERS:FILI,NOUN,Caio,6,appos
653,Arnensi,filio,Crescenti,Arn,nsi,B-PERS:COG,ADJ,Caio,6,flat:name
653,Crescenti,Arnensi,aedili,Cre,nti,O,PROPN,aedili,12,nmod
653,aedili,Crescenti,Anxani,aed,ili,B-TITLE,NOUN,Cluvis,15,appos
653,Anxani,aedili,et,Anx,ani,B-LOC,PROPN,aedili,12,nmod
653,et,Anxani,Cluvis,et,et,O,CCONJ,Cluvis,15,cc
653,Cluvis,et,aedili,Clu,vis,B-LOC,NOUN,Caio,6,conj
653,aedili,Cluvis,IIIIviro,aed,ili,B-TITLE,NOUN,Cluvis,15,appos
653,IIIIviro,aedili,iure,III,iro,O,NOUN,Caio,6,amod
653,iure,IIIIviro,dicundo,iur,ure,O,NOUN,dicundo,19,nsubj
653,dicundo,iure,<END>,dic,ndo,O,VERB,dicundo,19,ROOT
949,Yacintidi,<START>,filiae,Yac,idi,B-PERS,PROPN,deposita,12,obl:arg
949,filiae,Yacintidi,dulcissimae,fil,iae,O,NOUN,Yacintidi,1,appos
949,dulcissimae,filiae,quae,dul,mae,O,ADJ,filiae,2,amod
949,quae,dulcissimae,vixit,qua,uae,O,PRON,vixit,5,nsubj
949,vixit,quae,annos,vix,xit,O,VERB,filiae,2,acl:relcl
949,annos,vixit,II,ann,nos,O,NOUN,vixit,5,obl
949,II,annos,menses,II,II,O,NUM,vixit,5,obl
949,menses,II,V,men,ses,O,NOUN,vixit,5,obl
949,V,menses,dies,V,V,O,,vixit,5,obl
949,dies,V,parentes,die,ies,O,X,vixit,5,obl
949,parentes,dies,deposita,par,tes,O,NOUN,vixit,5,obl
949,deposita,parentes,pridie,dep,ita,O,VERB,deposita,12,ROOT
949,pridie,deposita,Idus,pri,die,O,ADV,Idus,14,case
949,Idus,pridie,Iu,Idu,dus,O,NOUN,deposita,12,obl:tmod
949,Iu,Idus,<END>,Iu,Iu,O,CCONJ,Idus,14,amod
53,Dis,<START>,Manibus,Dis,Dis,O,NOUN,Manibus,2,case
53,Manibus,Dis,Iuliae,Man,bus,O,PROPN,Manibus,2,ROOT
53,Iuliae,Manibus,Cai,Iul,iae,B-PERS:NOMEN,PROPN,Manibus,2,nmod
53,Cai,Iuliae,libertae,Cai,Cai,B-PERS:FILI,PROPN,Iulio,8,flat:name
53,libertae,Cai,Laidi,lib,tae,I-PERS:FILI,NOUN,Iuliae,3,appos
53,Laidi,libertae,et,Lai,idi,B-PERS:COG,PROPN,libertae,5,nmod
53,et,Laidi,Iulio,et,et,O,CCONJ,posuit,31,cc
53,Iulio,et,Cai,Iul,lio,B-PERS:NOMEN,PROPN,Publius,20,nmod
53,Cai,Iulio,liberto,Cai,Cai,B-PERS:FILI,PROPN,Iulio,8,flat:name
53,liberto,Cai,Stephanephoro,lib,rto,I-PERS:FILI,NOUN,Iulio,8,appos
53,Stephanephoro,liberto,qui,Ste,oro,B-PERS:COG,PROPN,Iulio,8,flat:name
53,qui,Stephanephoro,vixit,qui,qui,O,PUNCT,vixit,13,nsubj
53,vixit,qui,annis,vix,xit,O,VERB,Iulio,8,acl:relcl
53,annis,vixit,XVI,ann,nis,O,NOUN,vixit,13,obl
53,XVI,annis,mensibus,XVI,XVI,O,NUM,annis,14,nummod
53,mensibus,XVI,II,men,bus,O,NOUN,vixit,13,obl
53,II,mensibus,die,II,II,O,NUM,mensibus,16,nummod
53,die,II,uno,die,die,O,PUNCT,vixit,13,obl
53,uno,die,Publius,uno,uno,O,NUM,die,18,nummod
53,Publius,uno,Coelius,Pub,ius,B-PERS:PRAE,PROPN,merenti,25,nsubj
53,Coelius,Publius,Taygetus,Coe,ius,B-PERS:NOMEN,PROPN,Publius,20,flat:name
53,Taygetus,Coelius,coniugi,Tay,tus,B-PERS:COG,PROPN,Publius,20,flat:name
53,coniugi,Taygetus,bene,con,ugi,O,NOUN,merenti,25,obl:arg
53,bene,coniugi,merenti,ben,ene,O,ADV,merenti,25,advmod
53,merenti,bene,et,mer,nti,O,ADJ,Manibus,2,acl
53,et,merenti,alumno,et,et,O,CCONJ,posuit,31,cc
53,alumno,et,piissimo,alu,mno,O,NOUN,posuit,31,obl
53,piissimo,alumno,de,pii,imo,O,ADJ,alumno,27,amod
53,de,piissimo,suo,de,de,O,ADP,suo,30,case
53,suo,de,posuit,suo,suo,O,PUNCT,alumno,27,det
53,posuit,suo,<END>,pos,uit,O,VERB,Manibus,2,conj
822,Dis,<START>,Manibus,Dis,Dis,O,NOUN,Manibus,2,case
822,Manibus,Dis,sacrum,Man,bus,O,PROPN,sita,7,obl
822,sacrum,Manibus,Iulia,sac,rum,O,ADJ,sita,7,dep
822,Iulia,sacrum,Victorina,Iul,lia,B-PERS:NOMEN,PROPN,sita,7,nsubj:pass
822,Victorina,Iulia,hic,Vic,ina,B-PERS:COG,PROPN,Iulia,4,amod
822,hic,Victorina,sita,hic,hic,O,ADV,sita,7,advmod:lmod
822,sita,hic,est,sit,ita,O,ADJ,sita,7,ROOT
822,est,sita,tradita,est,est,O,AUX,sita,7,aux:pass
822,tradita,est,marito,tra,ita,O,VERB,Manibus,2,acl
822,marito,tradita,annorum,mar,ito,O,NOUN,tradita,9,obl:arg
822,annorum,marito,XVIIII,ann,rum,O,NOUN,tradita,9,xcomp
822,XVIIII,annorum,OEN,XVI,III,O,NUM,sita,7,obl:tmod
822,OEN,XVIIII,crudele,OEN,OEN,O,INTJ,sita,7,nsubj:pass
822,crudele,OEN,cumON,cru,ele,O,ADJ,annos,18,amod
822,cumON,crudele,maritoU,cum,mON,O,X,fecit,17,mark
822,maritoU,cumON,fecit,mar,toU,O,NOUN,fecit,17,obl:arg
822,fecit,maritoU,annos,fec,cit,O,VERB,Iulia,4,acl:relcl
822,annos,fecit,II,ann,nos,O,NOUN,fecit,17,obj
822,II,annos,et,II,II,O,NUM,II,19,conj
822,et,II,menses,et,et,O,CCONJ,XV,24,cc
822,menses,et,II,men,ses,O,NOUN,II,19,conj
822,II,menses,et,II,II,O,NUM,II,19,conj
822,et,II,XV,et,et,O,CCONJ,XV,24,cc
822,XV,et,Iulius,XV,XV,O,NUM,II,22,conj
822,Iulius,XV,Victor,Iul,ius,B-PERS:NOMEN,PROPN,ETVNT,28,nsubj
822,Victor,Iulius,pater,Vic,tor,B-PERS:COG,PROPN,Iulius,25,flat
822,pater,Victor,ETVNT,pat,ter,O,NOUN,Victor,26,appos
822,ETVNT,pater,<END>,ETV,VNT,O,VERB,sita,7,conj
780,Calviniae,<START>,Marci,Cal,iae,B-PERS:NOMEN,ADJ,Calviniae,1,ROOT
780,Marci,Calviniae,Silani,Mar,rci,B-PERS:FILI,PROPN,Calviniae,1,conj
780,Silani,Marci,filiae,Sil,ani,I-PERS:FILI,PROPN,Marci,2,flat:name
780,filiae,Silani,delicio,fil,iae,I-PERS:FILI,NOUN,Spuri,7,appos
780,delicio,filiae,Iuniae,del,cio,O,NOUN,Calviniae,1,conj
780,Iuniae,delicio,Spuri,Iun,iae,B-PERS:NOMEN,ADJ,Calviniae,1,conj
780,Spuri,Iuniae,filiae,Spu,uri,B-PERS:FILI,PROPN,Calviniae,1,conj
780,filiae,Spuri,Tyrannidi,fil,iae,I-PERS:FILI,NOUN,Spuri,7,appos
780,Tyrannidi,filiae,uxori,Tyr,idi,B-PERS:COG,PROPN,uxori,10,nmod
780,uxori,Tyrannidi,optiUmae,uxo,ori,O,NOUN,filiae,8,appos
780,optiUmae,uxori,Caius,opt,mae,O,ADJ,filiae,8,amod
780,Caius,optiUmae,Albius,Cai,ius,B-PERS:PRAE,PROPN,Calviniae,1,conj
780,Albius,Caius,Livillae,Alb,ius,B-PERS:NOMEN,PROPN,Caius,12,flat:name
780,Livillae,Albius,libertus,Liv,lae,B-PERS:FILI,PROPN,libertus,15,nmod
780,libertus,Livillae,Thymelus,lib,tus,I-PERS:FILI,NOUN,Caius,12,appos
780,Thymelus,libertus,Herculaneus,Thy,lus,B-PERS:COG,PROPN,Calviniae,1,conj
780,Herculaneus,Thymelus,Augustalis,Her,eus,O,ADJ,Calviniae,1,conj
780,Augustalis,Herculaneus,<END>,Aug,lis,O,ADJ,Calviniae,1,conj
978,mortis,<START>,acerbVae,mor,tis,O,NOUN,heros,6,nmod
978,acerbVae,mortis,aetatis,ace,Vae,O,ADJ,habende,4,obj
978,aetatis,acerbVae,habende,aet,tis,O,NOUN,acerbVae,2,nmod
978,habende,aetatis,tius,hab,nde,O,VERB,ditant,8,advcl:abs
978,tius,habende,heros,tiu,ius,O,PRON,ditant,8,dep
978,heros,tius,Aureliae,her,ros,O,NOUN,ditant,8,nsubj
978,Aureliae,heros,ditant,Aur,iae,B-PERS:NOMEN,ADJ,heros,6,amod
978,ditant,Aureliae,ab,dit,ant,O,VERB,ditant,8,ROOT
978,ab,ditant,aetas,ab,ab,O,ADP,aetas,10,case
978,aetas,ab,tis,aet,tas,O,NOUN,ditant,8,obl:lmod
978,tis,aetas,annos,tis,tis,O,PRON,quaerens,14,obj
978,annos,tis,as,ann,nos,O,NOUN,quaerens,14,obj
978,as,annos,quaerens,as,as,O,PUNCT,quaerens,14,cc
978,quaerens,as,tibi,qua,ens,O,VERB,ditant,8,advcl
978,tibi,quaerens,t,tib,ibi,O,PRON,quaerens,14,obl:arg
978,t,tibi,<END>,t,t,O,PUNCT,ditant,8,cc
600,Dis,<START>,Manibus,Dis,Dis,O,NOUN,Manibus,2,case
600,Manibus,Dis,Quinti,Man,bus,O,PROPN,fecit,6,obl
600,Quinti,Manibus,Atti,Qui,nti,B-PERS:PRAE,PROPN,Manibus,2,nmod
600,Atti,Quinti,Iusti,Att,tti,B-PERS:NOMEN,PROPN,Quinti,3,flat:name
600,Iusti,Atti,fecit,Ius,sti,B-PERS:COG,ADJ,Quinti,3,amod
600,fecit,Iusti,Mutilia,fec,cit,O,VERB,fecit,6,ROOT
600,Mutilia,fecit,Asiatica,Mut,lia,B-PERS:NOMEN,PROPN,fecit,6,obj
600,Asiatica,Mutilia,coniugi,Asi,ica,B-PERS:COG,ADJ,Mutilia,7,amod
600,coniugi,Asiatica,bene,con,ugi,O,NOUN,vixit,14,obl:arg
600,bene,coniugi,merenti,ben,ene,O,ADV,merenti,11,advmod
600,merenti,bene,cum,mer,nti,O,ADJ,coniugi,9,acl
600,cum,merenti,quo,cum,cum,O,ADP,quo,13,case
600,quo,cum,vixit,quo,quo,O,ADV,vixit,14,obl
600,vixit,quo,annos,vix,xit,O,VERB,fecit,6,advcl
600,annos,vixit,XXII,ann,nos,O,NOUN,vixit,14,obj
600,XXII,annos,sine,XXI,XII,O,NUM,annos,15,nummod
600,sine,XXII,querella,sin,ine,O,ADP,querella,18,case
600,querella,sine,<END>,que,lla,O,NOUN,vixit,14,obl
209,Dis,<START>,Manibus,Dis,Dis,O,NOUN,Manibus,2,case
209,Manibus,Dis,et,Man,bus,O,PROPN,dedicavit,19,obl
209,et,Manibus,securitati,et,et,O,CCONJ,securitati,4,cc
209,securitati,et,aeternae,sec,ati,O,NOUN,dedicavit,19,obl:arg
209,aeternae,securitati,Laeviniani,aet,nae,O,ADJ,securitati,4,amod
209,Laeviniani,aeternae,Stratonis,Lae,ani,B-PERS,PROPN,dedicavit,19,obl:arg
209,Stratonis,Laeviniani,liberti,Str,nis,B-PERS:FILI,PROPN,Laeviniani,6,conj
209,liberti,Stratonis,Vitalis,lib,rti,I-PERS:FILI,NOUN,Stratonis,7,appos
209,Vitalis,liberti,Stratonice,Vit,lis,I-PERS,ADJ,Laeviniani,6,conj
209,Stratonice,Vitalis,Vitalina,Str,ice,B-PERS:NOMEN,PROPN,Laeviniani,6,conj
209,Vitalina,Stratonice,marito,Vit,ina,B-PERS:COG,NOUN,Laeviniani,6,conj
209,marito,Vitalina,pro,mar,ito,O,NOUN,dedicavit,19,obl:arg
209,pro,marito,se,pro,pro,O,ADP,se,14,case
209,se,pro,bene,se,se,O,PRON,merenti,16,obl
209,bene,se,merenti,ben,ene,O,ADV,merenti,16,advmod
209,merenti,bene,sub,mer,nti,O,ADJ,dedicavit,19,advcl
209,sub,merenti,ascia,sub,sub,O,ADP,ascia,18,case
209,ascia,sub,dedicavit,asc,cia,O,X,dedicavit,19,obl
209,dedicavit,ascia,<END>,ded,vit,O,VERB,dedicavit,19,ROOT
352,e,<START>,coniugi,e,e,O,CCONJ,coniugi,2,case
352,coniugi,e,incomparabili,con,ugi,O,NOUN,coniugi,2,ROOT
352,incomparabili,coniugi,quae,inc,ili,O,ADJ,coniugi,2,amod
352,quae,incomparabili,vixit,qua,uae,O,PRON,vixit,5,nsubj
352,vixit,quae,mecum,vix,xit,O,VERB,coniugi,2,acl:relcl
352,mecum,vixit,sine,mec,cum,O,PRON,vixit,5,obl
352,sine,mecum,ulla,sin,ine,O,ADP,querella,9,case
352,ulla,sine,querella,ull,lla,O,DET,querella,9,det
352,querella,ulla,annos,que,lla,O,NOUN,vixit,5,obl
352,annos,querella,I,ann,nos,O,NOUN,vixit,5,obl
352,I,annos,<END>,I,I,O,NUM,annos,10,nummod
216,o,<START>,Marci,o,o,B-PERS,PUNCT,Marci,2,advmod:emph
216,Marci,o,filio,Mar,rci,B-PERS:FILI,PROPN,sequetur,13,obl
216,filio,Marci,Aniensi,fil,lio,I-PERS:FILI,NOUN,Marci,2,appos
216,Aniensi,filio,aedili,Ani,nsi,B-PERS:COG,ADJ,filio,3,nmod
216,aedili,Aniensi,IIviro,aed,ili,B-TITLE,NOUN,Marci,2,appos
216,IIviro,aedili,Montana,IIv,iro,O,PROPN,Marci,2,appos
216,Montana,IIviro,viro,Mon,ana,B-LOC,PROPN,IIviro,6,flat
216,viro,Montana,hoc,vir,iro,O,NOUN,IIviro,6,appos
216,hoc,viro,monumentum,hoc,hoc,O,PROPN,monumentum,10,det
216,monumentum,hoc,heredem,mon,tum,O,NOUN,sequetur,13,nsubj
216,heredem,monumentum,non,her,dem,O,NOUN,sequetur,13,xcomp
216,non,heredem,sequetur,non,non,O,PART,sequetur,13,advmod:neg
216,sequetur,non,<END>,seq,tur,O,VERB,sequetur,13,ROOT
289,Dis,<START>,Manibus,Dis,Dis,O,NOUN,Manibus,2,case
289,Manibus,Dis,Marcus,Man,bus,O,PROPN,vixit,6,obl
289,Marcus,Manibus,Aurelius,Mar,cus,B-PERS:PRAE,PROPN,vixit,6,nsubj
289,Aurelius,Marcus,Sabinianus,Aur,ius,B-PERS:NOMEN,PROPN,Marcus,3,flat:name
289,Sabinianus,Aurelius,vixit,Sab,nus,B-PERS:COG,PROPN,Marcus,3,amod
289,vixit,Sabinianus,annos,vix,xit,O,VERB,vixit,6,ROOT
289,annos,vixit,II,ann,nos,O,NOUN,vixit,6,obj
289,II,annos,et,II,II,O,NUM,annos,7,nummod
289,et,II,dies,et,et,O,CCONJ,dies,10,cc
289,dies,et,XXI,die,ies,O,X,vixit,6,conj
289,XXI,dies,pater,XXI,XXI,O,NUM,dies,10,nummod
289,pater,XXI,filio,pat,ter,O,NOUN,fecit,16,nsubj
289,filio,pater,bene,fil,lio,O,NOUN,fecit,16,obl:arg
289,bene,filio,merenti,ben,ene,O,ADV,merenti,15,advmod
289,merenti,bene,fecit,mer,nti,O,ADJ,filio,13,acl
289,fecit,merenti,<END>,fec,cit,O,VERB,vixit,6,conj
279,Dis,<START>,Manibus,Dis,Dis,O,NOUN,Manibus,2,case
279,Manibus,Dis,matri,Man,bus,O,PROPN,fecit,11,obl
279,matri,Manibus,et,mat,tri,O,NOUN,Manibus,2,nmod
279,et,matri,filio,et,et,O,CCONJ,Felicioni,8,cc
279,filio,et,Primitivae,fil,lio,O,NOUN,matri,3,conj
279,Primitivae,filio,et,Pri,vae,B-PERS,ADJ,filio,5,nmod
279,et,Primitivae,Felicioni,et,et,O,CCONJ,Felicioni,8,cc
279,Felicioni,et,alumnis,Fel,oni,B-PERS,NOUN,Primitivae,6,conj
279,alumnis,Felicioni,suis,alu,nis,O,ADJ,filio,5,orphan
279,suis,alumnis,fecit,sui,uis,O,DET,alumnis,9,det
279,fecit,suis,Paschasia,fec,cit,O,VERB,fecit,11,ROOT
279,Paschasia,fecit,Veneranda,Pas,sia,B-PERS:NOMEN,PROPN,fecit,11,obj
279,Veneranda,Paschasia,<END>,Ven,nda,B-PERS:COG,PROPN,Paschasia,12,nmod
954,cepotaphium,<START>,cum,cep,ium,O,X,cepotaphium,1,ROOT
954,cum,cepotaphium,hortulo,cum,cum,O,ADP,hortulo,3,case
954,hortulo,cum,in,hor,ulo,O,NOUN,cepotaphium,1,nmod
954,in,hortulo,fronte,in,in,O,ADP,fronte,5,case
954,fronte,in,via,fro,nte,O,NOUN,cepotaphium,1,nmod
954,via,fronte,Nomentana,via,via,O,NOUN,fronte,5,nsubj
954,Nomentana,via,parte,Nom,ana,O,PROPN,via,6,amod
954,parte,Nomentana,laeva,par,rte,O,NOUN,fronte,5,conj
954,laeva,parte,C,lae,eva,O,ADJ,parte,8,amod
954,C,laeva,item,C,C,O,PUNCT,parte,8,amod
954,item,C,a,ite,tem,O,ADV,parte,13,advmod
954,a,item,parte,a,a,O,ADP,parte,13,case
954,parte,a,<END>,par,rte,O,NOUN,fronte,5,conj
821,Imperatori,<START>,Caesari,Imp,ori,B-PERS:TITLE,NOUN,Imperatori,1,ROOT
821,Caesari,Imperatori,Publio,Cae,ari,B-PERS:TITLE,PROPN,Imperatori,1,dep
821,Publio,Caesari,Helvio,Pub,lio,B-PERS:PRAE,PROPN,Caesari,2,conj
821,Helvio,Publio,Pertinaci,Hel,vio,B-PERS:NOMEN,PROPN,Publio,3,flat:name
821,Pertinaci,Helvio,tribunicia,Per,aci,B-PERS:COG,PROPN,Publio,3,flat:name
821,tribunicia,Pertinaci,potestate,tri,cia,B-TITLE,ADJ,potestate,7,amod
821,potestate,tribunicia,consuli,pot,ate,I-TITLE,NOUN,Publio,3,appos
821,consuli,potestate,II,con,uli,B-TITLE,NOUN,Imperatori,1,dep
821,II,consuli,Augusto,II,II,O,NUM,consuli,8,nummod
821,Augusto,II,pontifici,Aug,sto,B-TITLE,PROPN,Imperatori,1,nsubj
821,pontifici,Augusto,maximo,pon,ici,B-TITLE,NOUN,Augusto,10,appos
821,maximo,pontifici,patri,max,imo,I-TITLE,ADJ,pontifici,11,amod
821,patri,maximo,patriae,pat,tri,B-TITLE,NOUN,Augusto,10,conj
821,patriae,patri,<END>,pat,iae,I-TITLE,ADJ,patri,13,nmod
110,iniae,<START>,Aphrodite,ini,iae,B-PERS:NOMEN,DET,posuit,8,xcomp
110,Aphrodite,iniae,Floria,Aph,ite,B-PERS:COG,PROPN,iniae,1,obl:arg
110,Floria,Aphrodite,Florentina,Flo,ria,B-PERS:NOMEN,PROPN,posuit,8,obj
110,Florentina,Floria,patronae,Flo,ina,I-PERS,ADJ,Floria,3,amod
110,patronae,Florentina,bene,pat,nae,O,NOUN,posuit,8,obl:arg
110,bene,patronae,merenti,ben,ene,O,ADV,merenti,7,advmod
110,merenti,bene,posuit,mer,nti,O,ADJ,patronae,5,amod
110,posuit,merenti,<END>,pos,uit,O,VERB,posuit,8,ROOT
119,cius,<START>,Titi,ciu,ius,O,NOUN,filius,3,dep
119,Titi,cius,filius,Tit,iti,B-PERS:FILI,PROPN,filius,3,nmod
119,filius,Titi,Claudia,fil,ius,I-PERS:FILI,NOUN,filius,3,ROOT
119,Claudia,filius,Dexter,Cla,dia,B-PERS:TRIBE,PROPN,filius,3,flat
119,Dexter,Claudia,Augustanus,Dex,ter,B-PERS:COG,X,filius,3,flat
119,Augustanus,Dexter,Alpinus,Aug,nus,B-PERS:TITLE,ADJ,Alpinus,7,amod
119,Alpinus,Augustanus,Bellicius,Alp,nus,B-PERS:AG,NOUN,filius,3,dep
119,Bellicius,Alpinus,Sollers,Bel,ius,B-PERS:AG,PROPN,filius,3,amod
119,Sollers,Bellicius,Metilius,Sol,ers,B-PERS:AG,NOUN,Bellicius,8,conj
119,Metilius,Sollers,us,Met,ius,B-PERS:AG,PROPN,Bellicius,8,conj
119,Rutilianus,us,Xvir,Rut,nus,B-PERS:COG,PROPN,Metilius,10,amod
119,Xvir,Rutilianus,stlitibus,Xvi,vir,O,ADV,tribunus,16,nsubj
119,stlitibus,Xvir,iudicandis,stl,bus,O,NOUN,iudicandis,15,nsubj:pass
119,iudicandis,stlitibus,tribunus,iud,dis,O,VERB,Xvir,13,advcl:abs
119,tribunus,iudicandis,laticlavius,tri,nus,B-TITLE,NOUN,VIIvir,24,conj
119,laticlavius,tribunus,legionis,lat,ius,O,ADJ,tribunus,16,nmod
119,legionis,laticlavius,III,leg,nis,O,NOUN,legatus,36,nmod
119,III,legionis,Augustae,III,III,O,NUM,legionis,18,nummod
119,Augustae,III,sevir,Aug,tae,O,PROPN,legionis,18,amod
119,sevir,Augustae,equitum,sev,vir,O,NOUN,tribunus,16,appos
119,equitum,sevir,turmarPum,equ,tum,O,NOUN,sevir,21,nmod
119,turmarPum,equitum,VIIvir,tur,Pum,O,NOUN,sevir,21,amod
119,VIIvir,turmarPum,epulonum,VII,vir,O,NUM,tribunus,16,conj
119,epulonum,VIIvir,sodalis,epu,num,O,NOUN,VIIvir,24,nmod
119,sodalis,epulonum,quaestor,sod,lis,O,NOUN,VIIvir,24,conj
119,quaestor,sodalis,tribunus,qua,tor,B-TITLE,NOUN,VIIvir,24,conj
119,tribunus,quaestor,plebis,tri,nus,B-TITLE,NOUN,VIIvir,24,conj
119,plebis,tribunus,praetor,ple,bis,O,NOUN,tribunus,28,nmod
119,praetor,plebis,fideicomissarum,pra,tor,B-TITLE,NOUN,VIIvir,24,conj
119,fideicomissarum,praetor,legatus,fid,rum,O,NOUN,praetor,30,nmod
119,legatus,fideicomissarum,legionis,leg,tus,O,NOUN,VIIvir,24,conj
119,legionis,legatus,IIII,leg,nis,O,NOUN,legatus,36,nmod
119,IIII,legionis,Scythicae,III,III,O,NUM,legionis,33,nummod
119,Scythicae,IIII,legatus,Scy,cae,O,ADJ,legionis,33,amod
119,legatus,Scythicae,Augusti,leg,tus,B-TITLE,NOUN,VIIvir,24,conj
119,Augusti,legatus,pro,Aug,sti,I-TITLE,PROPN,legatus,36,nmod
119,pro,Augusti,praetore,pro,pro,I-TITLE,ADP,praetore,39,case
119,praetore,pro,provinciae,pra,ore,I-TITLE,NOUN,VIIvir,24,nmod
119,provinciae,praetore,Ciliciae,pro,iae,B-LOC,NOUN,praetore,39,nmod
119,Ciliciae,provinciae,<END>,Cil,iae,I-LOC,PROPN,provinciae,40,nmod
942,IIvir,<START>,P,IIv,vir,O,NUM,IIvir,1,ROOT
942,P,IIvir,Veneris,P,P,O,PUNCT,IIvir,1,dep
942,Veneris,P,QM,Ven,ris,O,NOUN,P,2,nmod
942,QM,Veneris,Iovis,QM,QM,O,NOUN,IIvir,1,dislocated
942,Iovis,QM,et,Iov,vis,O,PROPN,QM,4,nmod
942,et,Iovis,s,et,et,O,CCONJ,s,7,cc
942,s,et,idem,s,s,O,PUNCT,IIvir,1,conj
942,idem,s,<END>,ide,dem,O,DET,s,7,nmod
138,Imperator,<START>,Caesar,Imp,tor,B-PERS:TITLE,NOUN,meruerunt,84,nsubj
138,Caesar,Imperator,divi,Cae,sar,B-PERS:TITLE,PROPN,Imperator,1,flat
138,divi,Caesar,Vespasiani,div,ivi,B-PERS:FILI,VERB,filius,5,amod
138,Vespasiani,divi,filius,Ves,ani,I-PERS:FILI,PROPN,filius,5,nmod
138,filius,Vespasiani,Domitianus,fil,ius,I-PERS:FILI,NOUN,Imperator,1,appos
138,Domitianus,filius,Augustus,Dom,nus,B-PERS:NOMEN,PROPN,Imperator,1,amod
138,Augustus,Domitianus,Germanicus,Aug,tus,B-PERS:TITLE,PROPN,Domitianus,6,flat:name
138,Germanicus,Augustus,pontifex,Ger,cus,B-PERS:AG,PROPN,Domitianus,6,amod
138,pontifex,Germanicus,maximus,pon,fex,B-TITLE,NOUN,Imperator,1,appos
138,maximus,pontifex,tribunicia,max,mus,I-TITLE,ADJ,pontifex,9,amod
138,tribunicia,maximus,potestate,tri,cia,B-TITLE,ADJ,potestate,12,amod
138,potestate,tribunicia,X,pot,ate,I-TITLE,NOUN,maximus,10,obl
138,X,potestate,imperator,X,X,O,NUM,imperator,14,nummod
138,imperator,X,XXI,imp,tor,B-TITLE,NOUN,Imperator,1,conj
138,XXI,imperator,consul,XXI,XXI,O,NUM,consul,16,nummod
138,consul,XXI,XV,con,sul,B-TITLE,NOUN,imperator,14,conj
138,XV,consul,censor,XV,XV,O,NUM,censor,18,nummod
138,censor,XV,perpetuus,cen,sor,B-TITLE,NOUN,imperator,14,conj
138,perpetuus,censor,pater,per,uus,I-TITLE,ADJ,censor,18,amod
138,pater,perpetuus,patriae,pat,ter,B-TITLE,NOUN,Imperator,1,appos
138,patriae,pater,equitibus,pat,iae,I-TITLE,ADJ,equitibus,22,nmod
138,equitibus,patriae,qui,equ,bus,O,NOUN,peditibus,41,conj
138,qui,equitibus,militant,qui,qui,O,PUNCT,meruerunt,84,nsubj
138,militant,qui,in,mil,ant,O,VERB,Imperator,1,acl:relcl
138,in,militant,alis,in,in,O,ADP,Syria,72,case
138,alis,in,quattuor,ali,lis,O,NOUN,militant,24,obl
138,quattuor,alis,veterana,qua,uor,O,NUM,militant,24,dep
138,veterana,quattuor,Gallica,vet,ana,O,ADJ,militant,24,advcl:pred
138,Gallica,veterana,et,Gal,ica,O,ADJ,veterana,28,conj
138,et,Gallica,Phrygum,et,et,O,CCONJ,vicena,81,cc
138,Phrygum,et,et,Phr,gum,O,PROPN,Gallica,29,conj
138,et,Phrygum,Gemina,et,et,O,CCONJ,vicena,81,cc
138,Gemina,et,Sebastena,Gem,ina,O,ADJ,Gallica,29,conj
138,Sebastena,Gemina,et,Seb,ena,O,PROPN,Gemina,33,flat:name
138,et,Sebastena,Gallorum,et,et,O,CCONJ,vicena,81,cc
138,Gallorum,et,et,Gal,rum,O,PROPN,Gemina,33,nmod
138,et,Gallorum,Thracum,et,et,O,CCONJ,vicena,81,cc
138,Thracum,et,Antiana,Thr,cum,O,PROPN,II,48,nmod
138,Antiana,Thracum,et,Ant,ana,O,PROPN,Thracum,38,flat
138,et,Antiana,peditibus,et,et,O,CCONJ,vicena,81,cc
138,peditibus,et,et,ped,bus,O,NOUN,veterana,28,conj
138,et,peditibus,equitibus,et,et,O,CCONJ,vicena,81,cc
138,equitibus,et,qui,equ,bus,O,NOUN,peditibus,41,conj
138,qui,equitibus,in,qui,qui,O,PUNCT,meruerunt,84,nsubj
138,in,qui,cohortibus,in,in,O,ADP,Syria,72,case
138,cohortibus,in,septem,coh,bus,O,NOUN,meruerunt,84,obl
138,septem,cohortibus,II,sep,tem,O,NUM,cohortibus,46,nummod
138,II,septem,Classica,II,II,O,NUM,meruerunt,84,obl
138,Classica,II,et,Cla,ica,O,ADJ,II,48,nmod
138,et,Classica,III,et,et,O,CCONJ,vicena,81,cc
138,III,et,et,III,III,O,NUM,Classica,49,conj
138,et,III,IIII,et,et,O,CCONJ,vicena,81,cc
138,IIII,et,Thracum,III,III,O,NUM,Callaecorum,58,conj
138,Thracum,IIII,Syriacis,Thr,cum,O,PROPN,II,48,nmod
138,Syriacis,Thracum,et,Syr,cis,O,ADJ,Thracum,54,amod
138,et,Syriacis,IIII,et,et,O,CCONJ,vicena,81,cc
138,IIII,et,Callaecorum,III,III,O,NUM,Callaecorum,58,conj
138,Callaecorum,IIII,Lucensium,Cal,rum,O,PROPN,Callaecorum,58,nmod
138,Lucensium,Callaecorum,et,Luc,ium,O,PROPN,Callaecorum,58,nmod
138,et,Lucensium,IIII,et,et,O,CCONJ,vicena,81,cc
138,IIII,et,Callaecorum,III,III,O,NUM,Callaecorum,58,conj
138,Callaecorum,IIII,Bracaraugustanorum,Cal,rum,O,PROPN,Callaecorum,58,nmod
138,Bracaraugustanorum,Callaecorum,et,Bra,rum,O,PROPN,Callaecorum,62,nmod
138,et,Bracaraugustanorum,Augusta,et,et,O,CCONJ,vicena,81,cc
138,Augusta,et,Pannoniorum,Aug,sta,O,PROPN,Callaecorum,62,conj
138,Pannoniorum,Augusta,et,Pan,rum,O,PROPN,Augusta,65,nmod
138,et,Pannoniorum,Musulamiorum,et,et,O,CCONJ,vicena,81,cc
138,Musulamiorum,et,quae,Mus,rum,O,NOUN,Pannoniorum,66,conj
138,quae,Musulamiorum,sunt,qua,uae,O,PRON,Syria,72,nsubj
138,sunt,quae,in,sun,unt,O,PUNCT,Syria,72,cop
138,in,sunt,Syria,in,in,O,ADP,Syria,72,case
138,Syria,in,sub,Syr,ria,B-LOC,PROPN,Pannoniorum,66,acl:relcl
138,sub,Syria,Aulo,sub,sub,O,ADP,Aulo,74,case
138,Aulo,sub,Bucio,Aul,ulo,B-PERS:PRAE,PROPN,II,48,nmod
138,Bucio,Aulo,Lappio,Buc,cio,B-PERS:NOMEN,PROPN,Aulo,74,flat:name
138,Lappio,Bucio,Maximo,Lap,pio,B-PERS:COG,PROPN,Aulo,74,flat:name
138,Maximo,Lappio,qui,Max,imo,B-PERS:COG,PROPN,Aulo,74,flat:name
138,qui,Maximo,quina,qui,qui,O,PUNCT,meruerunt,84,nsubj
138,quina,qui,et,qui,ina,O,ADJ,stipendia,83,amod
138,et,quina,vicena,et,et,O,CCONJ,vicena,81,cc
138,vicena,et,plurave,vic,ena,O,ADV,quina,79,conj
138,plurave,vicena,stipendia,plu,ave,O,DET,quina,79,dep
138,stipendia,plurave,meruerunt,sti,dia,O,NOUN,meruerunt,84,obj
138,meruerunt,stipendia,item,mer,unt,O,VERB,meruerunt,84,ROOT
138,item,meruerunt,dimissis,ite,tem,O,ADV,dimissis,86,advmod
138,dimissis,item,honesta,dim,sis,O,VERB,meruerunt,84,conj
138,honesta,dimissis,missione,hon,sta,O,ADJ,missione,88,amod
138,missione,honesta,emeritis,mis,one,O,NOUN,dimissis,86,obl
138,emeritis,missione,stipendiis,eme,tis,O,VERB,dimissis,86,conj
138,stipendiis,emeritis,<END>,sti,iis,O,NOUN,emeritis,89,nsubj:pass
107,Ic,<START>,Sev,Ic,Ic,O,ADV,Ic,1,ROOT
107,Sev,Ic,fanatico,Sev,Sev,O,CCONJ,Ic,1,dep
107,fanatico,Sev,ex,fan,ico,O,ADJ,Sev,2,appos
107,ex,fanatico,vico,ex,ex,O,ADP,vico,5,case
107,vico,ex,Bellonae,vic,ico,O,NOUN,fanatico,3,nmod
107,Bellonae,vico,coniugi,Bel,nae,B-LOC,PROPN,vico,5,nmod
107,coniugi,Bellonae,suae,con,ugi,O,NOUN,fanatico,3,nmod
107,suae,coniugi,bene,sua,uae,O,DET,coniugi,7,det
107,bene,suae,merenti,ben,ene,O,ADV,merenti,10,advmod
107,merenti,bene,arte,mer,nti,O,ADJ,fanatico,3,amod
107,arte,merenti,musica,art,rte,O,NOUN,Sev,2,dep
107,musica,arte,et,mus,ica,O,NOUN,arte,11,amod
107,et,musica,sibi,et,et,O,CCONJ,sibi,14,cc
107,sibi,et,<END>,sib,ibi,O,PRON,Ic,1,conj
307,Marcus,<START>,Aufidius,Mar,cus,B-PERS:PRAE,PROPN,vixit,7,nsubj
307,Aufidius,Marcus,Sexti,Auf,ius,B-PERS:NOMEN,PROPN,Marcus,1,flat:name
307,Sexti,Aufidius,filius,Sex,xti,B-PERS:FILI,PROPN,filius,4,nmod
307,filius,Sexti,Quirina,fil,ius,I-PERS:FILI,NOUN,Marcus,1,appos
307,Quirina,filius,Rufinus,Qui,ina,B-PERS:TRIBE,PROPN,Marcus,1,appos
307,Rufinus,Quirina,vixit,Ruf,nus,B-PERS:COG,PROPN,Quirina,5,flat:name
307,vixit,Rufinus,annos,vix,xit,O,VERB,vixit,7,ROOT
307,annos,vixit,IXL,ann,nos,O,NOUN,vixit,7,obj
307,IXL,annos,hic,IXL,IXL,O,NUM,vixit,7,obl
307,hic,IXL,situs,hic,hic,O,ADV,situs,11,nsubj
307,situs,hic,est,sit,tus,O,NOUN,vixit,7,conj
307,est,situs,<END>,est,est,O,AUX,situs,11,cop
973,Publio,<START>,Septimio,Pub,lio,B-PERS:PRAE,PROPN,Publio,1,ROOT
973,Septimio,Publio,Getae,Sep,mio,B-PERS:NOMEN,PROPN,Publio,1,flat:name
973,Getae,Septimio,Caesari,Get,tae,B-PERS:COG,PROPN,Publio,1,flat:name
973,Caesari,Getae,Imperatoris,Cae,ari,B-PERS:TITLE,PROPN,Publio,1,flat:name
973,Imperatoris,Caesari,Caesaris,Imp,ris,B-PERS:TITLE,NOUN,Caesari,4,nmod
973,Caesaris,Imperatoris,Luci,Cae,ris,B-PERS:TITLE,PROPN,Imperatoris,5,nmod
973,Luci,Caesaris,Septimi,Luc,uci,B-PERS:PRAE,PROPN,Publio,1,conj
973,Septimi,Luci,Severi,Sep,imi,B-PERS:NOMEN,PROPN,Luci,7,flat:name
973,Severi,Septimi,Pii,Sev,eri,B-PERS:COG,PROPN,Luci,7,flat:name
973,Pii,Severi,Pertinacis,Pii,Pii,B-PERS:AG,PROPN,Publio,1,conj
973,Pertinacis,Pii,Augusti,Per,cis,B-PERS:AG,PROPN,Pii,10,flat:name
973,Augusti,Pertinacis,Arabici,Aug,sti,B-PERS:TITLE,PROPN,Arabici,13,nmod
973,Arabici,Augusti,Adiabenici,Ara,ici,B-PERS:AG,ADJ,Publio,1,flat:name
973,Adiabenici,Arabici,Parthici,Adi,ici,B-PERS:AG,PROPN,Publio,1,conj
973,Parthici,Adiabenici,maximi,Par,ici,B-PERS:TITLE,ADJ,Publio,1,flat:name
973,maximi,Parthici,felicissimi,max,imi,I-PERS:TITLE,ADJ,felicissimi,17,amod
973,felicissimi,maximi,patris,fel,imi,B-PERS:AG,ADJ,patriae,19,amod
973,patris,felicissimi,patriae,pat,ris,B-TITLE,NOUN,patriae,19,nmod
973,patriae,patris,filio,pat,iae,I-TITLE,ADJ,Parthici,15,nmod
973,filio,patriae,Marcus,fil,lio,O,NOUN,Publio,1,appos
973,Marcus,filio,Iunius,Mar,cus,B-PERS:PRAE,PROPN,Publio,1,flat:name
973,Iunius,Marcus,Punicus,Iun,ius,B-PERS:NOMEN,PROPN,Marcus,21,flat:name
973,Punicus,Iunius,procurator,Pun,cus,B-PERS:COG,ADJ,Publio,1,amod
973,procurator,Punicus,sexagenarius,pro,tor,B-TITLE,NOUN,Publio,1,appos
973,sexagenarius,procurator,provinciae,sex,ius,O,NOUN,procurator,24,amod
973,provinciae,sexagenarius,Thraciae,pro,iae,B-LOC,NOUN,sexagenarius,25,nmod
973,Thraciae,provinciae,centenarius,Thr,iae,I-LOC,ADJ,provinciae,26,flat
973,centenarius,Thraciae,Alexandriae,cen,ius,O,ADJ,Publio,1,amod
973,Alexandriae,centenarius,ad,Ale,iae,B-LOC,PROPN,centenarius,28,obl
973,ad,Alexandriae,Mercurium,ad,ad,O,ADP,Mercurium,31,case
973,Mercurium,ad,<END>,Mer,ium,O,PROPN,centenarius,28,obl
9,Dis,<START>,Manibus,Dis,Dis,O,NOUN,Manibus,2,case
9,Manibus,Dis,Aprillis,Man,bus,O,PROPN,curavit,7,obl
9,Aprillis,Manibus,Montani,Apr,lis,B-PERS,PROPN,Manibus,2,conj
9,Montani,Aprillis,Aprillanus,Mon,ani,B-PERS:NOMEN,PROPN,Aprillanus,5,nmod
9,Aprillanus,Montani,ponendum,Apr,nus,B-PERS:COG,ADJ,curavit,7,nsubj
9,ponendum,Aprillanus,curavit,pon,dum,O,VERB,curavit,7,ccomp
9,curavit,ponendum,<END>,cur,vit,O,VERB,curavit,7,ROOT
823,Lucio,<START>,Memmio,Luc,cio,B-PERS:PRAE,PROPN,militavit,13,nsubj
823,Memmio,Lucio,idemN,Mem,mio,B-PERS:NOMEN,PROPN,Lucio,1,flat:name
823,idemN,Memmio,Hebreni,ide,emN,O,ADV,militi,5,advmod
823,Hebreni,idemN,militi,Heb,eni,O,PROPN,militi,5,amod
823,militi,Hebreni,classico,mil,iti,O,NOUN,Lucio,1,nmod
823,classico,militi,centuria,cla,ico,O,NOUN,militavit,13,obl
823,centuria,classico,Sabini,cen,ria,O,NOUN,militavit,13,obl
823,Sabini,centuria,qui,Sab,ini,O,PROPN,centuria,7,nmod
823,qui,Sabini,vixit,qui,qui,O,PUNCT,vixit,10,nsubj
823,vixit,qui,annos,vix,xit,O,VERB,Sabini,8,acl:relcl
823,annos,vixit,XXX,ann,nos,O,NOUN,militavit,13,obl
823,XXX,annos,militavit,XXX,XXX,O,NUM,annos,11,nummod
823,militavit,XXX,annos,mil,vit,O,VERB,militavit,13,ROOT
823,annos,militavit,XII,ann,nos,O,NOUN,militavit,13,obl
823,XII,annos,heredes,XII,XII,O,NUM,annos,14,nummod
823,heredes,XII,eius,her,des,O,NOUN,fecerunt,18,xcomp
823,eius,heredes,fecerunt,eiu,ius,O,ADV,heredes,16,nmod
823,fecerunt,eius,Iarsa,fec,unt,O,VERB,militavit,13,conj
823,Iarsa,fecerunt,frater,Iar,rsa,B-PERS,PROPN,fecerunt,18,nsubj
823,frater,Iarsa,suus,fra,ter,O,NOUN,Iarsa,19,appos
823,suus,frater,Paulus,suu,uus,O,DET,frater,20,det
823,Paulus,suus,Q,Pau,lus,B-PERS,PROPN,frater,20,flat
823,Q,Paulus,Cusfilia,Q,Q,O,PUNCT,Iarsa,19,conj
823,Cusfilia,Q,per,Cus,lia,B-PERS,NOUN,Q,23,flat:name
823,per,Cusfilia,Lucium,per,per,O,ADP,Lucium,26,case
823,Lucium,per,Coranum,Luc,ium,B-PERS:PRAE,PROPN,heredem,30,nmod
823,Coranum,Lucium,Ursulum,Cor,num,B-PERS:NOMEN,NOUN,Lucium,26,flat:name
823,Ursulum,Coranum,fiduciarium,Urs,lum,B-PERS:COG,NOUN,Lucium,26,flat:name
823,fiduciarium,Ursulum,heredem,fid,ium,O,ADJ,Lucium,26,amod
823,heredem,fiduciarium,<END>,her,dem,O,NOUN,Cusfilia,24,appos
310,Iunia,<START>,Marci,Iun,nia,B-PERS:NOMEN,PROPN,vixit,5,nsubj
310,Marci,Iunia,filia,Mar,rci,B-PERS:FILI,PROPN,filia,3,nmod
310,filia,Marci,Fructuosa,fil,lia,I-PERS:FILI,NOUN,Iunia,1,appos
310,Fructuosa,filia,vixit,Fru,osa,B-PERS:COG,ADJ,Iunia,1,amod
310,vixit,Fructuosa,annis,vix,xit,O,VERB,vixit,5,ROOT
310,annis,vixit,XXII,ann,nis,O,NOUN,vixit,5,obl
310,XXII,annis,mensibus,XXI,XII,O,NUM,annis,6,nummod
310,mensibus,XXII,XI,men,bus,O,NOUN,vixit,5,obl
310,XI,mensibus,hic,XI,XI,O,NUM,mensibus,8,nummod
310,hic,XI,sita,hic,hic,O,ADV,sita,11,advmod:lmod
310,sita,hic,est,sit,ita,O,ADJ,annis,6,acl
310,est,sita,Pleminius,est,est,O,AUX,sita,11,aux:pass
310,Pleminius,est,Donatus,Ple,ius,B-PERS:NOMEN,PROPN,vixit,5,nsubj
310,Donatus,Pleminius,ux,Don,tus,B-PERS:COG,VERB,Pleminius,13,flat:name
310,ux,Donatus,sori,ux,ux,O,NUM,posuit,18,nsubj
310,sori,ux,carissimae,sor,ori,O,NOUN,posuit,18,obl:arg
310,carissimae,sori,posuit,car,mae,O,ADJ,sori,16,amod
310,posuit,carissimae,<END>,pos,uit,O,VERB,vixit,5,conj
557,Publio,<START>,Coelio,Pub,lio,B-PERS:PRAE,PROPN,dedit,17,obl:arg
557,Coelio,Publio,Luci,Coe,lio,B-PERS:NOMEN,PROPN,Publio,1,flat:name
557,Luci,Coelio,liberto,Luc,uci,B-PERS:FILI,PROPN,liberto,4,nmod
557,liberto,Luci,Sileno,lib,rto,I-PERS:FILI,NOUN,Publio,1,appos
557,Sileno,liberto,viro,Sil,eno,B-PERS:COG,PROPN,liberto,4,amod
557,viro,Sileno,suo,vir,iro,O,NOUN,Publio,1,appos
557,suo,viro,et,suo,suo,O,PUNCT,viro,6,det
557,et,suo,sibi,et,et,O,CCONJ,sibi,9,cc
557,sibi,et,agri,sib,ibi,O,PRON,dedit,17,obl:arg
557,agri,sibi,iugera,agr,gri,O,NOUN,iugera,11,nmod
557,iugera,agri,XXV,iug,era,O,NOUN,sibi,9,nmod
557,XXV,iugera,ex,XXV,XXV,O,NUM,iugera,11,nummod
557,ex,XXV,fundo,ex,ex,O,ADP,fundo,14,case
557,fundo,ex,Soraniano,fun,ndo,O,NOUN,dedit,17,obl
557,Soraniano,fundo,monumento,Sor,ano,O,PROPN,fundo,14,amod
557,monumento,Soraniano,dedit,mon,nto,O,NOUN,dedit,17,obl:arg
557,dedit,monumento,<END>,ded,dit,O,VERB,dedit,17,ROOT
744,cund,<START>,sita,cun,und,O,ADP,fil,3,dep
744,sita,cund,fil,sit,ita,O,ADJ,cund,1,acl
744,fil,sita,ita,fil,fil,O,PUNCT,fil,3,ROOT
744,ita,fil,XI,ita,ita,O,ADV,fil,3,advmod
744,XI,ita,Theodosio,XI,XI,O,NUM,Theodosio,6,nummod
744,Theodosio,XI,XI,The,sio,B-PERS,PROPN,consulibus,11,nsubj
744,XI,Theodosio,et,XI,XI,O,NUM,Theodosio,6,nummod
744,et,XI,Valentiniano,et,et,O,CCONJ,Valentiniano,9,cc
744,Valentiniano,et,Auggustis,Val,ano,B-PERS,PROPN,Theodosio,6,conj
744,Auggustis,Valentiniano,consulibus,Aug,tis,B-TITLE,NOUN,Theodosio,6,conj
744,consulibus,Auggustis,<END>,con,bus,O,NOUN,fil,3,advcl:abs
635,Dis,<START>,Manibus,Dis,Dis,O,NOUN,Manibus,2,case
635,Manibus,Dis,Victoria,Man,bus,O,PROPN,fecit,18,obl
635,Victoria,Manibus,quae,Vic,ria,B-PERS,PROPN,fecit,18,nsubj
635,quae,Victoria,vixit,qua,uae,O,PRON,vixit,5,nsubj
635,vixit,quae,annos,vix,xit,O,VERB,Victoria,3,acl:relcl
635,annos,vixit,V,ann,nos,O,NOUN,vixit,5,obl
635,V,annos,et,V,V,O,,annos,6,nummod
635,et,V,menses,et,et,O,CCONJ,menses,9,cc
635,menses,et,II,men,ses,O,NOUN,annos,6,conj
635,II,menses,dies,II,II,O,NUM,menses,9,nummod
635,dies,II,XX,die,ies,O,X,vixit,5,obl
635,XX,dies,Servea,XX,XX,O,NUM,dies,11,nummod
635,Servea,XX,Marcellina,Ser,vea,B-PERS:NOMEN,PROPN,fecit,18,nsubj
635,Marcellina,Servea,nutrix,Mar,ina,B-PERS:COG,PROPN,Servea,13,appos
635,nutrix,Marcellina,bene,nut,rix,O,NOUN,Servea,13,appos
635,bene,nutrix,merenti,ben,ene,O,ADV,merenti,17,advmod
635,merenti,bene,fecit,mer,nti,O,ADJ,fecit,18,ccomp
635,fecit,merenti,<END>,fec,cit,O,VERB,fecit,18,ROOT
292,Dis,<START>,Manibus,Dis,Dis,O,NOUN,Manibus,2,case
292,Manibus,Dis,Urbanus,Man,bus,O,PROPN,vixit,6,obl
292,Urbanus,Manibus,anima,Urb,nus,B-PERS,PROPN,vixit,6,nsubj
292,anima,Urbanus,dulcis,ani,ima,O,NOUN,vixit,6,obl
292,dulcis,anima,vixit,dul,cis,O,ADJ,anima,4,amod
292,vixit,dulcis,menses,vix,xit,O,VERB,vixit,6,ROOT
292,menses,vixit,VIII,men,ses,O,NOUN,vixit,6,obl
292,VIII,menses,dies,VII,III,O,NUM,dies,9,nummod
292,dies,VIII,VIII,die,ies,O,X,Urbanus,3,appos
292,VIII,dies,hic,VII,III,O,NUM,dies,9,nummod
292,hic,VIII,situs,hic,hic,O,ADV,situs,12,nsubj
292,situs,hic,est,sit,tus,O,NOUN,vixit,6,conj
292,est,situs,<END>,est,est,O,AUX,situs,12,cop
379,Dis,<START>,Manibus,Dis,Dis,O,NOUN,Manibus,2,case
379,Manibus,Dis,sacrum,Man,bus,O,PROPN,vixit,11,obl
379,sacrum,Manibus,Marcus,sac,rum,O,ADJ,Manibus,2,amod
379,Marcus,sacrum,Vettius,Mar,cus,B-PERS:PRAE,PROPN,curaverunt,25,nsubj
379,Vettius,Marcus,Marci,Vet,ius,B-PERS:NOMEN,PROPN,Lucius,19,flat:name
379,Marci,Vettius,filius,Mar,rci,B-PERS:FILI,PROPN,filius,7,nmod
379,filius,Marci,Papiria,fil,ius,I-PERS:FILI,NOUN,Marcus,4,appos
379,Papiria,filius,Rufus,Pap,ria,B-PERS:TRIBE,PROPN,vixit,11,obl
379,Rufus,Papiria,pius,Ruf,fus,B-PERS:COG,PROPN,Marcus,14,flat:name
379,pius,Rufus,vixit,piu,ius,O,ADJ,faciendum,24,xcomp
379,vixit,pius,annos,vix,xit,O,VERB,curaverunt,25,advcl
379,annos,vixit,XXXIIII,ann,nos,O,NOUN,vixit,11,obj
379,XXXIIII,annos,Marcus,XXX,III,O,NUM,annos,12,nummod
379,Marcus,XXXIIII,Vettius,Mar,cus,B-PERS:PRAE,PROPN,curaverunt,25,nsubj
379,Vettius,Marcus,Rufus,Vet,ius,B-PERS:NOMEN,PROPN,Lucius,19,flat:name
379,Rufus,Vettius,pater,Ruf,fus,B-PERS:COG,PROPN,Marcus,14,flat:name
379,pater,Rufus,et,pat,ter,O,NOUN,Marcus,14,appos
379,et,pater,Lucius,et,et,O,CCONJ,Lucius,19,cc
379,Lucius,et,Vettius,Luc,ius,B-PERS:PRAE,PROPN,Marcus,14,conj
379,Vettius,Lucius,Tenax,Vet,ius,B-PERS:NOMEN,PROPN,Lucius,19,flat:name
379,Tenax,Vettius,frater,Ten,nax,B-PERS:COG,ADJ,Lucius,19,flat:name
379,frater,Tenax,pius,fra,ter,O,NOUN,Lucius,19,appos
379,pius,frater,faciendum,piu,ius,O,ADJ,faciendum,24,xcomp
379,faciendum,pius,curaverunt,fac,dum,O,VERB,curaverunt,25,ccomp
379,curaverunt,faciendum,<END>,cur,unt,O,VERB,curaverunt,25,ROOT
890,Caius,<START>,Aullius,Cai,ius,B-PERS:PRAE,PROPN,curaverunt,23,nsubj
890,Aullius,Caius,Cilo,Aul,ius,B-PERS:NOMEN,PROPN,Caius,1,flat:name
890,Cilo,Aullius,Humanius,Cil,ilo,B-PERS:COG,PROPN,Caius,1,flat:name
890,Humanius,Cilo,praefectus,Hum,ius,B-PERS:AG,PROPN,Caius,1,flat:name
890,praefectus,Humanius,Titi,pra,tus,B-TITLE,NOUN,Marcus,11,appos
890,Titi,praefectus,Palfuri,Tit,iti,B-PERS:PRAE,PROPN,praefectus,5,nmod
890,Palfuri,Titi,Surae,Pal,uri,B-PERS:NOMEN,PROPN,Titi,6,flat:name
890,Surae,Palfuri,IIIIviri,Sur,rae,B-PERS:COG,PROPN,Titi,6,conj
890,IIIIviri,Surae,quinquennalis,III,iri,O,NUM,Titi,6,conj
890,quinquennalis,IIIIviri,Marcus,qui,lis,O,ADJ,Titi,6,nmod
890,Marcus,quinquennalis,Alfidius,Mar,cus,B-PERS:PRAE,PROPN,curaverunt,23,nsubj
890,Alfidius,Marcus,Philonicus,Alf,ius,B-PERS:NOMEN,PROPN,Marcus,11,flat:name
890,Philonicus,Alfidius,praefectus,Phi,cus,B-PERS:COG,PROPN,Marcus,11,amod
890,praefectus,Philonicus,lege,pra,tus,B-TITLE,NOUN,Marcus,11,appos
890,lege,praefectus,Petronia,leg,ege,O,NOUN,praefectus,14,obl
890,Petronia,lege,censoria,Pet,nia,O,PROPN,lege,15,amod
890,censoria,Petronia,potestate,cen,ria,O,ADJ,potestate,18,amod
890,potestate,censoria,ex,pot,ate,O,NOUN,curaverunt,23,obl
890,ex,potestate,senatus,ex,ex,O,ADP,consulto,21,case
890,senatus,ex,consulto,sen,tus,O,NOUN,consulto,21,nmod
890,consulto,senatus,faciundum,con,lto,O,NOUN,faciundum,22,obl
890,faciundum,consulto,curaverunt,fac,dum,O,VERB,curaverunt,23,ccomp
890,curaverunt,faciundum,idemque,cur,unt,O,VERB,curaverunt,23,ROOT
890,idemque,curaverunt,probaverunt,ide,que,O,DET,,-1,
890,probaverunt,idemque,<END>,pro,unt,O,VERB,curaverunt,23,conj
630,Dis,<START>,Manibus,Dis,Dis,O,NOUN,Manibus,2,case
630,Manibus,Dis,Mettiae,Man,bus,O,PROPN,vixit,7,obl
630,Mettiae,Manibus,Valerianae,Met,iae,B-PERS:NOMEN,PROPN,Manibus,2,nmod
630,Valerianae,Mettiae,uxori,Val,nae,B-PERS:COG,ADJ,uxori,5,amod
630,uxori,Valerianae,incomparabili,uxo,ori,O,NOUN,Mettiae,3,appos
630,incomparabili,uxori,vixit,inc,ili,O,ADJ,Manibus,2,amod
630,vixit,incomparabili,annos,vix,xit,O,VERB,vixit,7,ROOT
630,annos,vixit,Neratius,ann,nos,O,NOUN,vixit,7,obl
630,Neratius,annos,Orph,Ner,ius,B-PERS:NOMEN,PROPN,vixit,7,advcl:pred
630,Orph,Neratius,aeus,Orp,rph,B-PERS:COG,PROPN,Neratius,9,conj
630,aeus,Orph,maritus,aeu,eus,O,NOUN,Neratius,9,conj
630,maritus,aeus,<END>,mar,tus,O,ADJ,aeus,11,appos
358,Dis,<START>,Manibus,Dis,Dis,O,NOUN,Manibus,2,case
358,Manibus,Dis,Aurelius,Man,bus,O,PROPN,posuit,22,obl
358,Aurelius,Manibus,Mahestinus,Aur,ius,B-PERS:PRAE,PROPN,Manibus,2,flat:name
358,Mahestinus,Aurelius,Marino,Mah,nus,B-PERS:NOMEN,PROPN,Aurelius,3,flat:name
358,Marino,Mahestinus,qui,Mar,ino,B-PERS:COG,PROPN,Manibus,2,flat:name
358,qui,Marino,vixit,qui,qui,O,PUNCT,vixit,7,nsubj
358,vixit,qui,in,vix,xit,O,VERB,Marino,5,acl:relcl
358,in,vixit,saeculo,in,in,O,ADP,saeculo,9,case
358,saeculo,in,annos,sae,ulo,O,NOUN,vixit,7,obl
358,annos,saeculo,XL,ann,nos,O,NOUN,vixit,7,obl
358,XL,annos,menses,XL,XL,O,NUM,menses,12,nummod
358,menses,XL,VI,men,ses,O,NOUN,Manibus,2,appos
358,VI,menses,dies,VI,VI,O,NUM,menses,12,nummod
358,dies,VI,XIIII,die,ies,O,X,Manibus,2,appos
358,XIIII,dies,Valeria,XII,III,O,NUM,dies,14,nummod
358,Valeria,XIIII,Maximina,Val,ria,B-PERS:NOMEN,PROPN,posuit,22,nsubj
358,Maximina,Valeria,coniugi,Max,ina,B-PERS:COG,PROPN,Valeria,16,flat:name
358,coniugi,Maximina,dulcissimo,con,ugi,O,NOUN,posuit,22,obl:arg
358,dulcissimo,coniugi,contra,dul,imo,O,ADJ,coniugi,18,amod
358,contra,dulcissimo,votum,con,tra,O,ADV,votum,21,case
358,votum,contra,posuit,vot,tum,O,NOUN,posuit,22,obl
358,posuit,votum,<END>,pos,uit,O,VERB,posuit,22,ROOT
713,doro,<START>,qui,dor,oro,O,VERB,doro,1,ROOT
713,qui,doro,vixit,qui,qui,O,PUNCT,vixit,3,nsubj
713,vixit,qui,plus,vix,xit,O,VERB,doro,1,csubj
713,plus,vixit,minus,plu,lus,O,ADV,minus,5,advmod
713,minus,plus,Octobres,min,nus,O,ADV,doro,1,advmod
713,Octobres,minus,<END>,Oct,res,O,ADJ,minus,5,nmod
621,Dis,<START>,Manibus,Dis,Dis,O,NOUN,Manibus,2,case
621,Manibus,Dis,sacrum,Man,bus,O,PROPN,Manibus,2,ROOT
621,sacrum,Manibus,Tito,sac,rum,O,ADJ,Manibus,2,amod
621,Tito,sacrum,Cassio,Tit,ito,B-PERS:PRAE,PROPN,sacrum,3,nmod
621,Cassio,Tito,Valerio,Cas,sio,B-PERS:NOMEN,PROPN,Tito,4,flat:name
621,Valerio,Cassio,Epidiano,Val,rio,B-PERS:COG,PROPN,Tito,4,flat:name
621,Epidiano,Valerio,qui,Epi,ano,B-PERS:AG,PROPN,Tito,4,flat:name
621,qui,Epidiano,vixit,qui,qui,O,PUNCT,vixit,9,nsubj
621,vixit,qui,annos,vix,xit,O,VERB,Tito,4,acl:relcl
621,annos,vixit,XV,ann,nos,O,NOUN,vixit,9,obl
621,XV,annos,menses,XV,XV,O,NUM,menses,12,nummod
621,menses,XV,XI,men,ses,O,NOUN,vixit,9,obl
621,XI,menses,dies,XI,XI,O,NUM,vixit,9,obl
621,dies,XI,XXVII,die,ies,O,X,vixit,9,obl
621,XXVII,dies,Valerius,XXV,VII,O,NUM,dies,14,nummod
621,Valerius,XXVII,Marcianus,Val,ius,B-PERS:NOMEN,PROPN,Tito,4,conj
621,Marcianus,Valerius,et,Mar,nus,B-PERS:COG,PROPN,Valerius,16,amod
621,et,Marcianus,Epidia,et,et,O,CCONJ,Epidia,19,cc
621,Epidia,et,Tatta,Epi,dia,B-PERS:NOMEN,PROPN,Valerius,16,conj
621,Tatta,Epidia,parentes,Tat,tta,B-PERS:COG,X,Epidia,19,flat
621,parentes,Tatta,filio,par,tes,O,NOUN,Valerius,16,appos
621,filio,parentes,pientissimo,fil,lio,O,NOUN,Valerius,16,appos
621,pientissimo,filio,<END>,pie,imo,O,ADJ,filio,22,amod
519,Dis,<START>,Manibus,Dis,Dis,O,NOUN,Manibus,2,case
519,Manibus,Dis,sacrum,Man,bus,O,PROPN,Manibus,2,ROOT
519,sacrum,Manibus,elis,sac,rum,O,ADJ,Manibus,2,amod
519,elis,sacrum,Axati,eli,lis,O,NOUN,sacrum,3,conj
519,Axati,elis,EIN,Axa,ati,O,PROPN,sacrum,3,conj
519,EIN,Axati,annorum,EIN,EIN,O,VERB,Manibus,2,nmod
519,annorum,EIN,<END>,ann,rum,O,NOUN,EIN,6,nmod
663,Imperator,<START>,II,Imp,tor,B-TITLE,NOUN,Marcus,3,dislocated
663,II,Imperator,Marcus,II,II,O,NUM,imperator,8,nummod
663,Marcus,II,Aurelius,Mar,cus,B-PERS:PRAE,PROPN,Marcus,3,ROOT
663,Aurelius,Marcus,Antoninus,Aur,ius,B-PERS:NOMEN,PROPN,Lucius,10,flat:name
663,Antoninus,Aurelius,Pius,Ant,nus,B-PERS:COG,PROPN,Marcus,3,flat:name
663,Pius,Antoninus,et,Piu,ius,B-PERS:AG,ADJ,Antoninus,5,flat:name
663,et,Pius,imperator,et,et,O,CCONJ,imperator,8,cc
663,imperator,et,II,imp,tor,B-TITLE,NOUN,Antoninus,5,conj
663,II,imperator,Lucius,II,II,O,NUM,imperator,8,nummod
663,Lucius,II,Aurelius,Luc,ius,B-PERS:PRAE,PROPN,Marcus,3,conj
663,Aurelius,Lucius,Verus,Aur,ius,B-PERS:NOMEN,PROPN,Lucius,10,flat:name
663,Verus,Aurelius,VII,Ver,rus,B-PERS:COG,ADV,Marcus,3,conj
663,VII,Verus,<END>,VII,VII,O,NUM,Marcus,3,conj
551,Dis,<START>,Manibus,Dis,Dis,O,NOUN,Manibus,2,case
551,Manibus,Dis,Caio,Man,bus,O,PROPN,Manibus,2,ROOT
551,Caio,Manibus,Iuventio,Cai,aio,B-PERS:NOMEN,PROPN,Manibus,2,nmod
551,Iuventio,Caio,coniugi,Iuv,tio,B-PERS:COG,PROPN,Caio,3,flat:name
551,coniugi,Iuventio,carissimo,con,ugi,O,NOUN,Caio,3,appos
551,carissimo,coniugi,qui,car,imo,O,ADJ,Caio,3,amod
551,qui,carissimo,vixit,qui,qui,O,PUNCT,vixit,8,nsubj
551,vixit,qui,annos,vix,xit,O,VERB,Caio,3,acl:relcl
551,annos,vixit,menses,ann,nos,O,NOUN,vixit,8,obl
551,menses,annos,Ci,men,ses,O,NOUN,vixit,8,obl
551,Ci,menses,S,Ci,Ci,O,NOUN,Caio,3,amod
551,S,Ci,<END>,S,S,O,PUNCT,Caio,3,amod
103,iae,<START>,filiae,iae,iae,O,X,filiae,2,det
103,filiae,iae,llae,fil,iae,O,NOUN,filiae,2,ROOT
103,llae,filiae,imae,lla,lae,O,DET,filiae,2,appos
103,imae,llae,us,ima,mae,O,ADJ,filiae,2,amod
103,us,imae,Marci,us,us,O,X,filiae,2,appos
103,Marci,us,filius,Mar,rci,B-PERS:PRAE,PROPN,filius,7,nmod
103,filius,Marci,pius,fil,ius,O,NOUN,us,5,appos
103,pius,filius,d,piu,ius,O,ADJ,filius,7,amod
103,d,pius,<END>,d,d,O,ADP,us,5,appos
577,Caio,<START>,Caesari,Cai,aio,B-PERS:PRAE,PROPN,Caio,1,ROOT
577,Caesari,Caio,pontifici,Cae,ari,B-PERS:TITLE,PROPN,Caio,1,flat:name
577,pontifici,Caesari,maximo,pon,ici,B-TITLE,NOUN,Caio,1,appos
577,maximo,pontifici,imperatori,max,imo,I-TITLE,ADJ,imperatori,5,amod
577,imperatori,maximo,consuli,imp,ori,B-TITLE,NOUN,Caio,1,appos
577,consuli,imperatori,tertium,con,uli,B-TITLE,NOUN,Caio,1,appos
577,tertium,consuli,ex,ter,ium,O,ADJ,Caio,1,appos
577,ex,tertium,senatus,ex,ex,O,ADP,consulto,10,case
577,senatus,ex,consulto,sen,tus,O,NOUN,consulto,10,nmod
577,consulto,senatus,populus,con,lto,O,NOUN,tertium,7,nmod
577,populus,consulto,patrono,pop,lus,O,NOUN,Caio,1,conj
577,patrono,populus,<END>,pat,ono,O,NOUN,populus,11,obl
858,Magno,<START>,et,Mag,gno,O,NOUN,potestate,25,amod
858,et,Magno,Invicto,et,et,O,CCONJ,Invicto,3,cc
858,Invicto,et,Principi,Inv,cto,O,ADJ,Magno,1,conj
858,Principi,Invicto,domino,Pri,ipi,O,NOUN,Magno,1,conj
858,domino,Principi,nostro,dom,ino,O,NOUN,Magno,1,appos
858,nostro,domino,Imperatori,nos,tro,O,DET,domino,5,det
858,Imperatori,nostro,Caesari,Imp,ori,B-PERS:TITLE,NOUN,Magno,1,appos
858,Caesari,Imperatori,Flavio,Cae,ari,B-PERS:TITLE,PROPN,Magno,1,obl:arg
858,Flavio,Caesari,Valerio,Fla,vio,B-PERS:PRAE,PROPN,Caesari,8,flat
858,Valerio,Flavio,Constantino,Val,rio,B-PERS:NOMEN,PROPN,Flavio,9,flat:name
858,Constantino,Valerio,Pio,Con,ino,B-PERS:COG,PROPN,Caesari,8,flat
858,Pio,Constantino,Felici,Pio,Pio,B-PERS:AG,PROPN,Caesari,8,flat
858,Felici,Pio,semper,Fel,ici,B-PERS:AG,PROPN,Pio,12,flat:name
858,semper,Felici,Augusto,sem,per,B-PERS:AG,ADV,dicatissimus,47,advmod:tmod
858,Augusto,semper,pontifici,Aug,sto,B-PERS:TITLE,PROPN,Caesari,8,dep
858,pontifici,Augusto,maximo,pon,ici,B-PERS:TITLE,NOUN,Magno,1,conj
858,maximo,pontifici,Sarmatico,max,imo,I-PERS:TITLE,ADJ,Gothico,22,amod
858,Sarmatico,maximo,maximo,Sar,ico,B-PERS:TITLE,PROPN,Magno,1,conj
858,maximo,Sarmatico,Germanico,max,imo,I-PERS:TITLE,ADJ,Gothico,22,amod
858,Germanico,maximo,maximo,Ger,ico,B-PERS:AG,PROPN,Magno,1,conj
858,maximo,Germanico,Gothico,max,imo,B-PERS:AG,ADJ,Gothico,22,amod
858,Gothico,maximo,maximo,Got,ico,I-PERS:AG,ADJ,Magno,1,conj
858,maximo,Gothico,tribunicia,max,imo,B-PERS:AG,ADJ,Gothico,22,amod
858,tribunicia,maximo,potestate,tri,cia,I-PERS:AG,ADJ,potestate,25,amod
858,potestate,tribunicia,X,pot,ate,B-TITLE,NOUN,dicatissimus,47,obl
858,X,potestate,consuli,X,X,O,NUM,consuli,27,nummod
858,consuli,X,IIII,con,uli,B-TITLE,NOUN,dicatissimus,47,obl:arg
858,IIII,consuli,imperatori,III,III,O,NUM,consuli,27,nummod
858,imperatori,IIII,VIIII,imp,ori,B-TITLE,NOUN,consuli,27,conj
858,VIIII,imperatori,patri,VII,III,O,NUM,consuli,27,nummod
858,patri,VIIII,patriae,pat,tri,B-TITLE,NOUN,consuli,27,conj
858,patriae,patri,proconsuli,pat,iae,I-TITLE,ADJ,patri,31,nmod
858,proconsuli,patriae,Septimius,pro,uli,O,NOUN,patri,31,nmod
858,Septimius,proconsuli,Flavianus,Sep,ius,B-PERS:NOMEN,PROPN,consuli,27,dep
858,Flavianus,Septimius,vir,Fla,nus,B-PERS:COG,PROPN,Septimius,34,flat:name
858,vir,Flavianus,perfectissimus,vir,vir,O,VERB,consuli,27,appos
858,perfectissimus,vir,praeses,per,mus,O,ADJ,vir,36,amod
858,praeses,perfectissimus,provinciae,pra,ses,O,NOUN,consuli,27,appos
858,provinciae,praeses,Mauretaniae,pro,iae,O,NOUN,praeses,38,nmod
858,Mauretaniae,provinciae,Sitifensis,Mau,iae,B-LOC,PROPN,praeses,38,nmod
858,Sitifensis,Mauretaniae,Numini,Sit,sis,I-LOC,ADJ,consuli,27,conj
858,Numini,Sitifensis,maiestatique,Num,ini,O,NOUN,dicatissimus,47,obl:arg
858,maiestatique,Numini,eius,mai,que,O,ADJ,,-1,
858,eius,maiestatique,semper,eiu,ius,O,ADV,que,44,nmod
858,semper,eius,dicatissimus,sem,per,O,ADV,dicatissimus,47,advmod:tmod
858,dicatissimus,semper,<END>,dic,mus,O,ADJ,dicatissimus,47,ROOT
10,Marcus,<START>,Porcius,Mar,cus,B-PERS:PRAE,PROPN,annorum,7,nsubj
10,Porcius,Marcus,Marci,Por,ius,B-PERS:NOMEN,PROPN,Marcus,1,flat:name
10,Marci,Porcius,filius,Mar,rci,B-PERS:FILI,PROPN,filius,4,nmod
10,filius,Marci,Galeria,fil,ius,I-PERS:FILI,NOUN,Marcus,1,appos
10,Galeria,filius,Gallicus,Gal,ria,B-PERS:TRIBE,PROPN,Marcus,1,flat:name
10,Gallicus,Galeria,annorum,Gal,cus,B-PERS:COG,ADJ,Galeria,5,flat:name
10,annorum,Gallicus,XLV,ann,rum,O,NOUN,annorum,7,ROOT
10,XLV,annorum,hic,XLV,XLV,O,NUM,annorum,7,nummod
10,hic,XLV,situs,hic,hic,O,ADV,situs,10,nsubj
10,situs,hic,est,sit,tus,O,NOUN,annorum,7,conj
10,est,situs,sit,est,est,O,AUX,situs,10,aux:pass
10,sit,est,tibi,sit,sit,O,AUX,annorum,7,cop
10,tibi,sit,terra,tib,ibi,O,PRON,annorum,7,obl
10,terra,tibi,levis,ter,rra,O,NOUN,Marcus,1,appos
10,levis,terra,<END>,lev,vis,O,ADJ,terra,14,amod
75,Titus,<START>,Marius,Tit,tus,B-PERS:PRAE,PROPN,solverunt,10,nsubj
75,Marius,Titus,Aptus,Mar,ius,B-PERS:NOMEN,PROPN,Titus,1,flat:name
75,Aptus,Marius,Vercellensis,Apt,tus,B-PERS:COG,PROPN,Titus,1,appos
75,Vercellensis,Aptus,et,Ver,sis,B-PERS:AG,PROPN,Titus,1,conj
75,et,Vercellensis,Asiaticus,et,et,O,CCONJ,Asiaticus,6,cc
75,Asiaticus,et,Mari,Asi,cus,B-PERS:NOMEN,ADJ,Titus,1,conj
75,Mari,Asiaticus,Beleno,Mar,ari,B-PERS:COG,PROPN,Titus,1,flat:name
75,Beleno,Mari,votum,Bel,eno,O,PROPN,solverunt,10,advcl:pred
75,votum,Beleno,solverunt,vot,tum,O,NOUN,solverunt,10,obj
75,solverunt,votum,libentes,sol,unt,O,VERB,curaverunt,14,advcl
75,libentes,solverunt,animo,lib,tes,O,ADJ,curaverunt,14,advcl:pred
75,animo,libentes,ponendum,ani,imo,O,NOUN,libentes,11,obl
75,ponendum,animo,curaverunt,pon,dum,O,VERB,curaverunt,14,ccomp
75,curaverunt,ponendum,<END>,cur,unt,O,VERB,curaverunt,14,ROOT
952,Marcianus,<START>,veteranus,Mar,nus,B-PERS,PROPN,posuit,7,nsubj
952,veteranus,Marcianus,legionis,vet,nus,O,ADJ,Marcianus,1,amod
952,legionis,veteranus,I,leg,nis,O,NOUN,veteranus,2,nmod
952,I,legionis,Italicae,I,I,O,NUM,legionis,3,nmod
952,Italicae,I,votum,Ita,cae,O,ADJ,I,4,amod
952,votum,Italicae,posuit,vot,tum,O,NOUN,posuit,7,obj
952,posuit,votum,libens,pos,uit,O,VERB,posuit,7,ROOT
952,libens,posuit,merito,lib,ens,O,ADJ,posuit,7,dep
952,merito,libens,<END>,mer,ito,O,VERB,libens,8,obl
469,Memoriae,<START>,Flaviae,Mem,iae,O,NOUN,posuit,8,obl:arg
469,Flaviae,Memoriae,Victorinae,Fla,iae,B-PERS:NOMEN,PROPN,Memoriae,1,nmod
469,Victorinae,Flaviae,Titus,Vic,nae,B-PERS:COG,NOUN,Flaviae,2,flat:name
469,Titus,Victorinae,Tammonius,Tit,tus,B-PERS:PRAE,PROPN,posuit,8,nsubj
469,Tammonius,Titus,Victor,Tam,ius,B-PERS:NOMEN,PROPN,Titus,4,flat:name
469,Victor,Tammonius,coniunx,Vic,tor,B-PERS:COG,PROPN,Titus,4,flat:name
469,coniunx,Victor,posuit,con,unx,O,NOUN,posuit,8,xcomp
469,posuit,coniunx,<END>,pos,uit,O,VERB,posuit,8,ROOT
308,Sanctis,<START>,martyribus,San,tis,O,VERB,martyribus,2,amod
308,martyribus,Sanctis,Petro,mar,bus,O,NOUN,martyribus,2,ROOT
308,Petro,martyribus,ipso,Pet,tro,B-PERS,PROPN,martyribus,2,dep
308,ipso,Petro,qui,ips,pso,O,DET,Petro,3,det
308,qui,ipso,vixit,qui,qui,O,PUNCT,vixit,6,nsubj
308,vixit,qui,annos,vix,xit,O,VERB,Petro,3,acl:relcl
308,annos,vixit,X,ann,nos,O,NOUN,vixit,6,obl
308,X,annos,et,X,X,O,NUM,annos,7,nummod
308,et,X,passus,et,et,O,CCONJ,passus,10,cc
308,passus,et,est,pas,sus,O,NOUN,vixit,6,conj
308,est,passus,XIIII,est,est,O,AUX,passus,10,aux:pass
308,XIIII,est,Kalendas,XII,III,O,NUM,passus,10,nummod
308,Kalendas,XIIII,Februarias,Kal,das,O,NOUN,vixit,6,nmod
308,Februarias,Kalendas,<END>,Feb,ias,O,ADJ,Kalendas,13,amod
135,Claudiae,<START>,Eupatrae,Cla,iae,B-PERS:NOMEN,PROPN,Augusta,9,nmod
135,Eupatrae,Claudiae,HerPoidi,Eup,rae,B-PERS:COG,PROPN,Claudiae,1,flat:name
135,HerPoidi,Eupatrae,uxori,Her,idi,B-PERS:COG,PROPN,uxori,4,nmod
135,uxori,HerPoidi,Cai,uxo,ori,O,NOUN,Eupatrae,2,appos
135,Cai,uxori,Arrunti,Cai,Cai,B-PERS:PRAE,PROPN,tribus,8,nmod
135,Arrunti,Cai,Valentis,Arr,nti,B-PERS:NOMEN,PROPN,Cai,5,flat:name
135,Valentis,Arrunti,tribus,Val,tis,B-PERS:COG,VERB,Cai,5,flat:name
135,tribus,Valentis,Augusta,tri,bus,O,NUM,Augusta,9,dep
135,Augusta,tribus,<END>,Aug,sta,B-TITLE,PROPN,Augusta,9,ROOT
860,Di,<START>,is,Di,Di,O,NOUN,Manibus,3,case
860,is,Di,Manibus,is,is,O,PUNCT,Manibus,3,det
860,Manibus,is,Trebelliae,Man,bus,O,PROPN,fecerunt,6,obl
860,Trebelliae,Manibus,Elpidi,Tre,iae,B-PERS:NOMEN,NOUN,Myrtale,7,nmod
860,Elpidi,Trebelliae,fecerunt,Elp,idi,B-PERS:COG,PROPN,fecerunt,6,nsubj
860,fecerunt,Elpidi,Myrtale,fec,unt,O,VERB,fecerunt,6,ROOT
860,Myrtale,fecerunt,Veneria,Myr,ale,B-PERS,PROPN,fecerunt,6,obj
860,Veneria,Myrtale,et,Ven,ria,B-PERS,ADJ,Myrtale,7,conj
860,et,Veneria,Severa,et,et,O,CCONJ,Severa,10,cc
860,Severa,et,patronae,Sev,era,B-PERS,PROPN,Veneria,8,conj
860,patronae,Severa,bene,pat,nae,O,NOUN,Veneria,8,appos
860,bene,patronae,merenti,ben,ene,O,ADV,merenti,13,advmod
860,merenti,bene,<END>,mer,nti,O,ADJ,patronae,11,acl
885,Dis,<START>,Manibus,Dis,Dis,O,NOUN,Manibus,2,case
885,Manibus,Dis,Lucio,Man,bus,O,PROPN,Manibus,2,ROOT
885,Lucio,Manibus,Peregrinio,Luc,cio,B-PERS:PRAE,PROPN,Manibus,2,conj
885,Peregrinio,Lucio,Iustino,Per,nio,B-PERS:NOMEN,NOUN,Lucio,3,flat:name
885,Iustino,Peregrinio,filio,Ius,ino,B-PERS:COG,PROPN,Lucio,3,flat:name
885,filio,Iustino,soliti,fil,lio,O,NOUN,Lucio,3,appos
885,soliti,filio,<END>,sol,iti,O,VERB,Lucio,3,amod
245,Dis,<START>,Manibus,Dis,Dis,O,NOUN,Manibus,2,case
245,Manibus,Dis,Anthusae,Man,bus,O,PROPN,fecit,8,obl
245,Anthusae,Manibus,HiYppolytus,Ant,sae,B-PERS,PROPN,Manibus,2,nmod
245,HiYppolytus,Anthusae,coniugi,HiY,tus,O,PROPN,fecit,8,nsubj
245,coniugi,HiYppolytus,bene,con,ugi,O,NOUN,fecit,8,obl:arg
245,bene,coniugi,merenti,ben,ene,O,ADV,merenti,7,advmod
245,merenti,bene,fecit,mer,nti,O,ADJ,coniugi,5,acl
245,fecit,merenti,<END>,fec,cit,O,VERB,fecit,8,ROOT
642,Dis,<START>,Manibus,Dis,Dis,O,NOUN,Manibus,2,case
642,Manibus,Dis,Flavio,Man,bus,O,PROPN,Manibus,2,ROOT
642,Flavio,Manibus,annorum,Fla,vio,B-PERS,PROPN,Manibus,2,flat:name
642,annorum,Flavio,Titus,ann,rum,O,NOUN,Manibus,2,nmod
642,Titus,annorum,Flavius,Tit,tus,B-PERS:PRAE,PROPN,alae,8,nsubj
642,Flavius,Titus,Livi,Fla,ius,B-PERS:NOMEN,PROPN,Titus,5,flat:name
642,Livi,Flavius,alae,Liv,ivi,B-PERS:COG,PROPN,alae,8,nmod
642,alae,Livi,I,ala,lae,O,NOUN,Manibus,2,nmod
642,I,alae,contariorum,I,I,O,NUM,alae,8,dep
642,contariorum,I,miliariae,con,rum,O,NOUN,alae,8,amod
642,miliariae,contariorum,civium,mil,iae,O,NOUN,contariorum,10,conj
642,civium,miliariae,Romanorum,civ,ium,O,NOUN,contariorum,10,conj
642,Romanorum,civium,vivus,Rom,rum,O,PROPN,civium,12,amod
642,vivus,Romanorum,<END>,viv,vus,O,ADJ,alae,8,amod
210,Dis,<START>,Manibus,Dis,Dis,O,NOUN,Manibus,2,case
210,Manibus,Dis,Marcus,Man,bus,O,PROPN,vixit,6,obl
210,Marcus,Manibus,Clodius,Mar,cus,B-PERS:PRAE,PROPN,vixit,6,nsubj
210,Clodius,Marcus,Paltanus,Clo,ius,B-PERS:NOMEN,PROPN,Marcus,3,flat:name
210,Paltanus,Clodius,vixit,Pal,nus,B-PERS:COG,PROPN,Marcus,3,flat:name
210,vixit,Paltanus,annos,vix,xit,O,VERB,vixit,6,ROOT
210,annos,vixit,XXX,ann,nos,O,NOUN,vixit,6,obj
210,XXX,annos,hic,XXX,XXX,O,NUM,annos,7,nummod
210,hic,XXX,situs,hic,hic,O,ADV,situs,10,nsubj
210,situs,hic,est,sit,tus,O,NOUN,vixit,6,conj
210,est,situs,<END>,est,est,O,AUX,situs,10,aux:pass
268,Imperator,<START>,Caesar,Imp,tor,B-PERS:TITLE,NOUN,Imperator,1,ROOT
268,Caesar,Imperator,divi,Cae,sar,B-PERS:TITLE,PROPN,Imperator,1,flat
268,divi,Caesar,filius,div,ivi,B-PERS:FILI,VERB,filius,4,nmod
268,filius,divi,Augustus,fil,ius,I-PERS:FILI,NOUN,Imperator,1,appos
268,Augustus,filius,pontifex,Aug,tus,B-PERS:TITLE,PROPN,filius,4,flat
268,pontifex,Augustus,maximus,pon,fex,B-TITLE,NOUN,Imperator,1,appos
268,maximus,pontifex,consul,max,mus,I-TITLE,ADJ,consul,8,amod
268,consul,maximus,XI,con,sul,B-TITLE,NOUN,pontifex,6,xcomp
268,XI,consul,designatus,XI,XI,O,NUM,Imperator,1,nummod
268,designatus,XI,XII,des,tus,B-TITLE,VERB,XI,9,acl
268,XII,designatus,imperator,XII,XII,O,NUM,imperator,12,nummod
268,imperator,XII,XV,imp,tor,B-TITLE,NOUN,Imperator,1,conj
268,XV,imperator,tribunicia,XV,XV,O,NUM,Imperator,1,conj
268,tribunicia,XV,potestate,tri,cia,B-TITLE,ADJ,potestate,15,amod
268,potestate,tribunicia,XIIX,pot,ate,I-TITLE,NOUN,Imperator,1,nmod
268,XIIX,potestate,viam,XII,IIX,O,NUM,Imperator,1,nummod
268,viam,XIIX,Sebasten,via,iam,O,NOUN,fecit,26,obj
268,Sebasten,viam,curante,Seb,ten,O,PROPN,curante,19,nsubj
268,curante,Sebasten,Cornuto,cur,nte,O,VERB,fecit,26,advcl:abs
268,Cornuto,curante,Aquila,Cor,uto,B-PERS:NOMEN,PROPN,curante,19,nsubj
268,Aquila,Cornuto,legato,Aqu,ila,B-PERS:COG,PROPN,curante,19,nsubj
268,legato,Aquila,suo,leg,ato,B-TITLE,NOUN,curante,19,nsubj
268,suo,legato,pro,suo,suo,I-TITLE,PUNCT,legato,22,det
268,pro,suo,praetore,pro,pro,I-TITLE,ADP,praetore,25,case
268,praetore,pro,fecit,pra,ore,I-TITLE,NOUN,fecit,26,obl
268,fecit,praetore,XLV,fec,cit,O,VERB,Imperator,1,conj
268,XLV,fecit,<END>,XLV,XLV,O,NUM,fecit,26,obl
871,Dis,<START>,Manibus,Dis,Dis,O,NOUN,Manibus,2,case
871,Manibus,Dis,sacrum,Man,bus,O,PROPN,vixit,6,obl
871,sacrum,Manibus,Sesia,sac,rum,O,ADJ,vixit,6,xcomp
871,Sesia,sacrum,pia,Ses,sia,B-PERS:NOMEN,PROPN,vixit,6,nsubj
871,pia,Sesia,vixit,pia,pia,O,NOUN,Sesia,4,amod
871,vixit,pia,annos,vix,xit,O,VERB,vixit,6,ROOT
871,annos,vixit,XII,ann,nos,O,NOUN,vixit,6,obj
871,XII,annos,hic,XII,XII,O,NUM,annos,7,nummod
871,hic,XII,sita,hic,hic,O,ADV,sita,10,advmod:lmod
871,sita,hic,est,sit,ita,O,ADJ,vixit,6,conj
871,est,sita,<END>,est,est,O,AUX,sita,10,aux:pass
536,Samus,<START>,et,Sam,mus,B-PERS,PROPN,sculpserunt,6,nsubj
536,et,Samus,Severus,et,et,O,CCONJ,Severus,3,cc
536,Severus,et,Venicari,Sev,rus,B-PERS,PROPN,Samus,1,conj
536,Venicari,Severus,filii,Ven,ari,B-PERS,PROPN,Samus,1,appos
536,filii,Venicari,sculpserunt,fil,lii,I-PERS,NOUN,Venicari,4,appos
536,sculpserunt,filii,<END>,scu,unt,O,VERB,sculpserunt,6,ROOT
579,Claudio,<START>,Leoni,Cla,dio,B-PERS:NOMEN,PROPN,fecit,11,obl:arg
579,Leoni,Claudio,Savaria,Leo,oni,B-PERS:COG,PROPN,Claudio,1,nmod
579,Savaria,Leoni,veterano,Sav,ria,B-PERS:AG,NOUN,Leoni,2,flat:name
579,veterano,Savaria,legionis,vet,ano,O,ADJ,Claudio,1,amod
579,legionis,veterano,XV,leg,nis,O,NOUN,veterano,4,nmod
579,XV,legionis,Apollinaris,XV,XV,O,NUM,Apollinaris,7,nummod
579,Apollinaris,XV,Titus,Apo,ris,O,ADJ,fecit,11,dislocated
579,Titus,Apollinaris,Claudius,Tit,tus,B-PERS:PRAE,PROPN,fecit,11,nsubj
579,Claudius,Titus,Victor,Cla,ius,B-PERS:NOMEN,PROPN,Titus,8,flat:name
579,Victor,Claudius,fecit,Vic,tor,B-PERS:COG,PROPN,Titus,8,flat:name
579,fecit,Victor,<END>,fec,cit,O,VERB,fecit,11,ROOT
846,consuli,<START>,VI,con,uli,B-TITLE,NOUN,consuli,1,ROOT
846,VI,consuli,P,VI,VI,O,NUM,consuli,1,nummod
846,P,VI,IX,P,P,O,PUNCT,VI,2,conj
846,IX,P,P,IX,IX,O,NUM,P,3,nummod
846,P,IX,F,P,P,O,PUNCT,VI,2,conj
846,F,P,XII,F,F,O,NOUN,VI,2,conj
846,XII,F,pontifici,XII,XII,O,NUM,VI,2,conj
846,pontifici,XII,maximo,pon,ici,B-TITLE,NOUN,consuli,1,dep
846,maximo,pontifici,<END>,max,imo,I-TITLE,ADJ,pontifici,8,amod
969,Caius,<START>,Autronius,Cai,ius,B-PERS:PRAE,PROPN,Caius,1,conj
969,Autronius,Caius,Cai,Aut,ius,B-PERS:NOMEN,PROPN,Caius,6,flat:name
969,Cai,Autronius,libertus,Cai,Cai,B-PERS:FILI,PROPN,libertus,9,nmod
969,libertus,Cai,Demetrius,lib,tus,I-PERS:FILI,NOUN,Aulus,16,appos
969,Demetrius,libertus,Caius,Dem,ius,B-PERS:COG,PROPN,Caius,1,flat:name
969,Caius,Demetrius,Autronius,Cai,ius,B-PERS:PRAE,PROPN,Caius,1,conj
969,Autronius,Caius,Cai,Aut,ius,B-PERS:NOMEN,PROPN,Caius,6,flat:name
969,Cai,Autronius,libertus,Cai,Cai,B-PERS:FILI,PROPN,libertus,9,nmod
969,libertus,Cai,Sullaes,lib,tus,I-PERS:FILI,NOUN,Aulus,16,appos
969,Sullaes,libertus,Aulus,Sul,aes,B-PERS:COG,PROPN,Caius,6,appos
969,Aulus,Sullaes,Sulpicius,Aul,lus,B-PERS:PRAE,PROPN,Caius,1,conj
969,Sulpicius,Aulus,Auli,Sul,ius,B-PERS:NOMEN,PROPN,Aulus,16,flat:name
969,Auli,Sulpicius,libertus,Aul,uli,B-PERS:FILI,PROPN,libertus,19,nmod
969,libertus,Auli,Phallaeis,lib,tus,I-PERS:FILI,NOUN,Aulus,16,appos
969,Phallaeis,libertus,Aulus,Pha,eis,B-PERS:COG,PROPN,Aulus,11,obl
969,Aulus,Phallaeis,Sulpicius,Aul,lus,B-PERS:PRAE,PROPN,Caius,1,conj
969,Sulpicius,Aulus,Auli,Sul,ius,B-PERS:NOMEN,PROPN,Aulus,16,flat:name
969,Auli,Sulpicius,libertus,Aul,uli,B-PERS:FILI,PROPN,libertus,19,nmod
969,libertus,Auli,Antephanis,lib,tus,I-PERS:FILI,NOUN,Aulus,16,appos
969,Antephanis,libertus,in,Ant,nis,B-PERS:COG,PROPN,libertus,19,nmod
969,in,Antephanis,fronte,in,in,O,ADP,agro,26,case
969,fronte,in,pedes,fro,nte,O,NOUN,Caius,1,conj
969,pedes,fronte,XII,ped,des,O,X,pedes,23,conj
969,XII,pedes,in,XII,XII,O,NUM,pedes,23,nummod
969,in,XII,agro,in,in,O,ADP,agro,26,case
969,agro,in,pedes,agr,gro,O,NOUN,pedes,23,obl
969,pedes,agro,XV,ped,des,O,X,pedes,23,conj
969,XV,pedes,<END>,XV,XV,O,NUM,pedes,27,nummod
84,Sulpicius,<START>,Vepanus,Sul,ius,B-PERS:NOMEN,PROPN,posuerunt,12,nsubj
84,Vepanus,Sulpicius,et,Vep,nus,I-PERS,PROPN,Sulpicius,1,flat:name
84,et,Vepanus,Sulpicia,et,et,O,CCONJ,Silano,15,cc
84,Sulpicia,et,Pervinca,Sul,cia,B-PERS:NOMEN,ADJ,Sulpicius,1,conj
84,Pervinca,Sulpicia,conIiunx,Per,nca,I-PERS,PROPN,Sulpicia,4,flat:name
84,conIiunx,Pervinca,testamento,con,unx,O,NOUN,Sulpicia,4,appos
84,testamento,conIiunx,aedem,tes,nto,O,NOUN,conIiunx,6,obl
84,aedem,testamento,in,aed,dem,O,NOUN,posuerunt,12,obj
84,in,aedem,solo,in,in,O,ADP,solo,10,case
84,solo,in,Caesaris,sol,olo,O,PUNCT,aedem,8,det
84,Caesaris,solo,posuerunt,Cae,ris,O,PROPN,solo,10,nmod
84,posuerunt,Caesaris,Fusciano,pos,unt,O,VERB,posuerunt,12,ROOT
84,Fusciano,posuerunt,et,Fus,ano,B-PERS,PROPN,consulibus,17,nsubj
84,et,Fusciano,Silano,et,et,O,CCONJ,Silano,15,cc
84,Silano,et,II,Sil,ano,B-PERS,PROPN,Fusciano,13,conj
84,II,Silano,consulibus,II,II,O,NUM,Fusciano,13,flat:name
84,consulibus,II,III,con,bus,O,NOUN,posuerunt,12,advcl:abs
84,III,consulibus,Kalendas,III,III,O,NUM,posuerunt,12,obl
84,Kalendas,III,Apriles,Kal,das,O,NOUN,III,18,nmod
84,Apriles,Kalendas,libentes,Apr,les,O,ADJ,Kalendas,19,amod
84,libentes,Apriles,laeti,lib,tes,O,ADJ,posuerunt,12,conj
84,laeti,libentes,merito,lae,eti,O,ADJ,libentes,21,conj
84,merito,laeti,<END>,mer,ito,O,VERB,laeti,22,obl
41,Titi,<START>,Rausi,Tit,iti,B-PERS:PRAE,PROPN,Titi,1,ROOT
41,Rausi,Titi,Pamphili,Rau,usi,B-PERS:NOMEN,PROPN,Titi,1,flat:name
41,Pamphili,Rausi,ex,Pam,ili,B-PERS:COG,PROPN,Titi,1,flat:name
41,ex,Pamphili,figlinis,ex,ex,O,ADP,figlinis,5,case
41,figlinis,ex,Plotiae,fig,nis,O,ADJ,Titi,1,appos
41,Plotiae,figlinis,Isauricae,Plo,iae,O,PROPN,figlinis,5,nmod
41,Isauricae,Plotiae,Caepionianis,Isa,cae,O,PROPN,figlinis,5,appos
41,Caepionianis,Isauricae,<END>,Cae,nis,O,ADJ,Isauricae,7,amod
609,Imperator,<START>,Caesar,Imp,tor,B-PERS:TITLE,NOUN,refecit,15,nsubj
609,Caesar,Imperator,Commodus,Cae,sar,B-PERS:TITLE,PROPN,Imperator,1,flat
609,Commodus,Caesar,Antoninus,Com,dus,B-PERS:NOMEN,PROPN,Caesar,2,flat:name
609,Antoninus,Commodus,Augustus,Ant,nus,B-PERS:COG,PROPN,Caesar,2,flat:name
609,Augustus,Antoninus,pontifex,Aug,tus,B-PERS:TITLE,PROPN,Caesar,2,flat:name
609,pontifex,Augustus,maximus,pon,fex,B-TITLE,NOUN,Caesar,2,appos
609,maximus,pontifex,tribunicia,max,mus,I-TITLE,ADJ,potestate,9,amod
609,tribunicia,maximus,potestate,tri,cia,B-TITLE,ADJ,potestate,9,amod
609,potestate,tribunicia,VI,pot,ate,I-TITLE,NOUN,pontifex,6,nmod
609,VI,potestate,consul,VI,VI,O,NUM,consul,11,nummod
609,consul,VI,III,con,sul,B-TITLE,NOUN,Caesar,2,conj
609,III,consul,pater,III,III,O,NUM,consul,11,dep
609,pater,III,patriae,pat,ter,B-TITLE,NOUN,consul,11,appos
609,patriae,pater,refecit,pat,iae,I-TITLE,ADJ,pater,13,nmod
609,refecit,patriae,per,ref,cit,O,VERB,refecit,15,ROOT
609,per,refecit,Flavium,per,per,O,ADP,Flavium,17,case
609,Flavium,per,Iulium,Fla,ium,O,PROPN,refecit,15,obl
609,Iulium,Flavium,Frontonem,Iul,ium,O,PROPN,Flavium,17,flat:name
609,Frontonem,Iulium,legatum,Fro,nem,O,PROPN,Iulium,18,flat:name
609,legatum,Frontonem,Augusti,leg,tum,B-TITLE,NOUN,Flavium,17,appos
609,Augusti,legatum,pro,Aug,sti,I-TITLE,PROPN,legatum,20,nmod
609,pro,Augusti,praetore,pro,pro,I-TITLE,ADP,praetore,23,case
609,praetore,pro,passuum,pra,ore,I-TITLE,NOUN,refecit,15,obl
609,passuum,praetore,milia,pas,uum,O,NOUN,milia,25,nmod
609,milia,passuum,XXV,mil,lia,O,NUM,praetore,23,nummod
609,XXV,milia,<END>,XXV,XXV,O,NUM,praetore,23,nummod
593,defunctus,<START>,sub,def,tus,O,VERB,dormit,6,nsubj
593,sub,defunctus,die,sub,sub,O,ADP,die,3,case
593,die,sub,I,die,die,O,PUNCT,dormit,6,obl
593,I,die,Octobres,I,I,O,NUM,die,3,nummod
593,Octobres,I,dormit,Oct,res,O,ADJ,I,4,nmod
593,dormit,Octobres,<END>,dor,mit,O,VERB,dormit,6,ROOT
854,OPF,<START>,Quintus,OPF,OPF,O,NOUN,solvit,11,advmod:lmod
854,Quintus,OPF,N,Qui,tus,B-PERS:NOMEN,PROPN,OPF,1,dislocated
854,N,Quintus,Euticus,N,N,B-PERS:COG,PUNCT,Quintus,2,flat:name
854,Euticus,N,Quinti,Eut,cus,B-PERS:NOMEN,PROPN,N,3,flat:name
854,Quinti,Euticus,filius,Qui,nti,B-PERS:FILI,PROPN,filius,6,nmod
854,filius,Quinti,MR,fil,ius,I-PERS:FILI,NOUN,Quintus,2,appos
854,MR,filius,P,MR,MR,B-PERS:COG,PUNCT,P,8,dep
854,P,MR,C,P,P,O,PUNCT,OPF,1,dislocated
854,C,P,votum,C,C,O,PUNCT,P,8,flat:name
854,votum,C,solvit,vot,tum,O,NOUN,solvit,11,obj
854,solvit,votum,pie,sol,vit,O,VERB,solvit,11,ROOT
854,pie,solvit,feliciter,pie,pie,O,ADV,solvit,11,advmod
854,feliciter,pie,cum,fel,ter,O,ADV,solvit,11,advmod
854,cum,feliciter,suis,cum,cum,O,ADP,suis,15,case
854,suis,cum,<END>,sui,uis,O,DET,solvit,11,obl
584,Caio,<START>,Ofellio,Cai,aio,B-PERS:PRAE,PROPN,Caio,1,ROOT
584,Ofellio,Caio,Cai,Ofe,lio,B-PERS:NOMEN,PROPN,Caio,1,flat:name
584,Cai,Ofellio,liberto,Cai,Cai,B-PERS:FILI,PROPN,Caio,1,appos
584,liberto,Cai,Ianuario,lib,rto,I-PERS:FILI,NOUN,Cai,3,appos
584,Ianuario,liberto,Baryllia,Ian,rio,B-PERS:COG,ADJ,liberto,4,amod
584,Baryllia,Ianuario,Primigenia,Bar,lia,B-PERS:NOMEN,PROPN,Cai,3,flat:name
584,Primigenia,Baryllia,filio,Pri,nia,B-PERS:COG,PROPN,Cai,3,appos
584,filio,Primigenia,<END>,fil,lio,O,NOUN,Primigenia,7,appos
123,Novia,<START>,Cai,Nov,via,B-PERS:NOMEN,NOUN,liberta,3,amod
123,Cai,Novia,liberta,Cai,Cai,B-PERS:FILI,PROPN,liberta,3,nmod
123,liberta,Cai,Amoena,lib,rta,I-PERS:FILI,NOUN,sibi,5,vocative
123,Amoena,liberta,sibi,Amo,ena,B-PERS:COG,PROPN,liberta,3,flat
123,sibi,Amoena,et,sib,ibi,O,PRON,sibi,5,ROOT
123,et,sibi,suis,et,et,O,CCONJ,Lucio,9,cc
123,suis,et,et,sui,uis,O,DET,sibi,5,conj
123,et,suis,Lucio,et,et,O,CCONJ,Lucio,9,cc
123,Lucio,et,Lacellio,Luc,cio,B-PERS:PRAE,PROPN,sibi,5,conj
123,Lacellio,Lucio,Virillioni,Lac,lio,B-PERS:NOMEN,PROPN,Lucio,9,flat:name
123,Virillioni,Lacellio,<END>,Vir,oni,B-PERS:COG,PROPN,Lucio,9,nmod
414,Reliquiis,<START>,Synheti,Rel,iis,O,NOUN,dederunt,11,obl:arg
414,Synheti,Reliquiis,nutritoris,Syn,eti,B-PERS,PROPN,Reliquiis,1,nmod
414,nutritoris,Synheti,Pardi,nut,ris,B-PERS:FILI,NOUN,Synheti,2,nmod
414,Pardi,nutritoris,liberti,Par,rdi,I-PERS:FILI,PROPN,liberti,5,nmod
414,liberti,Pardi,et,lib,rti,I-PERS:FILI,NOUN,dederunt,11,nsubj
414,et,liberti,alumni,et,et,I-PERS:FILI,CCONJ,Flosculus,21,cc
414,alumni,et,sui,alu,mni,I-PERS:FILI,NOUN,liberti,5,conj
414,sui,alumni,ossuarias,sui,sui,I-PERS:FILI,DET,alumni,7,det
414,ossuarias,sui,duas,oss,ias,O,ADJ,dederunt,11,obj
414,duas,ossuarias,dederunt,dua,uas,O,NUM,ossuarias,9,nummod
414,dederunt,duas,et,ded,unt,O,VERB,dederunt,11,ROOT
414,et,dederunt,arulam,et,et,O,CCONJ,Flosculus,21,cc
414,arulam,et,dis,aru,lam,O,NOUN,consecraverunt,17,obj
414,dis,arulam,Manibus,dis,dis,O,X,consecraverunt,17,obl
414,Manibus,dis,eius,Man,bus,O,PROPN,dis,14,flat
414,eius,Manibus,consecraverunt,eiu,ius,O,ADV,Manibus,15,nmod
414,consecraverunt,eius,Iuli,con,unt,O,VERB,dederunt,11,conj
414,Iuli,consecraverunt,Florentinus,Iul,uli,B-PERS:PRAE,PROPN,consecraverunt,17,nsubj
414,Florentinus,Iuli,et,Flo,nus,B-PERS:NOMEN,PROPN,Iuli,18,flat:name
414,et,Florentinus,Flosculus,et,et,O,CCONJ,Flosculus,21,cc
414,Flosculus,et,<END>,Flo,lus,B-PERS,NOUN,Iuli,18,conj
241,Imperator,<START>,Caesar,Imp,tor,B-PERS:TITLE,NOUN,Imperator,1,ROOT
241,Caesar,Imperator,Marcus,Cae,sar,B-PERS:TITLE,PROPN,Imperator,1,nsubj
241,Marcus,Caesar,Aurelius,Mar,cus,B-PERS:PRAE,PROPN,Caesar,2,conj
241,Aurelius,Marcus,Severus,Aur,ius,B-PERS:NOMEN,PROPN,Marcus,3,flat:name
241,Severus,Aurelius,Antoninus,Sev,rus,B-PERS:COG,PROPN,Marcus,3,flat:name
241,Antoninus,Severus,Pius,Ant,nus,B-PERS:COG,PROPN,Marcus,3,conj
241,Pius,Antoninus,Felix,Piu,ius,B-PERS:AG,ADJ,Marcus,3,conj
241,Felix,Pius,Augustus,Fel,lix,B-PERS:AG,PROPN,Marcus,3,conj
241,Augustus,Felix,Parthicus,Aug,tus,B-PERS:TITLE,PROPN,Marcus,3,conj
241,Parthicus,Augustus,maximus,Par,cus,B-PERS:AG,ADJ,Marcus,3,flat:name
241,maximus,Parthicus,Britannicus,max,mus,I-PERS:AG,ADJ,pontifex,14,amod
241,Britannicus,maximus,maximus,Bri,cus,B-PERS:AG,PROPN,Caesar,2,conj
241,maximus,Britannicus,pontifex,max,mus,I-PERS:AG,ADJ,pontifex,14,amod
241,pontifex,maximus,maximus,pon,fex,B-PERS:AG,NOUN,Britannicus,12,xcomp
241,maximus,pontifex,tribunicia,max,mus,I-PERS:AG,ADJ,pontifex,14,amod
241,tribunicia,maximus,potestate,tri,cia,B-TITLE,ADJ,potestate,17,amod
241,potestate,tribunicia,XVI,pot,ate,I-TITLE,NOUN,maximus,15,obl
241,XVI,potestate,imperator,XVI,XVI,O,NUM,imperator,19,nummod
241,imperator,XVI,II,imp,tor,B-TITLE,NOUN,Caesar,2,conj
241,II,imperator,consul,II,II,O,NUM,consul,21,dep
241,consul,II,IIII,con,sul,B-TITLE,NOUN,imperator,19,conj
241,IIII,consul,proconsul,III,III,O,NUM,consul,21,dep
241,proconsul,IIII,per,pro,sul,B-TITLE,NOUN,imperator,19,appos
241,per,proconsul,Furnium,per,per,O,ADP,Furnium,25,case
241,Furnium,per,Iulianum,Fur,ium,O,PROPN,imperator,19,obl
241,Iulianum,Furnium,<END>,Iul,num,O,PROPN,Furnium,25,flat:name
724,Matronis,<START>,Vacallinehabus,Mat,nis,O,PROPN,solvit,6,dep
724,Vacallinehabus,Matronis,Antistius,Vac,bus,O,VERB,Matronis,1,amod
724,Antistius,Vacallinehabus,inus,Ant,ius,B-PERS:NOMEN,PROPN,solvit,6,nsubj
724,inus,Antistius,votum,inu,nus,B-PERS:COG,ADJ,solvit,6,advcl:pred
724,votum,inus,solvit,vot,tum,O,NOUN,solvit,6,obj
724,solvit,votum,libens,sol,vit,O,VERB,solvit,6,ROOT
724,libens,solvit,merito,lib,ens,O,ADJ,Antistius,3,amod
724,merito,libens,<END>,mer,ito,O,VERB,solvit,6,obl
610,Marco,<START>,Rubrio,Mar,rco,B-PERS:PRAE,PROPN,Marco,1,ROOT
610,Rubrio,Marco,Luci,Rub,rio,B-PERS:NOMEN,NOUN,Marco,1,flat:name
610,Luci,Rubrio,filio,Luc,uci,B-PERS:FILI,PROPN,filio,4,nmod
610,filio,Luci,Porculo,fil,lio,I-PERS:FILI,NOUN,Marco,1,appos
610,Porculo,filio,praetori,Por,ulo,B-PERS:COG,PROPN,Marco,1,flat:name
610,praetori,Porculo,aeIdili,pra,ori,B-TITLE,NOUN,aeIdili,7,nmod
610,aeIdili,praetori,quaestori,aeI,ili,B-TITLE,ADV,Marco,1,appos
610,quaestori,aeIdili,pontifici,qua,ori,B-TITLE,NOUN,Marco,1,conj
610,pontifici,quaestori,salio,pon,ici,O,NOUN,quaestori,8,nmod
610,salio,pontifici,municipes,sal,lio,O,NOUN,Marco,1,conj
610,municipes,salio,et,mun,pes,O,NOUN,Marco,1,conj
610,et,municipes,incolae,et,et,O,CCONJ,incolae,13,cc
610,incolae,et,<END>,inc,lae,O,NOUN,municipes,11,conj
767,Dianae,<START>,sacrum,Dia,nae,O,PROPN,laccius,3,nmod
767,sacrum,Dianae,laccius,sac,rum,O,ADJ,Dianae,1,amod
767,laccius,sacrum,filius,lac,ius,B-PERS,ADJ,filius,4,nsubj
767,filius,laccius,us,fil,ius,O,NOUN,posuit,8,nsubj
767,us,filius,veteranus,us,us,O,X,posuit,8,obj
767,veteranus,us,legionis,vet,nus,O,ADJ,us,5,acl
767,legionis,veteranus,posuit,leg,nis,O,NOUN,us,5,nmod
767,posuit,legionis,<END>,pos,uit,O,VERB,posuit,8,ROOT
191,A,<START>,NI,A,A,O,ADP,NI,2,case
191,NI,A,I,NI,NI,O,NUM,NI,2,ROOT
191,I,NI,Augustus,I,I,O,NUM,NI,2,flat:name
191,Augustus,I,pontifex,Aug,tus,B-TITLE,PROPN,NI,2,flat:name
191,pontifex,Augustus,maximus,pon,fex,B-TITLE,NOUN,Augustus,4,appos
191,maximus,pontifex,tribunicia,max,mus,I-TITLE,ADJ,pontifex,5,amod
191,tribunicia,maximus,potestate,tri,cia,B-TITLE,ADJ,potestate,8,amod
191,potestate,tribunicia,XIII,pot,ate,I-TITLE,NOUN,maximus,6,obl
191,XIII,potestate,imperator,XII,III,O,NUM,pater,12,nummod
191,imperator,XIII,XIII,imp,tor,B-TITLE,NOUN,NI,2,conj
191,XIII,imperator,pater,XII,III,O,NUM,pater,12,nummod
191,pater,XIII,patriae,pat,ter,B-TITLE,NOUN,imperator,10,conj
191,patriae,pater,milia,pat,iae,I-TITLE,ADJ,pater,12,nmod
191,milia,patriae,a,mil,lia,O,NUM,imperator,10,nummod
191,a,milia,Zelis,a,a,O,ADP,Zelis,16,case
191,Zelis,a,<END>,Zel,lis,B-LOC,PROPN,milia,14,obl:agent
83,Hic,<START>,situs,Hic,Hic,O,ADV,situs,2,det
83,situs,Hic,est,sit,tus,O,NOUN,depositus,7,nsubj:pass
83,est,situs,sacrarius,est,est,O,AUX,depositus,7,aux:pass
83,sacrarius,est,sancti,sac,ius,O,ADJ,Nicantcasi,6,amod
83,sancti,sacrarius,Nicantcasi,san,cti,B-PERS,ADJ,Nicantcasi,6,amod
83,Nicantcasi,sancti,depositus,Nic,asi,I-PERS,PROPN,depositus,7,obl
83,depositus,Nicantcasi,die,dep,tus,O,VERB,depositus,7,ROOT
83,die,depositus,VIII,die,die,O,PUNCT,depositus,7,obl
83,VIII,die,Nonas,VII,III,O,NUM,die,8,nummod
83,Nonas,VIII,<END>,Non,nas,O,NOUN,VIII,9,nmod
521,Fortunae,<START>,sacrum,For,nae,O,PROPN,sacrum,2,nmod
521,sacrum,Fortunae,Valeria,sac,rum,O,ADJ,solvit,7,obj
521,Valeria,sacrum,Sotera,Val,ria,B-PERS:NOMEN,PROPN,sacrum,2,nsubj
521,Sotera,Valeria,votum,Sot,era,B-PERS:COG,PROPN,solvit,7,nsubj
521,votum,Sotera,libens,vot,tum,O,NOUN,solvit,7,obj
521,libens,votum,solvit,lib,ens,O,ADJ,solvit,7,xcomp
521,solvit,libens,<END>,sol,vit,O,VERB,solvit,7,ROOT
877,Furiae,<START>,Sabiniae,Fur,iae,B-PERS:PRAE,PROPN,decurionum,20,nmod
877,Sabiniae,Furiae,Tranquillinae,Sab,iae,B-PERS:NOMEN,PROPN,Furiae,1,amod
877,Tranquillinae,Sabiniae,sanctissimae,Tra,nae,B-PERS:COG,ADJ,Furiae,1,appos
877,sanctissimae,Tranquillinae,Augustae,san,mae,B-PERS:AG,ADJ,coniugi,6,amod
877,Augustae,sanctissimae,coniugi,Aug,tae,B-PERS:TITLE,PROPN,domini,7,amod
877,coniugi,Augustae,domini,con,ugi,O,NOUN,Furiae,1,appos
877,domini,coniugi,nostri,dom,ini,O,ADJ,municipes,17,nmod
877,nostri,domini,Imperatoris,nos,tri,O,DET,domini,7,det
877,Imperatoris,nostri,Caesaris,Imp,ris,B-PERS:TITLE,NOUN,domini,7,nmod
877,Caesaris,Imperatoris,Marci,Cae,ris,B-PERS:TITLE,PROPN,domini,7,nmod
877,Marci,Caesaris,Antoni,Mar,rci,B-PERS:PRAE,PROPN,domini,7,conj
877,Antoni,Marci,Gordiani,Ant,oni,B-PERS:NOMEN,PROPN,domini,7,conj
877,Gordiani,Antoni,Pii,Gor,ani,B-PERS:COG,PROPN,Antoni,12,flat:name
877,Pii,Gordiani,Felicis,Pii,Pii,B-PERS:AG,PROPN,municipes,17,nmod
877,Felicis,Pii,Augusti,Fel,cis,B-PERS:AG,ADJ,Pii,14,flat:name
877,Augusti,Felicis,municipes,Aug,sti,B-PERS:TITLE,PROPN,Pii,14,flat:name
877,municipes,Augusti,Eborenses,mun,pes,O,NOUN,coniugi,6,appos
877,Eborenses,municipes,decreto,Ebo,ses,O,PROPN,Furiae,1,amod
877,decreto,Eborenses,decurionum,dec,eto,O,NOUN,decreto,19,ROOT
877,decurionum,decreto,<END>,dec,num,O,NOUN,decreto,19,nmod
806,Nunnio,<START>,procuratori,Nun,nio,B-PERS,PROPN,Nunnio,1,ROOT
806,procuratori,Nunnio,Augusti,pro,ori,B-TITLE,NOUN,Nunnio,1,nmod
806,Augusti,procuratori,nostri,Aug,sti,I-TITLE,PROPN,procuratori,2,nmod
806,nostri,Augusti,praesidi,nos,tri,O,DET,procuratori,2,det
806,praesidi,nostri,iustissimo,pra,idi,O,NOUN,Nunnio,1,appos
806,iustissimo,praesidi,et,ius,imo,O,ADJ,praesidi,5,amod
806,et,iustissimo,innocentissimo,et,et,O,CCONJ,o,9,advmod:emph
806,innocentissimo,et,o,inn,imo,O,ADJ,iustissimo,6,conj
806,o,innocentissimo,et,o,o,O,PUNCT,Aese,11,advmod:emph
806,et,o,Aese,et,et,O,CCONJ,o,9,advmod:emph
806,Aese,et,tissima,Aes,ese,O,PROPN,Nunnio,1,appos
806,tissima,Aese,<END>,tis,ima,O,ADJ,Aese,11,amod
784,pridie,<START>,Idus,pri,die,O,ADV,annos,3,case
784,Idus,pridie,annos,Idu,dus,O,NOUN,pridie,1,nmod
784,annos,Idus,III,ann,nos,O,NOUN,annos,3,ROOT
784,III,annos,menses,III,III,O,NUM,Valentiniano,10,flat
784,menses,III,III,men,ses,O,NOUN,annos,3,appos
784,III,menses,Theodosio,III,III,O,NUM,Valentiniano,10,flat
784,Theodosio,III,XIII,The,sio,B-PERS,PROPN,conssulibus,12,nsubj
784,XIII,Theodosio,et,XII,III,O,NUM,Theodosio,7,nummod
784,et,XIII,Valentiniano,et,et,O,CCONJ,Valentiniano,10,cc
784,Valentiniano,et,III,Val,ano,B-PERS,PROPN,Theodosio,7,conj
784,III,Valentiniano,conssulibus,III,III,O,NUM,Valentiniano,10,flat
784,conssulibus,III,<END>,con,bus,O,ADJ,annos,3,conj
515,Tito,<START>,Luscio,Tit,ito,B-PERS:PRAE,PROPN,dant,25,obl
515,Luscio,Tito,Titi,Lus,cio,B-PERS:NOMEN,VERB,Tito,1,flat:name
515,Titi,Luscio,liberto,Tit,iti,B-PERS:FILI,PROPN,Lusciae,6,flat:name
515,liberto,Titi,Parnaceni,lib,rto,I-PERS:FILI,NOUN,Titi,3,appos
515,Parnaceni,liberto,Lusciae,Par,eni,B-PERS:COG,NOUN,liberto,4,nmod
515,Lusciae,Parnaceni,Titi,Lus,iae,B-PERS:NOMEN,PROPN,Tito,1,flat:name
515,Titi,Lusciae,libertae,Tit,iti,B-PERS:FILI,PROPN,Lusciae,6,flat:name
515,libertae,Titi,Montanae,lib,tae,I-PERS:FILI,NOUN,Titi,7,appos
515,Montanae,libertae,Titus,Mon,nae,B-PERS:COG,PROPN,libertae,8,nmod
515,Titus,Montanae,Attius,Tit,tus,B-PERS:PRAE,PROPN,Tito,1,flat
515,Attius,Titus,mulieris,Att,ius,B-PERS:NOMEN,PROPN,Titus,10,flat:name
515,mulieris,Attius,libertus,mul,ris,B-PERS:FILI,NOUN,libertus,19,nmod
515,libertus,mulieris,Auctus,lib,tus,I-PERS:FILI,NOUN,Titus,16,appos
515,Auctus,libertus,coniugi,Auc,tus,B-PERS:COG,VERB,Titus,10,acl
515,coniugi,Auctus,Titus,con,ugi,O,NOUN,Auctus,14,obl:arg
515,Titus,coniugi,Luscius,Tit,tus,B-PERS:PRAE,PROPN,Tito,1,flat
515,Luscius,Titus,mulieris,Lus,ius,B-PERS:NOMEN,PROPN,Titus,16,flat:name
515,mulieris,Luscius,libertus,mul,ris,B-PERS:FILI,NOUN,libertus,19,nmod
515,libertus,mulieris,Corumbus,lib,tus,I-PERS:FILI,NOUN,Titus,16,appos
515,Corumbus,libertus,patronae,Cor,bus,B-PERS:COG,PROPN,Tito,1,conj
515,patronae,Corumbus,pro,pat,nae,O,NOUN,dant,25,vocative
515,pro,patronae,merit,pro,pro,O,ADP,merit,23,case
515,merit,pro,eis,mer,rit,O,VERB,dant,25,obl
515,eis,merit,dant,eis,eis,O,PRON,dant,25,obl:arg
515,dant,eis,ub,dan,ant,O,VERB,dant,25,ROOT
515,ub,dant,ei,ub,ub,O,CCONJ,quiescant,30,cc
515,ei,ub,eorum,ei,ei,O,PUNCT,quiescant,30,obl:arg
515,eorum,ei,ossa,eor,rum,O,PRON,ossa,29,nmod
515,ossa,eorum,quiescant,oss,ssa,O,NOUN,quiescant,30,nsubj
515,quiescant,ossa,<END>,qui,ant,O,VERB,dant,25,conj
489,Mercurio,<START>,sacrum,Mer,rio,O,PROPN,solverunt,8,nsubj
489,sacrum,Mercurio,Flavi,sac,rum,O,ADJ,solverunt,8,obj
489,Flavi,sacrum,Ubtio,Fla,avi,B-PERS:PRAE,PROPN,sacrum,2,nmod
489,Ubtio,Flavi,Avitus,Ubt,tio,B-PERS:NOMEN,PROPN,Flavi,3,flat:name
489,Avitus,Ubtio,Maximus,Avi,tus,B-PERS:COG,PROPN,solverunt,8,nsubj
489,Maximus,Avitus,votum,Max,mus,B-PERS:AG,PROPN,Avitus,5,amod
489,votum,Maximus,solverunt,vot,tum,O,NOUN,solverunt,8,obj
489,solverunt,votum,libentes,sol,unt,O,VERB,solverunt,8,ROOT
489,libentes,solverunt,laeti,lib,tes,O,ADJ,solverunt,8,advcl:pred
489,laeti,libentes,merito,lae,eti,O,ADJ,solverunt,8,conj
489,merito,laeti,<END>,mer,ito,O,VERB,laeti,10,obl
848,Dis,<START>,Manibus,Dis,Dis,O,NOUN,Manibus,2,case
848,Manibus,Dis,Publio,Man,bus,O,PROPN,Manibus,2,ROOT
848,Publio,Manibus,Pomponio,Pub,lio,B-PERS:PRAE,PROPN,Manibus,2,conj
848,Pomponio,Publio,Epipodio,Pom,nio,B-PERS:NOMEN,PROPN,Publio,3,flat:name
848,Epipodio,Pomponio,Laurentis,Epi,dio,B-PERS:COG,PROPN,Publio,3,flat:name
848,Laurentis,Epipodio,Lavinatis,Lau,tis,B-LOC,ADJ,Publio,3,nmod
848,Lavinatis,Laurentis,ob,Lav,tis,I-LOC,ADJ,Laurentis,6,amod
848,ob,Lavinatis,eximiam,ob,ob,O,ADP,pietatem,12,case
848,eximiam,ob,in,exi,iam,O,ADJ,pietatem,12,amod
848,in,eximiam,se,in,in,O,ADP,se,11,case
848,se,in,pietatem,se,se,O,PRON,pietatem,12,det
848,pietatem,se,eius,pie,tem,O,NOUN,Caius,14,orphan
848,eius,pietatem,Caius,eiu,ius,O,ADV,pietatem,12,nmod
848,Caius,eius,Iulius,Cai,ius,B-PERS:PRAE,PROPN,Manibus,2,conj
848,Iulius,Caius,Iustus,Iul,ius,B-PERS:NOMEN,PROPN,Caius,14,flat:name
848,Iustus,Iulius,filio,Ius,tus,B-PERS:COG,PROPN,Caius,14,flat:name
848,filio,Iustus,naturali,fil,lio,O,NOUN,Caius,14,appos
848,naturali,filio,<END>,nat,ali,O,PUNCT,filio,17,amod
673,Iulia,<START>,Tiberi,Iul,lia,B-PERS:NOMEN,PROPN,pedes,7,nsubj
673,Tiberi,Iulia,liberta,Tib,eri,B-PERS:FILI,PROPN,liberta,3,nmod
673,liberta,Tiberi,Helpis,lib,rta,I-PERS:FILI,NOUN,Iulia,1,appos
673,Helpis,liberta,in,Hel,pis,B-PERS:COG,VERB,Iulia,1,nmod
673,in,Helpis,fronte,in,in,O,ADP,agro,10,case
673,fronte,in,pedes,fro,nte,O,NOUN,Iulia,1,orphan
673,pedes,fronte,XVI,ped,des,O,X,pedes,7,dep
673,XVI,pedes,in,XVI,XVI,O,NUM,pedes,7,nummod
673,in,XVI,agro,in,in,O,ADP,agro,10,case
673,agro,in,pedes,agr,gro,O,NOUN,pedes,7,nmod
673,pedes,agro,XL,ped,des,O,X,pedes,7,dep
673,XL,pedes,<END>,XL,XL,O,NUM,pedes,11,nummod
59,Imperator,<START>,Caesar,Imp,tor,B-PERS:TITLE,NOUN,Caesar,2,dislocated
59,Caesar,Imperator,Marcus,Cae,sar,B-PERS:TITLE,PROPN,Caesar,2,ROOT
59,Marcus,Caesar,Aurelius,Mar,cus,B-PERS:PRAE,PROPN,Caesar,2,conj
59,Aurelius,Marcus,Severus,Aur,ius,B-PERS:NOMEN,PROPN,Marcus,3,flat:name
59,Severus,Aurelius,Antoninus,Sev,rus,B-PERS:COG,PROPN,Marcus,3,conj
59,Antoninus,Severus,Pius,Ant,nus,B-PERS:AG,PROPN,Marcus,3,conj
59,Pius,Antoninus,Felix,Piu,ius,B-PERS:AG,ADJ,Marcus,3,conj
59,Felix,Pius,Augustus,Fel,lix,B-PERS:AG,PROPN,Marcus,3,conj
59,Augustus,Felix,Parthicus,Aug,tus,B-PERS:TITLE,PROPN,Marcus,3,conj
59,Parthicus,Augustus,maximus,Par,cus,B-PERS:AG,ADJ,Marcus,3,flat:name
59,maximus,Parthicus,Britannicus,max,mus,I-PERS:AG,ADJ,pontifex,14,amod
59,Britannicus,maximus,maximus,Bri,cus,B-PERS:AG,PROPN,Caesar,2,conj
59,maximus,Britannicus,pontifex,max,mus,I-PERS:AG,ADJ,pontifex,14,amod
59,pontifex,maximus,maximus,pon,fex,B-TITLE,NOUN,Britannicus,12,appos
59,maximus,pontifex,<END>,max,mus,I-TITLE,ADJ,pontifex,14,amod
322,Parthici,<START>,filius,Par,ici,B-PERS,ADJ,filius,2,nmod
322,filius,Parthici,tribunicia,fil,ius,O,NOUN,filius,2,ROOT
322,tribunicia,filius,potestate,tri,cia,B-TITLE,ADJ,potestate,4,amod
322,potestate,tribunicia,X,pot,ate,I-TITLE,NOUN,filius,2,obl
322,X,potestate,<END>,X,X,O,NUM,potestate,4,nummod
692,Caius,<START>,Caesius,Cai,ius,B-PERS:PRAE,PROPN,fecit,9,nsubj
692,Caesius,Caius,Cai,Cae,ius,B-PERS:NOMEN,PROPN,Caius,1,flat:name
692,Cai,Caesius,filius,Cai,Cai,B-PERS:FILI,PROPN,filius,4,nmod
692,filius,Cai,Papiria,fil,ius,I-PERS:FILI,NOUN,Caius,1,appos
692,Papiria,filius,Ingenuus,Pap,ria,B-PERS:TRIBE,PROPN,Caius,1,appos
692,Ingenuus,Papiria,Poetovione,Ing,uus,B-PERS:COG,ADJ,fecit,9,xcomp
692,Poetovione,Ingenuus,vivus,Poe,one,B-PERS:AG,NOUN,vivus,8,obl
692,vivus,Poetovione,fecit,viv,vus,O,ADJ,fecit,9,xcomp
692,fecit,vivus,sibi,fec,cit,O,VERB,fecit,9,ROOT
692,sibi,fecit,et,sib,ibi,O,PRON,fecit,9,obl:arg
692,et,sibi,Ulpiae,et,et,O,CCONJ,libertis,20,cc
692,Ulpiae,et,Adiutae,Ulp,iae,B-PERS:NOMEN,PROPN,coniugi,14,nmod
692,Adiutae,Ulpiae,coniugi,Adi,tae,B-PERS:COG,VERB,Ulpiae,12,conj
692,coniugi,Adiutae,et,con,ugi,O,NOUN,sibi,10,conj
692,et,coniugi,Caesiae,et,et,O,CCONJ,libertis,20,cc
692,Caesiae,et,Ingenuae,Cae,iae,B-PERS:NOMEN,ADJ,filiae,18,nmod
692,Ingenuae,Caesiae,filiae,Ing,uae,B-PERS:COG,ADJ,filiae,18,nmod
692,filiae,Ingenuae,et,fil,iae,O,NOUN,sibi,10,conj
692,et,filiae,libertis,et,et,O,CCONJ,libertis,20,cc
692,libertis,et,libertabusque,lib,tis,O,ADJ,sibi,10,conj
692,libertabusque,libertis,<END>,lib,que,O,VERB,,-1,
556,Titus,<START>,Aelius,Tit,tus,B-PERS:PRAE,PROPN,Titus,1,ROOT
556,Aelius,Titus,Hadrianus,Ael,ius,B-PERS:NOMEN,PROPN,Titus,1,flat:name
556,Hadrianus,Aelius,Antoninus,Had,nus,B-PERS:COG,PROPN,Titus,1,flat:name
556,Antoninus,Hadrianus,Caesar,Ant,nus,B-PERS:AG,PROPN,Titus,1,conj
556,Caesar,Antoninus,<END>,Cae,sar,B-PERS:TITLE,PROPN,Titus,1,appos
594,Lucius,<START>,Trebius,Luc,ius,B-PERS:PRAE,PROPN,posuit,15,nsubj
594,Trebius,Lucius,Luci,Tre,ius,B-PERS:NOMEN,PROPN,Lucius,8,flat:name
594,Luci,Trebius,filius,Luc,uci,B-PERS:FILI,PROPN,filius,4,nmod
594,filius,Luci,Exoratus,fil,ius,I-PERS:FILI,NOUN,Lucius,1,appos
594,Exoratus,filius,annorum,Exo,tus,B-PERS:COG,VERB,filius,4,acl
594,annorum,Exoratus,XII,ann,rum,O,NOUN,Lucius,1,nmod
594,XII,annorum,Lucius,XII,XII,O,NUM,annorum,6,nummod
594,Lucius,XII,Trebius,Luc,ius,B-PERS:PRAE,PROPN,posuit,15,nsubj
594,Trebius,Lucius,Veter,Tre,ius,B-PERS:NOMEN,PROPN,Lucius,8,flat:name
594,Veter,Trebius,pater,Vet,ter,B-PERS:COG,NOUN,Lucius,8,appos
594,pater,Veter,Pieris,pat,ter,O,NOUN,Lucius,8,appos
594,Pieris,pater,hunc,Pie,ris,B-PERS,PROPN,filio,40,nmod
594,hunc,Pieris,titulum,hun,unc,O,DET,titulum,14,det
594,titulum,hunc,posuit,tit,lum,O,NOUN,posuit,15,obj
594,posuit,titulum,matercula,pos,uit,O,VERB,conprecor,31,ccomp
594,matercula,posuit,nato,mat,ula,O,ADJ,posuit,15,obl
594,nato,matercula,erepto,nat,ato,O,ADV,posuit,15,conj
594,erepto,nato,a,ere,pto,O,VERB,posuit,15,advcl:abs
594,a,erepto,fato,a,a,O,ADP,fato,20,case
594,fato,a,finibus,fat,ato,O,NOUN,erepto,18,obl
594,finibus,fato,Maezeis,fin,bus,O,NOUN,erepto,18,nsubj:pass
594,Maezeis,finibus,nunc,Mae,eis,B-LOC,PROPN,finibus,21,nmod
594,nunc,Maezeis,si,nun,unc,O,ADV,conprecor,31,advmod:tmod
594,si,nunc,quid,si,si,O,SCONJ,sapiunt,27,mark
594,quid,si,Manes,qui,uid,O,PRON,sapiunt,27,obj
594,Manes,quid,sapiunt,Man,nes,O,PROPN,sapiunt,27,nsubj
594,sapiunt,Manes,in,sap,unt,O,VERB,conprecor,31,advcl
594,in,sapiunt,mollibus,in,in,O,ADP,umbris,30,case
594,mollibus,in,umbris,mol,bus,O,ADJ,umbris,30,amod
594,umbris,mollibus,conprecor,umb,ris,O,NOUN,conprecor,31,obl
594,conprecor,umbris,ut,con,cor,O,VERB,conprecor,31,ROOT
594,ut,conprecor,matris,ut,ut,O,SCONJ,posuit,44,mark
594,matris,ut,sit,mat,ris,O,NOUN,posuit,44,obl:arg
594,sit,matris,tibi,sit,sit,O,AUX,matris,33,cop
594,tibi,sit,gratus,tib,ibi,O,PRON,gratus,36,obl:arg
594,gratus,tibi,honos,gra,tus,O,ADJ,honos,37,advcl:pred
594,honos,gratus,Coelia,hon,nos,O,NOUN,matris,33,nsubj
594,Coelia,honos,Pieris,Coe,lia,B-PERS:NOMEN,PROPN,posuit,44,obl:arg
594,Pieris,Coelia,filio,Pie,ris,B-PERS:COG,PROPN,filio,40,nmod
594,filio,Pieris,et,fil,lio,O,NOUN,posuit,44,obl:arg
594,et,filio,vi,et,et,O,CCONJ,vi,42,cc
594,vi,et,iro,vi,vi,O,NUM,iro,43,conj
594,iro,vi,posuit,iro,iro,O,VERB,posuit,44,advcl:pred
594,posuit,iro,<END>,pos,uit,O,VERB,conprecor,31,ccomp
838,Caius,<START>,PoppaeuYs,Cai,ius,B-PERS:PRAE,PROPN,habitavit,4,nsubj
838,PoppaeuYs,Caius,hic,Pop,uYs,B-PERS:NOMEN,PROPN,Caius,1,flat:name
838,hic,PoppaeuYs,habitavit,hic,hic,O,ADV,habitavit,4,advmod:lmod
838,habitavit,hic,cum,hab,vit,O,VERB,habitavit,4,ROOT
838,cum,habitavit,Hymeto,cum,cum,O,ADP,Hymeto,6,case
838,Hymeto,cum,et,Hym,eto,B-PERS,PROPN,habitavit,4,obl
838,et,Hymeto,Phylacione,et,et,O,CCONJ,amat,10,cc
838,Phylacione,et,et,Phy,one,B-PERS,PROPN,Hymeto,6,conj
838,et,Phylacione,amat,et,et,O,CCONJ,amat,10,cc
838,amat,et,amaturusque,ama,mat,O,VERB,habitavit,4,conj
838,amaturusque,amat,est,ama,que,O,VERB,,-1,
838,est,amaturusque,in,est,est,O,AUX,que,12,aux
838,in,est,aevuOm,in,in,O,ADP,aevuOm,15,case
838,aevuOm,in,<END>,aev,uOm,O,ADJ,amat,10,obl
223,Caius,<START>,Norbanus,Cai,ius,B-PERS:PRAE,PROPN,Caius,1,ROOT
223,Norbanus,Caius,Luci,Nor,nus,B-PERS:NOMEN,PROPN,Caius,1,flat:name
223,Luci,Norbanus,filius,Luc,uci,B-PERS:FILI,PROPN,filius,4,nmod
223,filius,Luci,Rufinus,fil,ius,I-PERS:FILI,NOUN,Caius,1,appos
223,Rufinus,filius,annorum,Ruf,nus,B-PERS:COG,PROPN,Caius,1,flat:name
223,annorum,Rufinus,LXXX,ann,rum,O,NOUN,Caius,1,nmod
223,LXXX,annorum,hic,LXX,XXX,O,NUM,annorum,6,nummod
223,hic,LXXX,situs,hic,hic,O,ADV,situs,9,nsubj
223,situs,hic,est,sit,tus,O,NOUN,Caius,1,conj
223,est,situs,sit,est,est,O,AUX,situs,9,cop
223,sit,est,tibi,sit,sit,O,AUX,situs,9,cop
223,tibi,sit,terra,tib,ibi,O,PRON,curavit,17,obl:arg
223,terra,tibi,levis,ter,rra,O,NOUN,curavit,17,obj
223,levis,terra,heres,lev,vis,O,ADJ,heres,15,amod
223,heres,levis,faciendum,her,res,O,NOUN,curavit,17,xcomp
223,faciendum,heres,curavit,fac,dum,O,VERB,curavit,17,ccomp
223,curavit,faciendum,<END>,cur,vit,O,VERB,situs,9,acl:relcl
304,Dis,<START>,Manibus,Dis,Dis,O,NOUN,Manibus,2,case
304,Manibus,Dis,Sossia,Man,bus,O,PROPN,vixit,5,obl
304,Sossia,Manibus,Flora,Sos,sia,B-PERS:NOMEN,PROPN,vixit,5,nsubj
304,Flora,Sossia,vixit,Flo,ora,B-PERS:COG,NOUN,vixit,5,nsubj
304,vixit,Flora,annos,vix,xit,O,VERB,sita,9,advcl
304,annos,vixit,LXXXI,ann,nos,O,NOUN,vixit,5,obl:tmod
304,LXXXI,annos,hic,LXX,XXI,O,NUM,annos,6,nummod
304,hic,LXXXI,sita,hic,hic,O,ADV,sita,9,advmod:lmod
304,sita,hic,est,sit,ita,O,ADJ,sita,9,ROOT
304,est,sita,ossa,est,est,O,AUX,sita,9,aux:pass
304,ossa,est,tibi,oss,ssa,O,NOUN,sita,9,nsubj:pass
304,tibi,ossa,bene,tib,ibi,O,PRON,quiescant,14,obl:arg
304,bene,tibi,quiescant,ben,ene,O,ADV,quiescant,14,advmod
304,quiescant,bene,<END>,qui,ant,O,VERB,sita,9,dep
717,VIC,<START>,RA,VIC,VIC,O,NUM,RA,2,nummod
717,RA,VIC,X,RA,RA,O,PUNCT,militavit,4,nsubj
717,X,RA,militavit,X,X,O,NUM,RA,2,nummod
717,militavit,X,annos,mil,vit,O,VERB,militavit,4,ROOT
717,annos,militavit,XIIII,ann,nos,O,NOUN,militavit,4,obj
717,XIIII,annos,Aurelia,XII,III,O,NUM,annos,5,nummod
717,Aurelia,XIIII,Faustina,Aur,lia,B-PERS:NOMEN,ADJ,Aurelia,7,conj
717,Faustina,Aurelia,marito,Fau,ina,B-PERS:COG,PROPN,Aurelia,7,flat:name
717,marito,Faustina,carissimo,mar,ito,O,NOUN,patri,17,conj
717,carissimo,marito,et,car,imo,O,ADJ,marito,9,nmod
717,et,carissimo,generi,et,et,O,CCONJ,viva,25,cc
717,generi,et,pientissimo,gen,eri,O,NOUN,carissimo,10,conj
717,pientissimo,generi,et,pie,imo,O,ADJ,generi,12,amod
717,et,pientissimo,Aurelia,et,et,O,CCONJ,viva,25,cc
717,Aurelia,et,filia,Aur,lia,B-PERS:NOMEN,ADJ,Aurelia,7,conj
717,filia,Aurelia,patri,fil,lia,O,NOUN,Aurelia,15,appos
717,patri,filia,bene,pat,tri,O,NOUN,filia,16,nmod
717,bene,patri,merenti,ben,ene,O,ADV,merenti,19,obj
717,merenti,bene,et,mer,nti,O,ADJ,patri,17,acl
717,et,merenti,marito,et,et,O,CCONJ,viva,25,cc
717,marito,et,dulcissimo,mar,ito,O,NOUN,patri,17,conj
717,dulcissimo,marito,et,dul,imo,O,ADJ,marito,21,amod
717,et,dulcissimo,sibi,et,et,O,CCONJ,viva,25,cc
717,sibi,et,viva,sib,ibi,O,PRON,viva,25,obl
717,viva,sibi,sua,viv,iva,O,ADJ,patri,17,conj
717,sua,viva,pecunia,sua,sua,O,DET,pecunia,27,det
717,pecunia,sua,<END>,pec,nia,O,NOUN,viva,25,obl
159,Dis,<START>,Manibus,Dis,Dis,O,NOUN,Manibus,2,case
159,Manibus,Dis,Marcus,Man,bus,O,PROPN,fecit,6,obl
159,Marcus,Manibus,Lucceius,Mar,cus,B-PERS:PRAE,PROPN,fecit,6,nsubj
159,Lucceius,Marcus,bus,Luc,ius,B-PERS:NOMEN,PROPN,Marcus,3,flat:name
159,bus,Lucceius,fecit,bus,bus,O,NOUN,fecit,6,xcomp
159,fecit,bus,sibi,fec,cit,O,VERB,sequetur,24,dislocated
159,sibi,fecit,suisque,sib,ibi,O,PRON,clusum,12,obl
159,suisque,sibi,omnibus,sui,que,O,DET,,-1,
159,omnibus,suisque,monumentum,omn,bus,O,DET,sibi,7,conj
159,monumentum,omnibus,clusum,mon,tum,O,NOUN,sequetur,24,nsubj
159,clusum,monumentum,et,clu,sum,O,VERB,fecit,6,ccomp
159,et,clusum,libertis,et,et,O,CCONJ,libertabus,15,cc
159,libertis,et,libertabusque,lib,tis,O,ADJ,libertabus,15,obl:arg
159,libertabusque,libertis,posterisque,lib,que,O,VERB,,-1,
159,posterisque,libertabusque,eorum,pos,que,O,NOUN,,-1,
159,eorum,posterisque,hoc,eor,rum,O,PRON,posteris,17,nmod
159,hoc,eorum,monumentum,hoc,hoc,O,PROPN,monumentum,21,det
159,monumentum,hoc,heredem,mon,tum,O,NOUN,sequetur,24,nsubj
159,heredem,monumentum,non,her,dem,O,NOUN,sequetur,24,xcomp
159,non,heredem,sequetur,non,non,O,PART,sequetur,24,advmod:neg
159,sequetur,non,<END>,seq,tur,O,VERB,sequetur,24,ROOT
499,Decessit,<START>,Nonis,Dec,sit,O,VERB,Decessit,1,ROOT
499,Nonis,Decessit,Iuliis,Non,nis,O,NOUN,Decessit,1,nmod
499,Iuliis,Nonis,Pisinna,Iul,iis,O,PROPN,Nonis,2,amod
499,Pisinna,Iuliis,Victoria,Pis,nna,B-PERS:NOMEN,PROPN,Decessit,1,nsubj
499,Victoria,Pisinna,mensium,Vic,ria,B-PERS:COG,PROPN,Pisinna,4,flat
499,mensium,Victoria,decem,men,ium,O,NOUN,pace,11,nmod
499,decem,mensium,dierum,dec,cem,O,NUM,mensium,6,nummod
499,dierum,decem,XIIII,die,rum,O,NOUN,mensium,6,nmod
499,XIIII,dierum,in,XII,III,O,NUM,dierum,8,nummod
499,in,XIIII,pace,in,in,O,ADP,pace,11,case
499,pace,in,<END>,pac,ace,O,PUNCT,Decessit,1,obl
570,Dis,<START>,Manibus,Dis,Dis,O,NOUN,Manibus,2,case
570,Manibus,Dis,Aulo,Man,bus,O,PROPN,fecit,6,obl
570,Aulo,Manibus,Cormelio,Aul,ulo,B-PERS:PRAE,PROPN,fecit,6,obl
570,Cormelio,Aulo,Stefano,Cor,lio,B-PERS:NOMEN,PROPN,Aulo,3,flat:name
570,Stefano,Cormelio,fecit,Ste,ano,B-PERS:COG,PROPN,fecit,6,obj
570,fecit,Stefano,Pompeia,fec,cit,O,VERB,fecit,6,ROOT
570,Pompeia,fecit,Eutropilla,Pom,eia,B-PERS:NOMEN,PROPN,fecit,6,obj
570,Eutropilla,Pompeia,tatae,Eut,lla,B-PERS:COG,PROPN,Stefano,5,conj
570,tatae,Eutropilla,bene,tat,tae,O,X,fecit,6,dep
570,bene,tatae,merenti,ben,ene,O,ADV,merenti,11,advmod
570,merenti,bene,<END>,mer,nti,O,ADJ,tatae,9,acl
898,Dis,<START>,Manibus,Dis,Dis,O,NOUN,Manibus,2,case
898,Manibus,Dis,sacrum,Man,bus,O,PROPN,vixit,6,obl
898,sacrum,Manibus,Primus,sac,rum,O,ADJ,vixit,6,nsubj
898,Primus,sacrum,annos,Pri,mus,B-PERS,ADJ,annos,5,amod
898,annos,Primus,vixit,ann,nos,O,NOUN,vixit,6,obl
898,vixit,annos,LIIIIX,vix,xit,O,VERB,vixit,6,ROOT
898,LIIIIX,vixit,<END>,LII,IIX,O,NUM,vixit,6,nummod
293,Dis,<START>,Manibus,Dis,Dis,O,NOUN,Manibus,2,case
293,Manibus,Dis,Marcus,Man,bus,O,PROPN,posuit,17,obl
293,Marcus,Manibus,Aurelius,Mar,cus,B-PERS:PRAE,PROPN,posuit,17,nsubj
293,Aurelius,Marcus,Tertullus,Aur,ius,B-PERS:NOMEN,PROPN,Marcus,3,flat:name
293,Tertullus,Aurelius,sexvirum,Ter,lus,B-PERS:COG,PROPN,Marcus,3,flat:name
293,sexvirum,Tertullus,coloniae,sex,rum,O,ADJ,Marcus,3,appos
293,coloniae,sexvirum,Aquincensium,col,iae,O,NOUN,sexvirum,6,nmod
293,Aquincensium,coloniae,sibi,Aqu,ium,O,ADJ,coloniae,7,nmod
293,sibi,Aquincensium,et,sib,ibi,O,PRON,posuit,17,obl:arg
293,et,sibi,Iuliae,et,et,O,CCONJ,Ursulae,12,cc
293,Iuliae,et,Ursulae,Iul,iae,B-PERS:NOMEN,PROPN,Ursulae,12,nmod
293,Ursulae,Iuliae,coniugi,Urs,lae,B-PERS:COG,PROPN,sibi,9,conj
293,coniugi,Ursulae,karissimae,con,ugi,O,NOUN,Ursulae,12,appos
293,karissimae,coniugi,aeternitatis,kar,mae,O,ADJ,aeternitatis,15,amod
293,aeternitatis,karissimae,memoriam,aet,tis,O,NOUN,memoriam,16,nmod
293,memoriam,aeternitatis,posuit,mem,iam,O,NOUN,posuit,17,obj
293,posuit,memoriam,<END>,pos,uit,O,VERB,posuit,17,ROOT
466,coniugi,<START>,suae,con,ugi,O,NOUN,coniugi,1,ROOT
466,suae,coniugi,bene,sua,uae,O,DET,coniugi,1,det
466,bene,suae,merenti,ben,ene,O,ADV,merenti,4,advmod
466,merenti,bene,iti,mer,nti,O,ADJ,coniugi,1,acl
466,iti,merenti,qui,iti,iti,O,ADV,coniugi,1,advmod
466,qui,iti,vixit,qui,qui,O,PUNCT,vixit,7,nsubj
466,vixit,qui,annos,vix,xit,O,VERB,coniugi,1,acl:relcl
466,annos,vixit,V,ann,nos,O,NOUN,vixit,7,obl
466,V,annos,et,V,V,O,,annos,8,nummod
466,et,V,dies,et,et,O,CCONJ,dies,11,cc
466,dies,et,XVI,die,ies,O,X,annos,8,conj
466,XVI,dies,<END>,XVI,XVI,O,NUM,dies,11,nummod
989,Dis,<START>,Manibus,Dis,Dis,O,NOUN,Manibus,2,case
989,Manibus,Dis,Quintus,Man,bus,O,PROPN,vixit,15,obl
989,Quintus,Manibus,Murrius,Qui,tus,B-PERS:PRAE,PROPN,vixit,15,nsubj
989,Murrius,Quintus,Pudens,Mur,ius,B-PERS:NOMEN,PROPN,Quintus,3,flat:name
989,Pudens,Murrius,cohortis,Pud,ens,B-PERS:COG,PROPN,Quintus,3,flat:name
989,cohortis,Pudens,XIIII,coh,tis,O,NOUN,centuria,9,nmod
989,XIIII,cohortis,urbanae,XII,III,O,NUM,cohortis,6,nummod
989,urbanae,XIIII,centuria,urb,nae,O,ADJ,centuria,9,amod
989,centuria,urbanae,Severi,cen,ria,O,NOUN,Quintus,3,appos
989,Severi,centuria,domo,Sev,eri,O,PROPN,domo,11,nmod
989,domo,Severi,Volaterras,dom,omo,O,NOUN,Quintus,3,conj
989,Volaterras,domo,stipendiis,Vol,ras,B-LOC,PROPN,Quintus,3,conj
989,stipendiis,Volaterras,XI,sti,iis,O,NOUN,vixit,15,obl
989,XI,stipendiis,vixit,XI,XI,O,NUM,stipendiis,13,nummod
989,vixit,XI,annos,vix,xit,O,VERB,vixit,15,ROOT
989,annos,vixit,XXXV,ann,nos,O,NOUN,vixit,15,obj
989,XXXV,annos,<END>,XXX,XXV,O,NUM,annos,16,nummod
400,menses,<START>,X,men,ses,O,NOUN,menses,1,ROOT
400,X,menses,sit,X,X,O,NUM,menses,1,nummod
400,sit,X,tibi,sit,sit,O,AUX,levis,6,cop
400,tibi,sit,terra,tib,ibi,O,PRON,terra,5,obl:arg
400,terra,tibi,levis,ter,rra,O,NOUN,levis,6,nsubj
400,levis,terra,<END>,lev,vis,O,ADJ,menses,1,amod
3,PSVSS,<START>,Pius,PSV,VSS,O,NUM,PSVSS,1,ROOT
3,Pius,PSVSS,Felix,Piu,ius,B-PERS:AG,ADJ,PSVSS,1,dep
3,Felix,Pius,maximus,Fel,lix,B-PERS:AG,PROPN,Pius,2,flat:name
3,maximus,Felix,Germanicus,max,mus,B-PERS:AG,ADJ,Pius,2,amod
3,Germanicus,maximus,maximus,Ger,cus,I-PERS:AG,PROPN,Pius,2,appos
3,maximus,Germanicus,tribunicia,max,mus,B-TITLE,ADJ,Pius,2,amod
3,tribunicia,maximus,potestate,tri,cia,I-TITLE,ADJ,potestate,8,amod
3,potestate,tribunicia,X,pot,ate,B-TITLE,NOUN,maximus,6,obl
3,X,potestate,VS,X,X,O,NUM,PSVSS,1,dislocated
3,VS,X,M,VS,VS,O,PUNCT,X,9,dep
3,M,VS,ISIEMITATEM,M,M,O,PUNCT,PSVSS,1,dep
3,ISIEMITATEM,M,POSN,ISI,TEM,O,X,PSVSS,1,dislocated
3,POSN,ISIEMITATEM,<END>,POS,OSN,O,NOUN,PSVSS,1,appos
887,Dis,<START>,Manibus,Dis,Dis,O,NOUN,Manibus,2,case
887,Manibus,Dis,Quinti,Man,bus,O,PROPN,vixit,8,obl
887,Quinti,Manibus,Calidi,Qui,nti,B-PERS:PRAE,PROPN,Quinti,3,nmod
887,Calidi,Quinti,Quinti,Cal,idi,B-PERS:NOMEN,PROPN,Quinti,3,flat:name
887,Quinti,Calidi,filii,Qui,nti,B-PERS:FILI,PROPN,Quinti,3,nmod
887,filii,Quinti,Thalli,fil,lii,I-PERS:FILI,NOUN,Quinti,3,appos
887,Thalli,filii,vixit,Tha,lli,B-PERS:COG,PROPN,filii,6,nmod
887,vixit,Thalli,annos,vix,xit,O,VERB,fecerunt,24,advcl
887,annos,vixit,V,ann,nos,O,NOUN,vixit,8,obj
887,V,annos,menses,V,V,O,,annos,9,nummod
887,menses,V,VI,men,ses,O,NOUN,vixit,8,obl
887,VI,menses,Quintus,VI,VI,O,NUM,menses,11,nummod
887,Quintus,VI,Calidius,Qui,tus,B-PERS:PRAE,PROPN,fecerunt,24,nsubj
887,Calidius,Quintus,Thallus,Cal,ius,B-PERS:NOMEN,PROPN,Quintus,13,flat:name
887,Thallus,Calidius,et,Tha,lus,I-PERS,PROPN,Quintus,13,flat:name
887,et,Thallus,Calidia,et,et,O,CCONJ,Calidia,17,cc
887,Calidia,et,Galatia,Cal,dia,B-PERS:NOMEN,PROPN,Quintus,13,conj
887,Galatia,Calidia,parentes,Gal,tia,B-PERS:COG,PROPN,Calidia,17,flat:name
887,parentes,Galatia,filio,par,tes,O,NOUN,Calidia,17,appos
887,filio,parentes,dulcissimo,fil,lio,O,NOUN,fecerunt,24,obl:arg
887,dulcissimo,filio,bene,dul,imo,O,ADJ,filio,20,amod
887,bene,dulcissimo,merenti,ben,ene,O,ADV,merenti,23,advmod
887,merenti,bene,fecerunt,mer,nti,O,ADJ,fecerunt,24,advcl
887,fecerunt,merenti,<END>,fec,unt,O,VERB,fecerunt,24,ROOT
169,Dis,<START>,Manibus,Dis,Dis,O,NOUN,Manibus,2,case
169,Manibus,Dis,iae,Man,bus,O,PROPN,fecerunt,13,obl
169,iae,Manibus,Alexandrae,iae,iae,O,X,fecerunt,13,advmod:lmod
169,Alexandrae,iae,matri,Ale,rae,B-PERS,PROPN,fecerunt,13,obl
169,matri,Alexandrae,dulcissimae,mat,tri,O,NOUN,Iulianus,8,appos
169,dulcissimae,matri,us,dul,mae,O,ADJ,matri,5,amod
169,us,dulcissimae,Iulianus,us,us,O,X,fecerunt,13,obj
169,Iulianus,us,et,Iul,nus,B-PERS,PROPN,fecerunt,13,nsubj
169,et,Iulianus,Marcia,et,et,O,CCONJ,Marcia,10,cc
169,Marcia,et,bene,Mar,cia,B-PERS,PROPN,Iulianus,8,conj
169,bene,Marcia,merenti,ben,ene,O,ADV,merenti,12,advmod
169,merenti,bene,fecerunt,mer,nti,O,ADJ,fecerunt,13,xcomp
169,fecerunt,merenti,<END>,fec,unt,O,VERB,fecerunt,13,ROOT
726,Lucius,<START>,Furius,Luc,ius,B-PERS:PRAE,PROPN,Lucius,1,ROOT
726,Furius,Lucius,Luci,Fur,ius,B-PERS:NOMEN,PROPN,Lucius,1,flat:name
726,Luci,Furius,libertus,Luc,uci,B-PERS:FILI,PROPN,filiae,12,nmod
726,libertus,Luci,Diomedes,lib,tus,I-PERS:FILI,NOUN,Lucius,1,appos
726,Diomedes,libertus,caelator,Dio,des,B-PERS:COG,PROPN,Lucius,1,appos
726,caelator,Diomedes,de,cae,tor,O,NOUN,Diomedes,5,appos
726,de,caelator,sacra,de,de,O,ADP,via,9,case
726,sacra,de,via,sac,cra,O,ADJ,via,9,amod
726,via,sacra,Corneliae,via,via,O,NOUN,Diomedes,5,nmod
726,Corneliae,via,Luci,Cor,iae,B-PERS,PROPN,via,9,nmod
726,Luci,Corneliae,filiae,Luc,uci,B-PERS:FILI,PROPN,filiae,12,nmod
726,filiae,Luci,Tertullae,fil,iae,I-PERS:FILI,NOUN,Corneliae,10,appos
726,Tertullae,filiae,uxori,Ter,lae,B-PERS:NOMEN,PROPN,filiae,12,amod
726,uxori,Tertullae,<END>,uxo,ori,O,NOUN,filiae,12,appos
870,Clodius,<START>,libertus,Clo,ius,B-PERS:NOMEN,PROPN,vixit,4,nsubj
870,libertus,Clodius,Communes,lib,tus,B-PERS:FILI,NOUN,Clodius,1,appos
870,Communes,libertus,vixit,Com,nes,B-PERS:COG,PUNCT,Clodius,1,appos
870,vixit,Communes,annos,vix,xit,O,VERB,vixit,4,ROOT
870,annos,vixit,VII,ann,nos,O,NOUN,vixit,4,obj
870,VII,annos,hic,VII,VII,O,NUM,annos,5,nummod
870,hic,VII,situs,hic,hic,O,ADV,vixit,4,advcl
870,situs,hic,<END>,sit,tus,O,NOUN,hic,7,nsubj
219,Panes,<START>,fecit,Pan,nes,B-PERS,PROPN,fecit,2,obj
219,fecit,Panes,sibi,fec,cit,O,VERB,fecit,2,conj
219,sibi,fecit,et,sib,ibi,O,PRON,fecit,8,obl:arg
219,et,sibi,suis,et,et,O,CCONJ,suis,5,cc
219,suis,et,se,sui,uis,O,DET,sibi,3,conj
219,se,suis,vivo,se,se,O,PRON,vivo,7,nsubj
219,vivo,se,fecit,viv,ivo,O,PUNCT,fecit,8,xcomp
219,fecit,vivo,<END>,fec,cit,O,VERB,fecit,2,conj
493,Dis,<START>,Manibus,Dis,Dis,O,NOUN,Manibus,2,case
493,Manibus,Dis,Cassiae,Man,bus,O,PROPN,fecit,8,obl
493,Cassiae,Manibus,Festae,Cas,iae,B-PERS:NOMEN,PROPN,Manibus,2,nmod
493,Festae,Cassiae,Lucius,Fes,tae,B-PERS:COG,VERB,Cassiae,3,appos
493,Lucius,Festae,Arruntius,Luc,ius,B-PERS:PRAE,PROPN,fecit,8,nsubj
493,Arruntius,Lucius,Stachyus,Arr,ius,B-PERS:NOMEN,PROPN,Lucius,5,amod
493,Stachyus,Arruntius,fecit,Sta,yus,B-PERS:COG,NOUN,fecit,8,obj
493,fecit,Stachyus,coniugi,fec,cit,O,VERB,fecit,8,ROOT
493,coniugi,fecit,karissimae,con,ugi,O,NOUN,fecit,8,obl:arg
493,karissimae,coniugi,bene,kar,mae,O,ADJ,coniugi,9,amod
493,bene,karissimae,merenti,ben,ene,O,ADV,gratias,35,dep
493,merenti,bene,et,mer,nti,O,ADJ,coniugi,9,acl
493,et,merenti,Sexto,et,et,O,CCONJ,ago,31,cc
493,Sexto,et,Gellio,Sex,xto,B-PERS:PRAE,PROPN,coniugi,9,conj
493,Gellio,Sexto,Festo,Gel,lio,B-PERS:NOMEN,PROPN,Sexto,14,flat:name
493,Festo,Gellio,filio,Fes,sto,B-PERS:COG,PROPN,Gellio,15,flat:name
493,filio,Festo,et,fil,lio,O,NOUN,Festo,16,appos
493,et,filio,Hygiae,et,et,O,CCONJ,ago,31,cc
493,Hygiae,et,vernae,Hyg,iae,B-PERS:NOMEN,PROPN,vernae,20,nmod
493,vernae,Hygiae,havete,ver,nae,B-PERS:COG,ADJ,Sexto,14,conj
493,havete,vernae,amici,hav,ete,O,NOUN,Sexto,14,conj
493,amici,havete,et,ami,ici,O,NOUN,coniugi,9,conj
493,et,amici,amicae,et,et,O,CCONJ,ago,31,cc
493,amicae,et,boni,ami,cae,O,ADJ,amici,22,conj
493,boni,amicae,Eutyche,bon,oni,O,ADJ,amici,22,amod
493,Eutyche,boni,et,Eut,che,B-PERS,PROPN,coniugi,9,conj
493,et,Eutyche,Oeconome,et,et,O,CCONJ,ago,31,cc
493,Oeconome,et,et,Oec,ome,B-PERS,NOUN,coniugi,9,conj
493,et,Oeconome,Princeps,et,et,O,CCONJ,ago,31,cc
493,Princeps,et,ago,Pri,eps,B-PERS,NOUN,ago,31,nsubj
493,ago,Princeps,memoriae,ago,ago,O,VERB,fecit,8,conj
493,memoriae,ago,vestrae,mem,iae,O,NOUN,ago,31,obl:arg
493,vestrae,memoriae,bonis,ves,rae,O,DET,memoriae,32,det
493,bonis,vestrae,gratias,bon,nis,O,NOUN,memoriae,32,amod
493,gratias,bonis,bene,gra,ias,O,NOUN,ago,31,conj
493,bene,gratias,<END>,ben,ene,O,ADV,gratias,35,dep
716,Dis,<START>,Manibus,Dis,Dis,O,NOUN,Manibus,2,case
716,Manibus,Dis,Pomponiae,Man,bus,O,PROPN,vixit,5,obl
716,Pomponiae,Manibus,Tertullae,Pom,iae,B-PERS:NOMEN,PROPN,Manibus,2,nmod
716,Tertullae,Pomponiae,vixit,Ter,lae,B-PERS:COG,PROPN,Pomponiae,3,flat:name
716,vixit,Tertullae,annos,vix,xit,O,VERB,fecerunt,10,advcl
716,annos,vixit,XXV,ann,nos,O,NOUN,fecerunt,10,obj
716,XXV,annos,infelicissimi,XXV,XXV,O,NUM,annos,6,nummod
716,infelicissimi,XXV,parentes,inf,imi,O,ADJ,parentes,9,amod
716,parentes,infelicissimi,fecerunt,par,tes,O,NOUN,fecerunt,10,nsubj
716,fecerunt,parentes,et,fec,unt,O,VERB,fecerunt,10,ROOT
716,et,fecerunt,sibi,et,et,O,CCONJ,Tiberio,14,cc
716,sibi,et,et,sib,ibi,O,PRON,fecerunt,10,conj
716,et,sibi,Tiberio,et,et,O,CCONJ,Tiberio,14,cc
716,Tiberio,et,Claudio,Tib,rio,B-PERS:PRAE,PROPN,sibi,12,conj
716,Claudio,Tiberio,Epaphrodito,Cla,dio,B-PERS:NOMEN,PROPN,Tiberio,14,flat:name
716,Epaphrodito,Claudio,coniugi,Epa,ito,B-PERS:COG,PROPN,Tiberio,14,flat:name
716,coniugi,Epaphrodito,eius,con,ugi,O,NOUN,Tiberio,14,appos
716,eius,coniugi,<END>,eiu,ius,O,ADV,coniugi,17,nmod
752,Iovinus,<START>,qui,Iov,nus,B-PERS,PROPN,Iovinus,1,ROOT
752,qui,Iovinus,vixit,qui,qui,O,PUNCT,recessit,10,nsubj
752,vixit,qui,annos,vix,xit,O,VERB,Iovinus,1,acl:relcl
752,annos,vixit,menseIs,ann,nos,O,NOUN,vixit,3,obl
752,menseIs,annos,V,men,eIs,O,NOUN,vixit,3,obl:tmod
752,V,menseIs,dies,V,V,O,,vixit,3,obl:tmod
752,dies,V,X,die,ies,O,X,vixit,3,obl:tmod
752,X,dies,qui,X,X,O,NUM,dies,7,nummod
752,qui,X,recessit,qui,qui,O,PUNCT,recessit,10,nsubj
752,recessit,qui,in,rec,sit,O,VERB,Iovinus,1,appos
752,in,recessit,pace,in,in,O,ADP,pace,12,case
752,pace,in,fidelis,pac,ace,O,PUNCT,recessit,10,obl
752,fidelis,pace,depositus,fid,lis,O,ADJ,depositus,14,xcomp
752,depositus,fidelis,XV,dep,tus,O,VERB,Iovinus,1,acl
752,XV,depositus,Kalendas,XV,XV,O,NUM,Iovinus,1,nummod
752,Kalendas,XV,Ianuarias,Kal,das,O,NOUN,Iovinus,1,nmod
752,Ianuarias,Kalendas,bene,Ian,ias,O,ADJ,Kalendas,16,amod
752,bene,Ianuarias,merenti,ben,ene,O,ADV,merenti,19,advmod
752,merenti,bene,<END>,mer,nti,O,ADJ,Kalendas,16,acl
171,Dis,<START>,Manibus,Dis,Dis,O,NOUN,Manibus,2,case
171,Manibus,Dis,Flavio,Man,bus,O,PROPN,posuit,21,obl
171,Flavio,Manibus,Bitho,Fla,vio,B-PERS:NOMEN,PROPN,Manibus,2,flat:name
171,Bitho,Flavio,adiutori,Bit,tho,B-PERS:COG,PROPN,Manibus,2,flat
171,adiutori,Bitho,cohortis,adi,ori,O,NOUN,Manibus,2,appos
171,cohortis,adiutori,II,coh,tis,O,NOUN,decurioni,14,nmod
171,II,cohortis,Aureliae,II,II,O,NUM,cohortis,6,nummod
171,Aureliae,II,Dardanorum,Aur,iae,O,ADJ,cohortis,6,amod
171,Dardanorum,Aureliae,marito,Dar,rum,O,PROPN,marito,10,nmod
171,marito,Dardanorum,et,mar,ito,O,NOUN,cohortis,6,appos
171,et,marito,Aurelio,et,et,O,CCONJ,Aurelio,12,cc
171,Aurelio,et,Hermogeni,Aur,lio,B-PERS:NOMEN,PROPN,cohortis,6,conj
171,Hermogeni,Aurelio,decurioni,Her,eni,B-PERS:COG,PROPN,Aurelio,12,flat:name
171,decurioni,Hermogeni,cohortis,dec,oni,O,NOUN,Aurelio,12,appos
171,cohortis,decurioni,supra,coh,tis,O,NOUN,decurioni,14,nmod
171,supra,cohortis,scriptae,sup,pra,O,ADV,scriptae,17,advmod
171,scriptae,supra,fratri,scr,tae,O,VERB,cohortis,15,acl
171,fratri,scriptae,Aurelia,fra,tri,O,NOUN,scriptae,17,obl
171,Aurelia,fratri,Christina,Aur,lia,B-PERS:NOMEN,ADJ,Christina,20,amod
171,Christina,Aurelia,posuit,Chr,ina,B-PERS:COG,PROPN,posuit,21,nsubj
171,posuit,Christina,<END>,pos,uit,O,VERB,posuit,21,ROOT
243,Quinto,<START>,Caecilio,Qui,nto,B-PERS:PRAE,ADV,consulibus,7,nsubj
243,Caecilio,Quinto,Metello,Cae,lio,B-PERS:NOMEN,PROPN,Quinto,1,flat:name
243,Metello,Caecilio,Aulo,Met,llo,B-PERS:COG,PROPN,Caecilio,2,flat:name
243,Aulo,Metello,Licinio,Aul,ulo,B-PERS:PRAE,PROPN,Quinto,1,conj
243,Licinio,Aulo,Nerva,Lic,nio,B-PERS:NOMEN,PROPN,Aulo,4,flat:name
243,Nerva,Licinio,consulibus,Ner,rva,B-PERS:COG,PROPN,Aulo,4,flat:name
243,consulibus,Nerva,Marci,con,bus,O,NOUN,consulibus,7,ROOT
243,Marci,consulibus,Grani,Mar,rci,B-PERS:PRAE,PROPN,Quinto,1,nmod
243,Grani,Marci,Marcelli,Gra,ani,B-PERS:NOMEN,NOUN,Marci,8,conj
243,Marcelli,Grani,<END>,Mar,lli,B-PERS:COG,PROPN,Marci,8,conj
981,Dis,<START>,Manibus,Dis,Dis,O,NOUN,Manibus,2,case
981,Manibus,Dis,Tiberius,Man,bus,O,PROPN,fecit,17,obl
981,Tiberius,Manibus,Iulius,Tib,ius,B-PERS:PRAE,PROPN,fecit,17,nsubj
981,Iulius,Tiberius,Seius,Iul,ius,B-PERS:NOMEN,PROPN,Tiberius,3,flat:name
981,Seius,Iulius,Feliculae,Sei,ius,B-PERS:COG,PROPN,Tiberius,3,flat:name
981,Feliculae,Seius,alumnae,Fel,lae,B-PERS:COG,PROPN,fecit,17,obl
981,alumnae,Feliculae,suae,alu,nae,O,NOUN,Feliculae,6,nmod
981,suae,alumnae,quae,sua,uae,O,DET,alumnae,7,det
981,quae,suae,vixit,qua,uae,O,PRON,vixit,10,nsubj
981,vixit,quae,mensibus,vix,xit,O,VERB,fecit,17,ccomp
981,mensibus,vixit,VIIII,men,bus,O,NOUN,vixit,10,obl
981,VIIII,mensibus,diebus,VII,III,O,NUM,mensibus,11,nummod
981,diebus,VIIII,XXIII,die,bus,O,NOUN,vixit,10,obl
981,XXIII,diebus,bene,XXI,III,O,NUM,vixit,29,dislocated
981,bene,XXIII,merenti,ben,ene,O,ADV,merenti,28,advmod
981,merenti,bene,fecit,mer,nti,O,ADJ,Eutycho,22,acl
981,fecit,merenti,hei,fec,cit,O,VERB,fecit,17,ROOT
981,hei,fecit,et,hei,hei,O,INTJ,fecit,17,obl:arg
981,et,hei,sibi,et,et,O,CCONJ,furnario,26,cc
981,sibi,et,et,sib,ibi,O,PRON,hei,18,conj
981,et,sibi,Eutycho,et,et,O,CCONJ,furnario,26,cc
981,Eutycho,et,conservo,Eut,cho,B-PERS,PROPN,sibi,20,conj
981,conservo,Eutycho,cellario,con,rvo,O,NOUN,Eutycho,22,appos
981,cellario,conservo,et,cel,rio,O,NOUN,conservo,23,amod
981,et,cellario,furnario,et,et,O,CCONJ,furnario,26,cc
981,furnario,et,bene,fur,rio,O,NOUN,cellario,24,conj
981,bene,furnario,merenti,ben,ene,O,ADV,merenti,28,advmod
981,merenti,bene,vixit,mer,nti,O,ADJ,Eutycho,22,acl
981,vixit,merenti,annos,vix,xit,O,VERB,fecit,17,ccomp
981,annos,vixit,XXIII,ann,nos,O,NOUN,vixit,29,obl
981,XXIII,annos,dies,XXI,III,O,NUM,vixit,29,dislocated
981,dies,XXIII,XV,die,ies,O,X,vixit,29,obl
981,XV,dies,<END>,XV,XV,O,NUM,dies,32,nummod
16,Marco,<START>,Lepido,Mar,rco,B-PERS:NOMEN,PROPN,consulibus,5,nsubj
16,Lepido,Marco,Lucio,Lep,ido,B-PERS:COG,ADJ,Marco,1,flat:name
16,Lucio,Lepido,Arruntio,Luc,cio,B-PERS:NOMEN,PROPN,Marco,1,conj
16,Arruntio,Lucio,consulibus,Arr,tio,B-PERS:COG,PROPN,Lucio,3,flat:name
16,consulibus,Arruntio,pridie,con,bus,O,NOUN,adfuerunt,34,advcl:abs
16,pridie,consulibus,Idus,pri,die,O,ADV,Terentia,9,case
16,Idus,pridie,Ianuarias,Idu,dus,O,NOUN,pridie,6,nmod
16,Ianuarias,Idus,Terentia,Ian,ias,O,ADJ,Idus,7,amod
16,Terentia,Ianuarias,Auli,Ter,tia,B-PERS:NOMEN,PROPN,adfuerunt,34,nsubj
16,Auli,Terentia,filia,Aul,uli,B-PERS:FILI,PROPN,Terentia,9,nmod
16,filia,Auli,Cluvi,fil,lia,I-PERS:FILI,NOUN,Terentia,9,appos
16,Cluvi,filia,cryptam,Clu,uvi,B-PERS:COG,PROPN,filia,11,nmod
16,cryptam,Cluvi,et,cry,tam,O,NOUN,adfuerunt,34,obj
16,et,cryptam,chalc,et,et,O,CCONJ,chalcidicum,50,cc
16,chalc,et,hidicum,cha,alc,O,ADV,cryptam,13,conj
16,hidicum,chalc,solo,hid,cum,O,NOUN,chalc,15,nmod
16,solo,hidicum,suo,sol,olo,O,PUNCT,cryptam,13,det
16,suo,solo,sua,suo,suo,O,PUNCT,pecunia,20,det
16,sua,suo,pecunia,sua,sua,O,DET,pecunia,20,det
16,pecunia,sua,ex,pec,nia,O,NOUN,adfuerunt,34,obl
16,ex,pecunia,senatus,ex,ex,O,ADP,consulto,23,case
16,senatus,ex,consulto,sen,tus,O,NOUN,consulto,23,nmod
16,consulto,senatus,et,con,lto,O,NOUN,adfuerunt,34,obl
16,et,consulto,decreto,et,et,O,CCONJ,chalcidicum,50,cc
16,decreto,et,decurionum,dec,eto,O,NOUN,consulto,23,conj
16,decurionum,decreto,quod,dec,num,O,NOUN,decreto,25,nmod
16,quod,decurionum,decretum,quo,uod,O,PRON,factum,29,nsubj:pass
16,decretum,quod,factum,dec,tum,O,NOUN,fecerunt,43,obj
16,factum,decretum,est,fac,tum,O,VERB,consulto,23,acl:relcl
16,est,factum,at,est,est,O,AUX,factum,29,aux:pass
16,at,est,RISEA,at,at,O,CCONJ,RISEA,32,case
16,RISEA,at,scribendo,RIS,SEA,O,NOUN,adfuerunt,34,obl
16,scribendo,RISEA,adfuerunt,scr,ndo,O,VERB,adfuerunt,34,advcl
16,adfuerunt,scribendo,Caius,adf,unt,O,VERB,adfuerunt,34,ROOT
16,Caius,adfuerunt,Setinus,Cai,ius,B-PERS:PRAE,PROPN,adfuerunt,34,nsubj
16,Setinus,Caius,Volscus,Set,nus,B-PERS:NOMEN,ADJ,Caius,35,flat:name
16,Volscus,Setinus,a,Vol,cus,B-PERS:COG,PROPN,Caius,35,flat:name
16,a,Volscus,IIviri,a,a,O,ADP,IIviri,39,case
16,IIviri,a,proximo,IIv,iri,O,NUM,fecerunt,43,obl
16,proximo,IIviri,anno,pro,imo,O,ADJ,anno,41,amod
16,anno,proximo,decretum,ann,nno,O,NOUN,fecerunt,43,obl
16,decretum,anno,fecerunt,dec,tum,O,NOUN,fecerunt,43,obj
16,fecerunt,decretum,ut,fec,unt,O,VERB,adfuerunt,34,advcl
16,ut,fecerunt,eadem,ut,ut,O,SCONJ,facerent,60,mark
16,eadem,ut,die,ead,dem,O,DET,die,46,det
16,die,eadem,qua,die,die,O,PUNCT,facerent,60,obl
16,qua,die,crypta,qua,qua,O,PRON,dedicatum,52,obl
16,crypta,qua,et,cry,pta,O,NOUN,dedicatum,52,nsubj:pass
16,et,crypta,chalcidicum,et,et,O,CCONJ,chalcidicum,50,cc
16,chalcidicum,et,Caesari,cha,cum,O,ADJ,crypta,48,conj
16,Caesari,chalcidicum,dedicatum,Cae,ari,O,PROPN,facerent,60,obl
16,dedicatum,Caesari,esset,ded,tum,O,VERB,die,46,acl:relcl
16,esset,dedicatum,Augusto,ess,set,O,AUX,dedicatum,52,aux:pass
16,Augusto,esset,Caesari,Aug,sto,O,PROPN,facerent,60,obl:arg
16,Caesari,Augusto,sacrificium,Cae,ari,O,PROPN,facerent,60,obl
16,sacrificium,Caesari,atque,sac,ium,O,NOUN,facerent,60,obj
16,atque,sacrificium,Pietati,atq,que,O,CCONJ,Pietati,58,cc
16,Pietati,atque,publice,Pie,ati,O,PROPN,sacrificium,56,conj
16,publice,Pietati,facerent,pub,ice,O,ADV,sacrificium,56,advmod
16,facerent,publice,ac,fac,ent,O,VERB,fecerunt,43,ccomp
16,ac,facerent,permitterent,ac,ac,O,CCONJ,permitterent,62,cc
16,permitterent,ac,<END>,per,ent,O,VERB,facerent,60,conj
554,Tiberio,<START>,Claudio,Tib,rio,B-PERS:PRAE,PROPN,Tiberio,1,ROOT
554,Claudio,Tiberio,Tiberi,Cla,dio,B-PERS:NOMEN,PROPN,donato,62,obl
554,Tiberi,Claudio,Claudi,Tib,eri,B-PERS:FILI,PROPN,Tiberio,1,conj
554,Claudi,Tiberi,Thrasylli,Cla,udi,I-PERS:FILI,PROPN,fabrum,57,nmod
554,Thrasylli,Claudi,filio,Thr,lli,I-PERS:FILI,PROPN,Tiberi,3,flat:name
554,filio,Thrasylli,Quirina,fil,lio,I-PERS:FILI,NOUN,Tiberi,3,appos
554,Quirina,filio,Balbillo,Qui,ina,B-PERS:TRIBE,PROPN,Tiberi,3,flat:name
554,Balbillo,Quirina,aedium,Bal,llo,B-PERS:COG,PROPN,Tiberi,3,flat:name
554,aedium,Balbillo,divi,aed,ium,O,NOUN,Tiberio,1,dep
554,divi,aedium,Augusti,div,ivi,O,VERB,Claudi,59,amod
554,Augusti,divi,et,Aug,sti,O,PROPN,Caesaris,46,nmod
554,et,Augusti,et,et,et,O,CCONJ,vexillo,73,cc
554,et,et,lucorum,et,et,O,CCONJ,vexillo,73,cc
554,lucorum,et,sacrorumque,luc,rum,O,NOUN,Tiberio,1,conj
554,sacrorumque,lucorum,omnium,sac,que,O,NOUN,,-1,
554,omnium,sacrorumque,quae,omn,ium,O,DET,lucorum,14,det
554,quae,omnium,sunt,qua,uae,O,PRON,Alexandriae,20,nsubj
554,sunt,quae,Alexandriae,sun,unt,O,PUNCT,Alexandriae,20,cop
554,Alexandriae,sunt,et,Ale,iae,B-LOC,PROPN,lucorum,14,acl:relcl
554,et,Alexandriae,in,et,et,O,CCONJ,vexillo,73,cc
554,in,et,tota,in,in,O,ADP,triumpho,64,case
554,tota,in,Aegypto,tot,ota,O,DET,Aegypto,24,det
554,Aegypto,tota,et,Aeg,pto,B-LOC,PROPN,Alexandriae,20,conj
554,et,Aegypto,supra,et,et,O,CCONJ,vexillo,73,cc
554,supra,et,museum,sup,pra,O,ADV,museum,27,case
554,museum,supra,et,mus,eum,O,NOUN,lucorum,14,conj
554,et,museum,ab,et,et,O,CCONJ,vexillo,73,cc
554,ab,et,Alexandrina,ab,ab,O,ADP,biYbliothece,31,case
554,Alexandrina,ab,biYbliothece,Ale,ina,B-PERS:COG,ADJ,biYbliothece,31,amod
554,biYbliothece,Alexandrina,et,biY,ece,O,NOUN,Tiberio,1,conj
554,et,biYbliothece,archierei,et,et,O,CCONJ,vexillo,73,cc
554,archierei,et,et,arc,rei,O,NOUN,biYbliothece,31,conj
554,et,archierei,ad,et,et,O,CCONJ,vexillo,73,cc
554,ad,et,Hermen,ad,ad,O,ADP,legationes,42,case
554,Hermen,ad,Alexandreon,Her,men,O,PROPN,Tiberio,1,conj
554,Alexandreon,Hermen,per,Ale,eon,O,PROPN,Hermen,36,flat:name
554,per,Alexandreon,annos,per,per,O,ADP,annos,39,case
554,annos,per,et,ann,nos,O,NOUN,Tiberi,3,obl
554,et,annos,ad,et,et,O,CCONJ,vexillo,73,cc
554,ad,et,legationes,ad,ad,O,ADP,legationes,42,case
554,legationes,ad,et,leg,nes,B-TITLE,NOUN,Tiberio,1,conj
554,et,legationes,responsa,et,et,O,CCONJ,vexillo,73,cc
554,responsa,et,Graeca,res,nsa,O,NOUN,legationes,42,conj
554,Graeca,responsa,Caesaris,Gra,eca,O,ADJ,responsa,44,amod
554,Caesaris,Graeca,Augusti,Cae,ris,B-TITLE,PROPN,responsa,44,nmod
554,Augusti,Caesaris,divi,Aug,sti,I-TITLE,PROPN,Caesaris,46,nmod
554,divi,Augusti,Claudi,div,ivi,B-TITLE,VERB,Claudi,59,amod
554,Claudi,divi,et,Cla,udi,I-TITLE,PROPN,fabrum,57,nmod
554,et,Claudi,tribuno,et,et,O,CCONJ,vexillo,73,cc
554,tribuno,et,militum,tri,uno,B-TITLE,NOUN,Tiberio,1,conj
554,militum,tribuno,legionis,mil,tum,I-TITLE,NOUN,tribuno,51,nmod
554,legionis,militum,XX,leg,nis,O,NOUN,tribuno,51,nmod
554,XX,legionis,et,XX,XX,O,NUM,legionis,53,nummod
554,et,XX,praefecto,et,et,O,CCONJ,vexillo,73,cc
554,praefecto,et,fabrum,pra,cto,B-TITLE,NOUN,Tiberio,1,conj
554,fabrum,praefecto,divi,fab,rum,O,NOUN,praefecto,56,nmod
554,divi,fabrum,Claudi,div,ivi,B-PERS:FILI,VERB,Claudi,59,amod
554,Claudi,divi,et,Cla,udi,I-PERS:FILI,PROPN,fabrum,57,nmod
554,et,Claudi,donis,et,et,O,CCONJ,vexillo,73,cc
554,donis,et,donato,don,nis,O,NOUN,donato,62,obl:arg
554,donato,donis,in,don,ato,O,VERB,praefecto,56,conj
554,in,donato,triumpho,in,in,O,ADP,triumpho,64,case
554,triumpho,in,a,tri,pho,O,NOUN,donato,62,obl
554,a,triumpho,divo,a,a,O,ADP,Claudio,67,case
554,divo,a,Claudio,div,ivo,O,X,Claudio,67,amod
554,Claudio,divo,corona,Cla,dio,O,PROPN,donato,62,obl
554,corona,Claudio,et,cor,ona,O,NOUN,Tiberio,1,conj
554,et,corona,hasta,et,et,O,CCONJ,vexillo,73,cc
554,hasta,et,pura,has,sta,O,ADV,corona,68,conj
554,pura,hasta,et,pur,ura,O,ADJ,hasta,70,amod
554,et,pura,vexillo,et,et,O,CCONJ,vexillo,73,cc
554,vexillo,et,<END>,vex,llo,O,NOUN,corona,68,conj
668,divi,<START>,Magni,div,ivi,B-PERS:FILI,VERB,filio,4,nmod
668,Magni,divi,Antonini,Mag,gni,I-PERS:FILI,ADJ,Severi,6,amod
668,Antonini,Magni,filio,Ant,ini,I-PERS:FILI,PROPN,Magni,2,flat:name
668,filio,Antonini,divi,fil,lio,I-PERS:FILI,NOUN,Antonini,3,appos
668,divi,filio,Severi,div,ivi,O,VERB,filio,4,nmod
668,Severi,divi,milia,Sev,eri,O,PROPN,divi,1,nmod
668,milia,Severi,passuum,mil,lia,O,NUM,milia,7,ROOT
668,passuum,milia,VII,pas,uum,O,NOUN,milia,7,nmod
668,VII,passuum,<END>,VII,VII,O,NUM,milia,7,nummod
52,Vivus,<START>,Caius,Viv,vus,O,ADJ,Vivus,1,ROOT
52,Caius,Vivus,Ovidius,Cai,ius,B-PERS:PRAE,PROPN,Vivus,1,conj
52,Ovidius,Caius,Cai,Ovi,ius,B-PERS:NOMEN,PROPN,Vivus,1,conj
52,Cai,Ovidius,libertus,Cai,Cai,B-PERS:FILI,PROPN,libertus,5,nmod
52,libertus,Cai,Zenophilus,lib,tus,I-PERS:FILI,NOUN,Lucius,7,appos
52,Zenophilus,libertus,Lucius,Zen,lus,B-PERS:COG,PROPN,Vivus,1,conj
52,Lucius,Zenophilus,Vecilius,Luc,ius,B-PERS:PRAE,PROPN,Vivus,1,conj
52,Vecilius,Lucius,Luci,Vec,ius,B-PERS:NOMEN,PROPN,Lucius,7,flat:name
52,Luci,Vecilius,libertus,Luc,uci,B-PERS:FILI,PROPN,libertus,10,nmod
52,libertus,Luci,Maes,lib,tus,I-PERS:FILI,NOUN,Lucius,7,appos
52,Maes,libertus,<END>,Mae,aes,B-PERS:COG,PROPN,Vivus,1,conj
990,Caius,<START>,Seccius,Cai,ius,B-PERS:PRAE,PROPN,Caius,1,appos
990,Seccius,Caius,Cnaei,Sec,ius,B-PERS:NOMEN,PROPN,Caius,11,flat:name
990,Cnaei,Seccius,filius,Cna,aei,B-PERS:FILI,PROPN,filius,4,nmod
990,filius,Cnaei,Sergia,fil,ius,I-PERS:FILI,NOUN,Caius,11,appos
990,Sergia,filius,Marcellus,Ser,gia,B-PERS:TRIBE,PROPN,Caius,11,appos
990,Marcellus,Sergia,decurio,Mar,lus,B-PERS:COG,PROPN,Caius,1,conj
990,decurio,Marcellus,IIvir,dec,rio,O,NOUN,Sergia,15,appos
990,IIvir,decurio,iure,IIv,vir,O,NUM,Sergia,15,appos
990,iure,IIvir,dicundo,iur,ure,O,NOUN,dicundo,20,nsubj:pass
990,dicundo,iure,Caius,dic,ndo,O,VERB,Caius,11,acl
990,Caius,dicundo,Seccius,Cai,ius,B-PERS:PRAE,PROPN,Caius,1,appos
990,Seccius,Caius,Cai,Sec,ius,B-PERS:NOMEN,PROPN,Caius,11,flat:name
990,Cai,Seccius,filius,Cai,Cai,B-PERS:FILI,PROPN,filius,14,nmod
990,filius,Cai,Sergia,fil,ius,I-PERS:FILI,NOUN,Caius,11,appos
990,Sergia,filius,Aper,Ser,gia,B-PERS:TRIBE,PROPN,Caius,11,appos
990,Aper,Sergia,decurio,Ape,per,B-PERS:COG,NOUN,Sergia,15,flat:name
990,decurio,Aper,IIvir,dec,rio,O,NOUN,Sergia,15,appos
990,IIvir,decurio,iure,IIv,vir,O,NUM,Sergia,15,appos
990,iure,IIvir,dicundo,iur,ure,O,NOUN,dicundo,20,nsubj:pass
990,dicundo,iure,ex,dic,ndo,O,VERB,Caius,11,acl
990,ex,dicundo,pecunia,ex,ex,O,ADP,pecunia,22,case
990,pecunia,ex,honoraria,pec,nia,O,NOUN,Caius,1,obl
990,honoraria,pecunia,IIviratus,hon,ria,O,ADJ,pecunia,22,amod
990,IIviratus,honoraria,porticus,IIv,tus,O,PROPN,porticus,25,nmod
990,porticus,IIviratus,et,por,cus,O,NOUN,dedIerunt,29,xcomp
990,et,porticus,tric,et,et,O,CCONJ,hlinam,28,cc
990,tric,et,hlinam,tri,ric,O,NOUN,hlinam,28,nummod
990,hlinam,tric,dedIerunt,hli,nam,O,NOUN,porticus,25,conj
990,dedIerunt,hlinam,locus,ded,unt,O,VERB,Caius,1,acl
990,locus,dedIerunt,datus,loc,cus,O,NOUN,Caius,1,nsubj
990,datus,locus,publice,dat,tus,O,VERB,Caius,1,acl
990,publice,datus,decreto,pub,ice,O,ADV,decreto,33,advmod
990,decreto,publice,decurionum,dec,eto,O,NOUN,datus,31,obl
990,decurionum,decreto,<END>,dec,num,O,NOUN,datus,31,xcomp
564,Lucio,<START>,Albucio,Luc,cio,B-PERS:PRAE,PROPN,accepisse,15,obl
564,Albucio,Lucio,Iusto,Alb,cio,B-PERS:NOMEN,PROPN,Lucio,1,flat:name
564,Iusto,Albucio,Lucio,Ius,sto,B-PERS:COG,PROPN,Lucio,1,flat:name
564,Lucio,Iusto,Veranio,Luc,cio,B-PERS:PRAE,PROPN,accepisse,15,obl
564,Veranio,Lucio,Hypsaeo,Ver,nio,B-PERS:NOMEN,ADJ,Lucio,1,flat:name
564,Hypsaeo,Veranio,duumviris,Hyp,aeo,B-PERS:COG,PROPN,duumviris,7,dislocated
564,duumviris,Hypsaeo,iure,duu,ris,O,NOUN,Lucio,1,conj
564,iure,duumviris,dicundo,iur,ure,O,NOUN,dicundo,9,nsubj:pass
564,dicundo,iure,Privatus,dic,ndo,O,VERB,Lucio,1,advcl:abs
564,Privatus,dicundo,coloniae,Pri,tus,B-PERS,ADJ,scripsi,13,advcl
564,coloniae,Privatus,servuOs,col,iae,O,NOUN,servuOs,12,nmod
564,servuOs,coloniae,scripsi,ser,uOs,O,NOUN,Privatus,10,obj
564,scripsi,servuOs,me,scr,psi,O,VERB,scripsi,13,ROOT
564,me,scripsi,accepisse,me,me,O,PRON,accepisse,15,nsubj
564,accepisse,me,ab,acc,sse,O,VERB,scripsi,13,ccomp
564,ab,accepisse,Lucio,ab,ab,O,ADP,Lucio,17,case
564,Lucio,ab,Caecilio,Luc,cio,B-PERS:PRAE,PROPN,accepisse,15,obl
564,Caecilio,Lucio,Iucundo,Cae,lio,B-PERS:NOMEN,PROPN,Lucio,17,flat:name
564,Iucundo,Caecilio,sestertios,Iuc,ndo,B-PERS:COG,PROPN,Lucio,17,flat:name
564,sestertios,Iucundo,mille,ses,ios,O,X,servuOs,12,conj
564,mille,sestertios,sescentos,mil,lle,O,NUM,sestertios,20,nummod
564,sescentos,mille,<END>,ses,tos,O,NUM,mille,21,flat
454,ut,<START>,vis,ut,ut,O,SCONJ,vis,2,mark
454,vis,ut,domine,vis,vis,O,NOUN,vis,2,ROOT
454,domine,vis,vexillarium,dom,ine,O,NOUN,vis,2,vocative
454,vexillarium,domine,<END>,vex,ium,O,NOUN,domine,3,nmod
78,locum,<START>,sepultur,loc,cum,O,NOUN,sepultur,11,nsubj:pass
78,sepultur,locum,ia,sep,tur,O,VERB,XXV,5,acl:relcl
78,ia,sepultur,funeretur,ia,ia,O,PUNCT,funeretur,4,nsubj
78,funeretur,ia,XXV,fun,tur,O,VERB,sepultur,2,conj
78,XXV,funeretur,de,XXV,XXV,O,NUM,decrevit,14,nsubj
78,de,XXV,huic,de,de,O,ADP,ordo,8,case
78,huic,de,ordo,hui,uic,O,DET,ordo,8,det
78,ordo,huic,Ilurcicolensium,ord,rdo,O,NOUN,sepultur,11,obl
78,Ilurcicolensium,ordo,locum,Ilu,ium,O,ADJ,locum,10,amod
78,locum,Ilurcicolensium,sepultur,loc,cum,O,NOUN,sepultur,11,nsubj:pass
78,sepultur,locum,impensam,sep,tur,O,VERB,XXV,5,acl:relcl
78,impensam,sepultur,funeris,imp,sam,O,NOUN,decrevit,14,obj
78,funeris,impensam,decrevit,fun,ris,O,NOUN,impensam,12,nmod
78,decrevit,funeris,<END>,dec,vit,O,VERB,sepultur,2,acl:relcl
256,lanius,<START>,Marax,lan,ius,B-PERS:NOMEN,ADV,vixit,3,xcomp
256,Marax,lanius,vixit,Mar,rax,B-PERS:COG,PROPN,lanius,1,flat
256,vixit,Marax,annis,vix,xit,O,VERB,vixit,3,ROOT
256,annis,vixit,XXX,ann,nis,O,NOUN,vixit,3,obl
256,XXX,annis,hic,XXX,XXX,O,NUM,annis,4,nummod
256,hic,XXX,situs,hic,hic,O,ADV,situs,7,nsubj
256,situs,hic,est,sit,tus,O,NOUN,vixit,3,conj
256,est,situs,<END>,est,est,O,AUX,situs,7,cop
913,Flavius,<START>,Gaudentius,Fla,ius,B-PERS:NOMEN,PROPN,Flavius,1,ROOT
913,Gaudentius,Flavius,vir,Gau,ius,B-PERS:COG,PROPN,Flavius,1,flat:name
913,vir,Gaudentius,devotus,vir,vir,O,VERB,Flavius,1,appos
913,devotus,vir,protector,dev,tus,O,ADJ,vir,3,amod
913,protector,devotus,lateris,pro,tor,O,NOUN,coniunx,10,appos
913,lateris,protector,divini,lat,ris,O,NOUN,protector,5,nmod
913,divini,lateris,et,div,ini,O,ADJ,lateris,6,amod
913,et,divini,Honorata,et,et,O,CCONJ,Honorata,9,cc
913,Honorata,et,coniunx,Hon,ata,O,VERB,coniunx,10,nmod
913,coniunx,Honorata,depositi,con,unx,O,NOUN,vir,3,appos
913,depositi,coniunx,Nonis,dep,iti,O,VERB,Flavius,1,acl
913,Nonis,depositi,Septembribus,Non,nis,O,NOUN,depositi,11,nmod
913,Septembribus,Nonis,<END>,Sep,bus,O,ADJ,Nonis,12,amod
718,Neptuno,<START>,Augusto,Nep,uno,B-PERS,PROPN,solvit,31,obl
718,Augusto,Neptuno,sacrum,Aug,sto,B-PERS:TITLE,PROPN,Neptuno,1,flat
718,sacrum,Augusto,vexillatio,sac,rum,O,ADJ,Neptuno,1,dep
718,vexillatio,sacrum,legionis,vex,tio,O,NOUN,Neptuno,1,conj
718,legionis,vexillatio,I,leg,nis,O,NOUN,Valeri,24,nmod
718,I,legionis,Italicae,I,I,O,NUM,Eptidi,17,conj
718,Italicae,I,Moesicae,Ita,cae,O,ADJ,I,28,amod
718,Moesicae,Italicae,et,Moe,cae,O,ADJ,I,6,nmod
718,et,Moesicae,V,et,et,O,CCONJ,Valeri,24,cc
718,V,et,Macedonicae,V,V,O,,Eptidi,17,conj
718,Macedonicae,V,Dacicae,Mac,cae,O,ADJ,Eptidi,17,conj
718,Dacicae,Macedonicae,Tropaei,Dac,cae,O,ADJ,Macedonicae,11,orphan
718,Tropaei,Dacicae,sub,Tro,aei,O,PROPN,Macedonicae,11,conj
718,sub,Tropaei,cura,sub,sub,O,ADP,cura,15,case
718,cura,sub,m,cur,ura,O,PUNCT,Neptuno,1,conj
718,m,cura,Eptidi,m,m,O,X,cura,15,obl
718,Eptidi,m,Modesti,Ept,idi,B-PERS:NOMEN,PROPN,cura,15,nmod
718,Modesti,Eptidi,centurionis,Mod,sti,B-PERS:COG,ADJ,centurionis,19,amod
718,centurionis,Modesti,legionis,cen,nis,O,NOUN,Valeri,24,appos
718,legionis,centurionis,V,leg,nis,O,NOUN,Valeri,24,nmod
718,V,legionis,Macedonicae,V,V,O,,Eptidi,17,conj
718,Macedonicae,V,et,Mac,cae,O,ADJ,Eptidi,17,conj
718,et,Macedonicae,Valeri,et,et,O,CCONJ,Valeri,24,cc
718,Valeri,et,Clementis,Val,eri,B-PERS:NOMEN,VERB,Eptidi,17,conj
718,Clementis,Valeri,centurionis,Cle,tis,B-PERS:COG,PROPN,Valeri,24,flat:name
718,centurionis,Clementis,legionis,cen,nis,O,NOUN,Valeri,24,appos
718,legionis,centurionis,I,leg,nis,O,NOUN,Valeri,24,nmod
718,I,legionis,Italicae,I,I,O,NUM,Eptidi,17,conj
718,Italicae,I,votum,Ita,cae,O,ADJ,I,28,amod
718,votum,Italicae,solvit,vot,tum,O,NOUN,solvit,31,obj
718,solvit,votum,libens,sol,vit,O,VERB,solvit,31,ROOT
718,libens,solvit,merito,lib,ens,O,ADJ,solvit,31,advcl:pred
718,merito,libens,<END>,mer,ito,O,VERB,libens,32,obl
188,s,<START>,requiescit,s,s,O,PUNCT,requiescit,2,dep
188,requiescit,s,amicus,req,cit,O,VERB,requiescit,2,ROOT
188,amicus,requiescit,bonorum,ami,cus,O,NOUN,requiescit,2,nsubj
188,bonorum,amicus,qOui,bon,rum,O,NOUN,amicus,3,nmod
188,qOui,bonorum,vixit,qOu,Oui,O,ADV,requiescit,2,nsubj
188,vixit,qOui,annis,vix,xit,O,VERB,requiescit,2,conj
188,annis,vixit,Septembres,ann,nis,O,NOUN,vixit,6,obl
188,Septembres,annis,ddominis,Sep,res,O,NOUN,annis,7,amod
188,ddominis,Septembres,nnostris,ddo,nis,O,NOUN,fecit,17,obl:arg
188,nnostris,ddominis,Theodosio,nno,ris,O,DET,ddominis,9,amod
188,Theodosio,nnostris,consulibus,The,sio,B-PERS,PROPN,ddominis,9,flat
188,consulibus,Theodosio,sibi,con,bus,O,NOUN,ddominis,9,nmod
188,sibi,consulibus,se,sib,ibi,O,PRON,fecit,17,obl
188,se,sibi,viva,se,se,O,PRON,fecit,17,obj
188,viva,se,simul,viv,iva,O,ADJ,fecit,17,xcomp
188,simul,viva,fecit,sim,mul,O,ADV,fecit,17,advmod:tmod
188,fecit,simul,<END>,fec,cit,O,VERB,requiescit,2,conj
830,OP,<START>,sacerdos,OP,OP,B-PERS,PUNCT,sacerdos,2,advmod:emph
830,sacerdos,OP,et,sac,dos,O,NOUN,vixit,8,nsubj
830,et,sacerdos,magister,et,et,O,CCONJ,magister,4,cc
830,magister,et,templorum,mag,ter,O,NOUN,sacerdos,2,conj
830,templorum,magister,vere,tem,rum,O,NOUN,magister,4,nmod
830,vere,templorum,pius,ver,ere,O,ADV,pius,7,advmod
830,pius,vere,vixit,piu,ius,O,ADJ,vixit,8,xcomp
830,vixit,pius,annis,vix,xit,O,VERB,vixit,8,ROOT
830,annis,vixit,LXVI,ann,nis,O,NOUN,vixit,8,obl:tmod
830,LXVI,annis,hic,LXV,XVI,O,NUM,annis,9,nummod
830,hic,LXVI,situs,hic,hic,O,ADV,situs,12,nsubj
830,situs,hic,est,sit,tus,O,NOUN,vixit,8,conj
830,est,situs,ossa,est,est,O,AUX,situs,12,aux:pass
830,ossa,est,tibi,oss,ssa,O,NOUN,quiescant,17,nsubj
830,tibi,ossa,bene,tib,ibi,O,PRON,levis,20,obl
830,bene,tibi,quiescant,ben,ene,O,ADV,quiescant,17,advmod
830,quiescant,bene,terra,qui,ant,O,VERB,vixit,8,conj
830,terra,quiescant,tibi,ter,rra,O,NOUN,vixit,8,nsubj
830,tibi,terra,levis,tib,ibi,O,PRON,levis,20,obl
830,levis,tibi,sit,lev,vis,O,ADJ,vixit,8,conj
830,sit,levis,<END>,sit,sit,O,AUX,levis,20,cop
144,Dis,<START>,Manibus,Dis,Dis,O,NOUN,Manibus,2,case
144,Manibus,Dis,Primi,Man,bus,O,PROPN,vixit,15,obl
144,Primi,Manibus,Aeliani,Pri,imi,B-PERS,PROPN,Aeliani,4,dislocated
144,Aeliani,Primi,quondam,Ael,ani,B-PERS:NOMEN,PROPN,Manibus,2,nsubj
144,quondam,Aeliani,militis,quo,dam,O,ADV,militis,6,amod
144,militis,quondam,cohortis,mil,tis,O,NOUN,Aeliani,4,appos
144,cohortis,militis,VI,coh,tis,O,NOUN,militis,6,nmod
144,VI,cohortis,praetoriae,VI,VI,O,NUM,cohortis,7,nummod
144,praetoriae,VI,Antoninianae,pra,iae,O,ADJ,cohortis,7,nmod
144,Antoninianae,praetoriae,Piae,Ant,nae,O,ADJ,cohortis,7,conj
144,Piae,Antoninianae,Vindicis,Pia,iae,O,PROPN,stipendiorum,13,nmod
144,Vindicis,Piae,stipendiorum,Vin,cis,O,NOUN,Piae,11,flat:name
144,stipendiorum,Vindicis,XII,sti,rum,O,NOUN,Manibus,2,nmod
144,XII,stipendiorum,vixit,XII,XII,O,NUM,stipendiorum,13,nummod
144,vixit,XII,annos,vix,xit,O,VERB,vixit,15,ROOT
144,annos,vixit,<END>,ann,nos,O,NOUN,vixit,15,obj
967,Dis,<START>,Manibus,Dis,Dis,O,NOUN,Manibus,2,case
967,Manibus,Dis,memoriaeque,Man,bus,O,PROPN,fecerunt,15,obl
967,memoriaeque,Manibus,Velina,mem,que,O,ADJ,,-1,
967,Velina,memoriaeque,Quieti,Vel,ina,B-PERS:PRAE,ADJ,Velina,5,appos
967,Quieti,Velina,filius,Qui,eti,B-PERS:FILI,ADJ,filius,7,nmod
967,filius,Quieti,Velina,fil,ius,I-PERS:FILI,NOUN,Velina,5,appos
967,Velina,filius,Quietus,Vel,ina,B-PERS:TRIBE,ADJ,Velina,5,appos
967,Quietus,Velina,pater,Qui,tus,B-PERS:COG,ADJ,Velina,5,appos
967,pater,Quietus,et,pat,ter,O,NOUN,Quietus,9,appos
967,et,pater,mater,et,et,O,CCONJ,mater,12,cc
967,mater,et,filio,mat,ter,O,NOUN,Quietus,9,conj
967,filio,mater,karissimo,fil,lio,O,NOUN,Velina,5,appos
967,karissimo,filio,fecerunt,kar,imo,O,ADJ,filio,13,amod
967,fecerunt,karissimo,locus,fec,unt,O,VERB,fecerunt,15,ROOT
967,locus,fecerunt,datus,loc,cus,O,NOUN,fecerunt,15,obj
967,datus,locus,decreto,dat,tus,O,VERB,fecerunt,15,advcl
967,decreto,datus,decurionum,dec,eto,O,NOUN,datus,17,obl:arg
967,decurionum,decreto,Potentiae,dec,num,O,NOUN,decreto,18,nmod
967,Potentiae,decurionum,<END>,Pot,iae,B-LOC,NOUN,decurionum,19,nmod
815,Deae,<START>,Nehalenniae,Dea,eae,O,NOUN,Marcus,3,nmod
815,Nehalenniae,Deae,Marcus,Neh,iae,O,ADJ,Deae,1,amod
815,Marcus,Nehalenniae,Assonius,Mar,cus,B-PERS:PRAE,PROPN,Marcus,3,ROOT
815,Assonius,Marcus,Aelius,Ass,ius,B-PERS:NOMEN,PROPN,Marcus,3,flat:name
815,Aelius,Assonius,Q,Ael,ius,B-PERS:COG,PROPN,Marcus,3,flat:name
815,Q,Aelius,B,Q,Q,O,PUNCT,Marcus,3,nmod
815,B,Q,<END>,B,B,O,PUNCT,Q,6,flat:name
706,Dis,<START>,Manibus,Dis,Dis,O,NOUN,Manibus,2,case
706,Manibus,Dis,sacrum,Man,bus,O,PROPN,vixit,7,obl
706,sacrum,Manibus,Publius,sac,rum,O,ADJ,Manibus,2,amod
706,Publius,sacrum,Tannonius,Pub,ius,B-PERS:PRAE,PROPN,vixit,7,nsubj
706,Tannonius,Publius,Iustus,Tan,ius,B-PERS:NOMEN,PROPN,Publius,4,flat:name
706,Iustus,Tannonius,vixit,Ius,tus,B-PERS:COG,PROPN,Publius,4,amod
706,vixit,Iustus,annis,vix,xit,O,VERB,vixit,7,ROOT
706,annis,vixit,XXXXIII,ann,nis,O,NOUN,vixit,7,obl
706,XXXXIII,annis,hic,XXX,III,O,NUM,annis,8,nummod
706,hic,XXXXIII,situs,hic,hic,O,ADV,situs,11,nsubj
706,situs,hic,est,sit,tus,O,NOUN,vixit,7,conj
706,est,situs,curam,est,est,O,AUX,situs,11,aux:pass
706,curam,est,agente,cur,ram,O,NOUN,agente,14,obj
706,agente,curam,Tannonio,age,nte,O,PUNCT,quiescant,20,advcl:abs
706,Tannonio,agente,Saturnino,Tan,nio,B-PERS:NOMEN,NOUN,agente,14,nsubj
706,Saturnino,Tannonio,ossa,Sat,ino,B-PERS:COG,PROPN,Tannonio,15,flat:name
706,ossa,Saturnino,tibi,oss,ssa,O,NOUN,quiescant,20,nsubj
706,tibi,ossa,bene,tib,ibi,O,PRON,quiescant,20,obl:arg
706,bene,tibi,quiescant,ben,ene,O,ADV,quiescant,20,advmod
706,quiescant,bene,<END>,qui,ant,O,VERB,vixit,7,conj
924,Imperator,<START>,Caesar,Imp,tor,B-PERS:TITLE,NOUN,Imperator,1,ROOT
924,Caesar,Imperator,divi,Cae,sar,B-PERS:TITLE,PROPN,Imperator,1,flat
924,divi,Caesar,filius,div,ivi,B-PERS:FILI,VERB,filius,4,nmod
924,filius,divi,Augustus,fil,ius,I-PERS:FILI,NOUN,Imperator,1,appos
924,Augustus,filius,pontifex,Aug,tus,B-PERS:TITLE,PROPN,filius,4,flat
924,pontifex,Augustus,maxiUmus,pon,fex,B-TITLE,NOUN,filius,4,appos
924,maxiUmus,pontifex,consul,max,mus,I-TITLE,ADJ,consul,8,amod
924,consul,maxiUmus,XII,con,sul,B-TITLE,NOUN,Imperator,1,appos
924,XII,consul,designatus,XII,XII,O,NUM,consul,8,nummod
924,designatus,XII,XIII,des,tus,O,VERB,consul,8,acl
924,XIII,designatus,imperator,XII,III,O,NUM,imperator,12,nummod
924,imperator,XIII,XIIII,imp,tor,B-TITLE,NOUN,Imperator,1,conj
924,XIIII,imperator,tribunicia,XII,III,O,NUM,imperator,12,nummod
924,tribunicia,XIIII,potestate,tri,cia,B-TITLE,ADJ,potestate,15,amod
924,potestate,tribunicia,XX,pot,ate,I-TITLE,NOUN,imperator,12,nmod
924,XX,potestate,<END>,XX,XX,O,NUM,imperator,12,nummod
255,Aniensi,<START>,Surae,Ani,nsi,B-PERS:NOMEN,ADJ,Aniensi,1,ROOT
255,Surae,Aniensi,primoI,Sur,rae,B-PERS:COG,PROPN,Aniensi,1,nmod
255,primoI,Surae,pilo,pri,moI,O,NUM,pilo,4,amod
255,pilo,primoI,legionis,pil,ilo,O,NOUN,Aniensi,1,conj
255,legionis,pilo,VI,leg,nis,O,NOUN,centurio,16,nmod
255,VI,legionis,Ferratae,VI,VI,O,NUM,legionis,17,nummod
255,Ferratae,VI,IIviro,Fer,tae,O,PROPN,Sabatina,14,nmod
255,IIviro,Ferratae,quinquennali,IIv,iro,O,PROPN,Aniensi,1,conj
255,quinquennali,IIviro,Caius,qui,ali,O,ADJ,IIviro,8,amod
255,Caius,quinquennali,Aelius,Cai,ius,B-PERS:PRAE,PROPN,Aniensi,1,conj
255,Aelius,Caius,Cai,Ael,ius,B-PERS:NOMEN,PROPN,Caius,10,flat:name
255,Cai,Aelius,filius,Cai,Cai,B-PERS:FILI,PROPN,filius,13,nmod
255,filius,Cai,Sabatina,fil,ius,I-PERS:FILI,NOUN,Caius,10,appos
255,Sabatina,filius,Rufus,Sab,ina,B-PERS:TRIBE,PROPN,Caius,10,appos
255,Rufus,Sabatina,centurio,Ruf,fus,B-PERS:COG,PROPN,Sabatina,14,flat:name
255,centurio,Rufus,legionis,cen,rio,O,NOUN,Sabatina,14,appos
255,legionis,centurio,VI,leg,nis,O,NOUN,centurio,16,nmod
255,VI,legionis,Ferratae,VI,VI,O,NUM,legionis,17,nummod
255,Ferratae,VI,<END>,Fer,tae,O,PROPN,Sabatina,14,nmod
112,E,<START>,AR,E,E,O,ADP,AR,2,case
112,AR,E,IS,AR,AR,O,PUNCT,AR,2,ROOT
112,IS,AR,s,IS,IS,O,PUNCT,AR,2,nsubj
112,s,IS,Iunianus,s,s,O,PUNCT,AR,2,conj
112,Iunianus,s,Martialianus,Iun,nus,B-PERS:PRAE,PROPN,AR,2,nsubj
112,Martialianus,Iunianus,Leontius,Mar,nus,B-PERS:NOMEN,ADJ,Iunianus,5,flat:name
112,Leontius,Martialianus,dominus,Leo,ius,B-PERS:COG,PROPN,Martialianus,6,flat:name
112,dominus,Leontius,dignissimae,dom,nus,O,NOUN,Iunianus,5,appos
112,dignissimae,dominus,<END>,dig,mae,O,ADJ,dominus,8,nmod
348,Imperator,<START>,Caesar,Imp,tor,B-PERS:TITLE,NOUN,Imperator,1,ROOT
348,Caesar,Imperator,divi,Cae,sar,B-PERS:TITLE,PROPN,Imperator,1,flat
348,divi,Caesar,Hadriani,div,ivi,B-PERS:FILI,VERB,Nervae,11,amod
348,Hadriani,divi,filius,Had,ani,I-PERS:FILI,PROPN,filius,5,nmod
348,filius,Hadriani,divi,fil,ius,I-PERS:FILI,NOUN,Caesar,2,appos
348,divi,filius,Traiani,div,ivi,B-PERS:FILI,VERB,Nervae,11,amod
348,Traiani,divi,Parthici,Tra,ani,I-PERS:FILI,PROPN,filius,5,nmod
348,Parthici,Traiani,nepos,Par,ici,I-PERS:FILI,ADJ,Traiani,7,amod
348,nepos,Parthici,divi,nep,pos,I-PERS:FILI,NOUN,Traiani,7,appos
348,divi,nepos,Nervae,div,ivi,B-PERS:FILI,VERB,Nervae,11,amod
348,Nervae,divi,pronepos,Ner,vae,I-PERS:FILI,PROPN,Titus,13,nmod
348,pronepos,Nervae,Titus,pro,pos,I-PERS:FILI,X,Nervae,11,appos
348,Titus,pronepos,Aelius,Tit,tus,B-PERS:PRAE,PROPN,Traiani,7,conj
348,Aelius,Titus,Hadrianus,Ael,ius,B-PERS:NOMEN,PROPN,Titus,13,flat:name
348,Hadrianus,Aelius,Antoninus,Had,nus,B-PERS:COG,PROPN,Titus,13,flat:name
348,Antoninus,Hadrianus,Augustus,Ant,nus,B-PERS:NOMEN,PROPN,Imperator,1,conj
348,Augustus,Antoninus,Pius,Aug,tus,B-PERS:TITLE,PROPN,Antoninus,16,flat:name
348,Pius,Augustus,pontifex,Piu,ius,B-PERS:AG,ADJ,Antoninus,16,flat:name
348,pontifex,Pius,maximus,pon,fex,B-TITLE,NOUN,Antoninus,16,appos
348,maximus,pontifex,tribunicia,max,mus,I-TITLE,ADJ,potestate,22,amod
348,tribunicia,maximus,potestate,tri,cia,B-TITLE,ADJ,potestate,22,amod
348,potestate,tribunicia,IIII,pot,ate,I-TITLE,NOUN,pontifex,19,nmod
348,IIII,potestate,consul,III,III,O,NUM,consul,24,nummod
348,consul,IIII,III,con,sul,B-TITLE,NOUN,Imperator,1,appos
348,III,consul,pater,III,III,O,NUM,consul,24,dep
348,pater,III,patriae,pat,ter,B-TITLE,NOUN,Imperator,1,appos
348,patriae,pater,equitibus,pat,iae,I-TITLE,ADJ,pater,26,nmod
348,equitibus,patriae,et,equ,bus,O,NOUN,pater,26,conj
348,et,equitibus,peditibus,et,et,O,CCONJ,victrix,47,cc
348,peditibus,et,qui,ped,bus,O,NOUN,equitibus,28,conj
348,qui,peditibus,militaverunt,qui,qui,O,PUNCT,militaverunt,32,nsubj
348,militaverunt,qui,in,mil,unt,O,VERB,pater,26,acl:relcl
348,in,militaverunt,alis,in,in,O,ADP,alis,34,case
348,alis,in,et,ali,lis,O,NOUN,militaverunt,32,obl
348,et,alis,cohortibus,et,et,O,CCONJ,victrix,47,cc
348,cohortibus,et,I,coh,bus,O,NOUN,alis,34,conj
348,I,cohortibus,quae,I,I,O,NUM,victrix,47,nmod
348,quae,I,appellantur,qua,uae,O,PRON,appellantur,39,nsubj:pass
348,appellantur,quae,I,app,tur,O,PUNCT,I,37,acl:relcl
348,I,appellantur,Ulpia,I,I,O,NUM,victrix,47,nmod
348,Ulpia,I,contariorum,Ulp,pia,O,PROPN,I,40,nmod
348,contariorum,Ulpia,miliaria,con,rum,O,NOUN,miliaria,43,nmod
348,miliaria,contariorum,et,mil,ria,O,NOUN,Ulpia,41,appos
348,et,miliaria,I,et,et,O,CCONJ,victrix,47,cc
348,I,et,Thracum,I,I,O,NUM,victrix,47,nmod
348,Thracum,I,victrix,Thr,cum,O,PROPN,I,45,flat:name
348,victrix,Thracum,et,vic,rix,O,NOUN,Ulpia,41,conj
348,et,victrix,<END>,et,et,O,CCONJ,victrix,47,cc
413,Caius,<START>,Arestius,Cai,ius,B-PERS:PRAE,PROPN,Caius,1,ROOT
413,Arestius,Caius,Cai,Are,ius,B-PERS:NOMEN,PROPN,Caius,1,flat:name
413,Cai,Arestius,filius,Cai,Cai,B-PERS:FILI,PROPN,Claudia,5,nmod
413,filius,Cai,Claudia,fil,ius,I-PERS:FILI,NOUN,Cai,3,appos
413,Claudia,filius,Firmus,Cla,dia,B-PERS:COG,PROPN,Caius,1,conj
413,Firmus,Claudia,veteranus,Fir,mus,B-PERS:AG,PROPN,Claudia,5,flat:name
413,veteranus,Firmus,legionis,vet,nus,O,ADJ,Firmus,6,amod
413,legionis,veteranus,XV,leg,nis,O,NOUN,veteranus,7,nmod
413,XV,legionis,Apollinaris,XV,XV,O,NUM,annorum,11,nummod
413,Apollinaris,XV,annorum,Apo,ris,O,ADJ,annorum,11,amod
413,annorum,Apollinaris,XL,ann,rum,O,NOUN,Caius,1,nmod
413,XL,annorum,hic,XL,XL,O,NUM,Caius,1,nummod
413,hic,XL,situs,hic,hic,O,ADV,situs,14,advmod:lmod
413,situs,hic,est,sit,tus,O,NOUN,Caius,1,conj
413,est,situs,Vettia,est,est,O,AUX,situs,14,aux:pass
413,Vettia,est,Sabina,Vet,tia,B-PERS:NOMEN,PROPN,Caius,1,appos
413,Sabina,Vettia,coniunx,Sab,ina,B-PERS:COG,PROPN,Vettia,16,flat:name
413,coniunx,Sabina,et,con,unx,O,NOUN,Vettia,16,appos
413,et,coniunx,filii,et,et,O,CCONJ,filii,20,cc
413,filii,et,pro,fil,lii,O,NOUN,Vettia,16,conj
413,pro,filii,pietate,pro,pro,O,ADP,pietate,22,case
413,pietate,pro,<END>,pie,ate,O,NOUN,filii,20,nmod
63,Imperatore,<START>,Caesare,Imp,ore,B-PERS:TITLE,NOUN,Imperatore,1,advcl:abs
63,Caesare,Imperatore,Vespasiano,Cae,are,B-PERS:TITLE,PROPN,Imperatore,1,nsubj
63,Vespasiano,Caesare,Augusto,Ves,ano,B-PERS:NOMEN,PROPN,Imperatore,1,flat
63,Augusto,Vespasiano,pontifice,Aug,sto,B-PERS:TITLE,PROPN,Imperatore,1,nsubj
63,pontifice,Augusto,maximo,pon,ice,B-TITLE,NOUN,Imperatore,1,advcl:abs
63,maximo,pontifice,tribunicia,max,imo,I-TITLE,ADJ,potestate,8,amod
63,tribunicia,maximo,potestate,tri,cia,B-TITLE,ADJ,potestate,22,amod
63,potestate,tribunicia,imperatore,pot,ate,I-TITLE,NOUN,pontifice,20,obl
63,imperatore,potestate,patre,imp,ore,B-TITLE,NOUN,Vespasiano,16,conj
63,patre,imperatore,patriae,pat,tre,B-TITLE,NOUN,imperatore,9,nsubj
63,patriae,patre,consule,pat,iae,I-TITLE,ADJ,patre,10,nmod
63,consule,patriae,Imperatore,con,ule,B-TITLE,NOUN,Imperatore,1,appos
63,Imperatore,consule,Tito,Imp,ore,B-PERS:TITLE,NOUN,Imperatore,1,advcl:abs
63,Tito,Imperatore,Caesare,Tit,ito,B-PERS:PRAE,PROPN,Imperatore,13,nsubj
63,Caesare,Tito,Vespasiano,Cae,are,B-PERS:NOMEN,PROPN,Imperatore,1,nsubj
63,Vespasiano,Caesare,Augusti,Ves,ano,B-PERS:COG,PROPN,Imperatore,1,flat
63,Augusti,Vespasiano,filio,Aug,sti,B-PERS:TITLE,PROPN,legato,35,nmod
63,filio,Augusti,imperatore,fil,lio,B-PERS:FILI,NOUN,Caesare,24,appos
63,imperatore,filio,pontifice,imp,ore,I-PERS:FILI,NOUN,Vespasiano,16,conj
63,pontifice,imperatore,tribunicia,pon,ice,I-PERS:FILI,NOUN,Imperatore,1,advcl:abs
63,tribunicia,pontifice,potestate,tri,cia,B-TITLE,ADJ,potestate,22,amod
63,potestate,tribunicia,consule,pot,ate,I-TITLE,NOUN,pontifice,20,obl
63,consule,potestate,Caesare,con,ule,B-TITLE,NOUN,Imperatore,1,appos
63,Caesare,consule,Augusti,Cae,are,B-PERS:TITLE,PROPN,Imperatore,1,nsubj
63,Augusti,Caesare,filio,Aug,sti,B-PERS:TITLE,PROPN,legato,35,nmod
63,filio,Augusti,Domitiano,fil,lio,B-PERS:FILI,NOUN,Caesare,24,appos
63,Domitiano,filio,consule,Dom,ano,B-PERS:NOMEN,PROPN,Caesare,24,flat:name
63,consule,Domitiano,legio,con,ule,B-TITLE,NOUN,Imperatore,1,appos
63,legio,consule,III,leg,gio,O,NOUN,Imperatore,1,nsubj
63,III,legio,Augusta,III,III,O,NUM,legio,29,nummod
63,Augusta,III,Sexto,Aug,sta,O,PROPN,legio,29,nmod
63,Sexto,Augusta,Sentio,Sex,xto,B-PERS:PRAE,PROPN,praetore,38,nsubj
63,Sentio,Sexto,Caeciliano,Sen,tio,B-PERS:NOMEN,VERB,Sexto,32,flat:name
63,Caeciliano,Sentio,legato,Cae,ano,B-PERS:COG,PROPN,Sexto,32,flat:name
63,legato,Caeciliano,Augusti,leg,ato,B-TITLE,NOUN,Sexto,32,appos
63,Augusti,legato,pro,Aug,sti,I-TITLE,PROPN,legato,35,nmod
63,pro,Augusti,praetore,pro,pro,I-TITLE,ADP,praetore,38,case
63,praetore,pro,IIII,pra,ore,I-TITLE,NOUN,Imperatore,1,advcl:abs
63,IIII,praetore,<END>,III,III,O,NUM,praetore,38,nummod
101,Dis,<START>,Manibus,Dis,Dis,O,NOUN,Manibus,2,case
101,Manibus,Dis,Farsonio,Man,bus,O,PROPN,vixit,9,obl
101,Farsonio,Manibus,Occiario,Far,nio,B-PERS:NOMEN,PROPN,Manibus,2,conj
101,Occiario,Farsonio,militi,Occ,rio,B-PERS:COG,PROPN,Farsonio,3,flat:name
101,militi,Occiario,stipendiorum,mil,iti,O,NOUN,Manibus,2,appos
101,stipendiorum,militi,XX,sti,rum,O,NOUN,Manibus,2,nmod
101,XX,stipendiorum,qui,XX,XX,O,NUM,stipendiorum,6,nummod
101,qui,XX,vixit,qui,qui,O,PUNCT,vixit,9,nsubj
101,vixit,qui,annos,vix,xit,O,VERB,vixit,9,ROOT
101,annos,vixit,XL,ann,nos,O,NOUN,vixit,9,obl
101,XL,annos,<END>,XL,XL,O,NUM,annos,10,nummod
662,Dis,<START>,Manibus,Dis,Dis,O,NOUN,Manibus,2,case
662,Manibus,Dis,sacrum,Man,bus,O,PROPN,siti,12,obl
662,sacrum,Manibus,Cai,sac,rum,O,ADJ,siti,12,advcl:pred
662,Cai,sacrum,Murri,Cai,Cai,B-PERS:PRAE,PROPN,sacrum,3,nmod
662,Murri,Cai,Maelonis,Mur,rri,B-PERS:NOMEN,PROPN,Cai,4,nmod
662,Maelonis,Murri,et,Mae,nis,B-PERS:COG,PROPN,Cai,4,conj
662,et,Maelonis,Flaviae,et,et,O,CCONJ,uxoris,10,cc
662,Flaviae,et,Urbicae,Fla,iae,B-PERS:NOMEN,PROPN,uxoris,10,amod
662,Urbicae,Flaviae,uxoris,Urb,cae,B-PERS:COG,PROPN,Flaviae,8,amod
662,uxoris,Urbicae,hic,uxo,ris,O,NOUN,Cai,4,conj
662,hic,uxoris,siti,hic,hic,O,ADV,siti,12,advmod:lmod
662,siti,hic,sunt,sit,iti,O,PUNCT,curaverunt,23,advcl
662,sunt,siti,sit,sun,unt,O,PUNCT,siti,12,cop
662,sit,sunt,vobis,sit,sit,O,AUX,vobis,15,cop
662,vobis,sit,terra,vob,bis,O,PRON,siti,12,obl
662,terra,vobis,levis,ter,rra,O,NOUN,vobis,15,nsubj
662,levis,terra,Varius,lev,vis,O,ADJ,terra,16,amod
662,Varius,levis,Fronto,Var,ius,B-PERS:NOMEN,ADV,vobis,15,nsubj
662,Fronto,Varius,Ovia,Fro,nto,B-PERS:COG,NOUN,vobis,15,obl
662,Ovia,Fronto,Hermon,Ovi,via,B-PERS:NOMEN,PROPN,curaverunt,23,vocative
662,Hermon,Ovia,faciendum,Her,mon,B-PERS:COG,PROPN,curaverunt,23,obj
662,faciendum,Hermon,curaverunt,fac,dum,O,VERB,curaverunt,23,ccomp
662,curaverunt,faciendum,<END>,cur,unt,O,VERB,curaverunt,23,ROOT
670,Philetus,<START>,Liviae,Phi,tus,B-PERS,PROPN,Philetus,1,ROOT
670,Liviae,Philetus,Amaryllidis,Liv,iae,B-PERS:NOMEN,PROPN,Amaryllidis,3,nmod
670,Amaryllidis,Liviae,dispensator,Ama,dis,B-PERS:COG,PROPN,dispensator,4,nmod
670,dispensator,Amaryllidis,Eutactus,dis,tor,O,NOUN,Autolytus,14,appos
670,Eutactus,dispensator,Teidiae,Eut,tus,B-PERS,PROPN,Philetus,1,conj
670,Teidiae,Eutactus,Auges,Tei,iae,B-PERS:NOMEN,PROPN,dispensator,8,nmod
670,Auges,Teidiae,dispensator,Aug,ges,B-PERS:COG,NOUN,Teidiae,6,acl
670,dispensator,Auges,Hilarus,dis,tor,O,NOUN,Autolytus,14,appos
670,Hilarus,dispensator,Publi,Hil,rus,B-PERS,PROPN,Eutactus,5,conj
670,Publi,Hilarus,Tetti,Pub,bli,B-PERS:PRAE,PROPN,dispensator,13,nmod
670,Tetti,Publi,Tontiani,Tet,tti,B-PERS:NOMEN,PROPN,Publi,10,flat:name
670,Tontiani,Tetti,dispensator,Ton,ani,B-PERS:COG,PROPN,Tetti,11,flat:name
670,dispensator,Tontiani,Autolytus,dis,tor,O,NOUN,Autolytus,14,appos
670,Autolytus,dispensator,Marci,Aut,tus,B-PERS,NOUN,Philetus,1,conj
670,Marci,Autolytus,Fabi,Mar,rci,B-PERS:NOMEN,PROPN,dispensator,17,nmod
670,Fabi,Marci,dispensator,Fab,abi,B-PERS:COG,PROPN,Marci,15,flat:name
670,dispensator,Fabi,<END>,dis,tor,O,NOUN,Autolytus,14,appos
690,ASTIC,<START>,cohortis,AST,TIC,O,ADV,descriptum,9,advmod
690,cohortis,ASTIC,VIIII,coh,tis,O,NOUN,ASTIC,1,nmod
690,VIIII,cohortis,ex,VII,III,O,NUM,cohortis,2,nummod
690,ex,VIIII,equite,ex,ex,O,ADP,tabula,13,case
690,equite,ex,revocato,equ,ite,O,NOUN,descriptum,9,obl
690,revocato,equite,Luco,rev,ato,O,VERB,equite,5,acl
690,Luco,revocato,Feroniae,Luc,uco,B-PERS:NOMEN,PROPN,equite,5,flat
690,Feroniae,Luco,descriptum,Fer,iae,B-PERS:COG,PROPN,Luco,7,flat:name
690,descriptum,Feroniae,et,des,tum,O,VERB,descriptum,9,ROOT
690,et,descriptum,recognitum,et,et,O,CCONJ,recognitum,11,cc
690,recognitum,et,ex,rec,tum,O,VERB,descriptum,9,conj
690,ex,recognitum,tabula,ex,ex,O,ADP,tabula,13,case
690,tabula,ex,aenea,tab,ula,O,NOUN,descriptum,9,obl
690,aenea,tabula,quae,aen,nea,O,ADJ,tabula,13,amod
690,quae,aenea,fixa,qua,uae,O,PRON,fixa,16,nsubj:pass
690,fixa,quae,est,fix,ixa,O,VERB,tabula,13,acl:relcl
690,est,fixa,Romae,est,est,O,AUX,fixa,16,aux:pass
690,Romae,est,in,Rom,mae,B-LOC,PROPN,fixa,16,obl
690,in,Romae,Capitolio,in,in,O,ADP,podio,24,case
690,Capitolio,in,ad,Cap,lio,B-LOC,PROPN,fixa,16,obl
690,ad,Capitolio,aram,ad,ad,O,ADP,aram,22,case
690,aram,ad,in,ara,ram,O,NOUN,descriptum,9,obl
690,in,aram,podio,in,in,O,ADP,podio,24,case
690,podio,in,dexteriore,pod,dio,O,NOUN,descriptum,9,obl
690,dexteriore,podio,<END>,dex,ore,O,ADJ,podio,24,amod
56,Imperator,<START>,Caesar,Imp,tor,B-PERS:TITLE,NOUN,restituit,22,nsubj
56,Caesar,Imperator,Marcus,Cae,sar,B-PERS:TITLE,PROPN,Imperator,1,flat
56,Marcus,Caesar,Cassianius,Mar,cus,B-PERS:PRAE,PROPN,Caesar,2,conj
56,Cassianius,Marcus,Latinius,Cas,ius,I-PERS,PROPN,Marcus,3,flat:name
56,Latinius,Cassianius,Postumus,Lat,ius,B-PERS:COG,DET,Marcus,3,conj
56,Postumus,Latinius,Pius,Pos,mus,B-PERS:AG,PROPN,Marcus,3,conj
56,Pius,Postumus,Felix,Piu,ius,B-PERS:AG,ADJ,Marcus,3,conj
56,Felix,Pius,Invictus,Fel,lix,B-PERS:AG,PROPN,Marcus,3,conj
56,Invictus,Felix,Augustus,Inv,tus,B-PERS:AG,ADJ,Marcus,3,conj
56,Augustus,Invictus,Germanicus,Aug,tus,B-PERS:TITLE,PROPN,Invictus,9,flat:name
56,Germanicus,Augustus,maximus,Ger,cus,B-PERS:AG,PROPN,Marcus,3,flat:name
56,maximus,Germanicus,pontifex,max,mus,I-PERS:AG,ADJ,potestate,16,amod
56,pontifex,maximus,maximus,pon,fex,B-TITLE,NOUN,Marcus,3,appos
56,maximus,pontifex,tribunicia,max,mus,I-TITLE,ADJ,potestate,16,amod
56,tribunicia,maximus,potestate,tri,cia,B-TITLE,ADJ,potestate,16,amod
56,potestate,tribunicia,consul,pot,ate,I-TITLE,NOUN,restituit,22,obl
56,consul,potestate,III,con,sul,B-TITLE,NOUN,restituit,22,nsubj
56,III,consul,pater,III,III,O,NUM,consul,17,dep
56,pater,III,patriae,pat,ter,B-TITLE,NOUN,restituit,22,nsubj
56,patriae,pater,proconsul,pat,iae,I-TITLE,ADJ,pater,19,nmod
56,proconsul,patriae,restituit,pro,sul,O,NOUN,restituit,22,obj
56,restituit,proconsul,<END>,res,uit,O,VERB,restituit,22,ROOT
479,Dis,<START>,Manibus,Dis,Dis,O,NOUN,Manibus,2,case
479,Manibus,Dis,Valerio,Man,bus,O,PROPN,fecit,6,obl
479,Valerio,Manibus,Salutari,Val,rio,B-PERS:NOMEN,PROPN,Manibus,2,nmod
479,Salutari,Valerio,fratri,Sal,ari,B-PERS:COG,PROPN,Valerio,3,flat:name
479,fratri,Salutari,fecit,fra,tri,O,NOUN,Valerio,3,appos
479,fecit,fratri,Valeria,fec,cit,O,VERB,fecit,6,ROOT
479,Valeria,fecit,Prima,Val,ria,B-PERS:NOMEN,PROPN,fecit,6,nsubj
479,Prima,Valeria,soror,Pri,ima,B-PERS:COG,ADJ,Valeria,7,amod
479,soror,Prima,qui,sor,ror,O,NOUN,Valeria,7,appos
479,qui,soror,vixit,qui,qui,O,PUNCT,vixit,11,nsubj
479,vixit,qui,annos,vix,xit,O,VERB,soror,9,acl:relcl
479,annos,vixit,LXX,ann,nos,O,NOUN,vixit,11,obj
479,LXX,annos,<END>,LXX,LXX,O,NUM,annos,12,nummod
421,Memoriae,<START>,Luci,Mem,iae,O,NOUN,vixit,6,obl
421,Luci,Memoriae,Pompei,Luc,uci,B-PERS:PRAE,PROPN,Memoriae,1,nmod
421,Pompei,Luci,Motili,Pom,pei,B-PERS:NOMEN,PROPN,Luci,2,flat:name
421,Motili,Pompei,Alexandri,Mot,ili,B-PERS:COG,NOUN,Luci,2,flat:name
421,Alexandri,Motili,vixit,Ale,dri,B-PERS:COG,PROPN,Luci,2,flat:name
421,vixit,Alexandri,annos,vix,xit,O,VERB,fecerunt,20,advcl
421,annos,vixit,I,ann,nos,O,NOUN,vixit,6,obj
421,I,annos,menses,I,I,O,NUM,annos,7,nummod
421,menses,I,XI,men,ses,O,NOUN,vixit,6,obl
421,XI,menses,dies,XI,XI,O,NUM,menses,9,amod
421,dies,XI,X,die,ies,O,X,vixit,6,appos
421,X,dies,Lucius,X,X,O,NUM,dies,11,nummod
421,Lucius,X,Pompeius,Luc,ius,B-PERS:PRAE,PROPN,fecerunt,20,nsubj
421,Pompeius,Lucius,Ascanius,Pom,ius,B-PERS:NOMEN,PROPN,Lucius,13,flat:name
421,Ascanius,Pompeius,et,Asc,ius,B-PERS:COG,PROPN,Lucius,13,flat:name
421,et,Ascanius,Motilia,et,et,O,CCONJ,Motilia,17,cc
421,Motilia,et,Alexandria,Mot,lia,B-PERS:NOMEN,PROPN,Lucius,13,conj
421,Alexandria,Motilia,alumno,Ale,ria,B-PERS:COG,PROPN,fecerunt,20,obl:arg
421,alumno,Alexandria,fecerunt,alu,mno,O,NOUN,fecerunt,20,obl
421,fecerunt,alumno,<END>,fec,unt,O,VERB,fecerunt,20,ROOT
756,Sextus,<START>,Avonius,Sex,tus,B-PERS:PRAE,PROPN,fecit,4,xcomp
756,Avonius,Sextus,Cemus,Avo,ius,B-PERS:NOMEN,PROPN,Sextus,1,amod
756,Cemus,Avonius,fecit,Cem,mus,B-PERS:COG,VERB,fecit,4,obj
756,fecit,Cemus,sibi,fec,cit,O,VERB,fecit,4,ROOT
756,sibi,fecit,et,sib,ibi,O,PRON,fecit,4,obl:arg
756,et,sibi,Avoniae,et,et,O,CCONJ,Avoniae,7,cc
756,Avoniae,et,Trofime,Avo,iae,B-PERS:NOMEN,PROPN,sibi,5,conj
756,Trofime,Avoniae,Lucius,Tro,ime,B-PERS:COG,PROPN,Avoniae,7,flat
756,Lucius,Trofime,Cabus,Luc,ius,B-PERS:PRAE,PROPN,fecit,4,nsubj
756,Cabus,Lucius,CA,Cab,bus,B-PERS:NOMEN,NOUN,Lucius,9,flat:name
756,CA,Cabus,Pa,CA,CA,O,PUNCT,Lucius,9,conj
756,Pa,CA,<END>,Pa,Pa,O,NOUN,CA,11,conj
